Rank,Player,Age,Team,Pos,G,GS,MP,PER,TS%,3PAr,FTr,ORB%,DRB%,TRB%,AST%,STL%,BLK%,TOV%,USG%,OWS,DWS,WS,WS/48,OBPM,DBPM,BPM,VORP,Awards,Player-additional
1,CJ McCollum,28,POR,SG,70,70,2556,17.0,.541,.378,.136,1.9,10.2,6.1,19.1,1.0,1.4,8.1,25.9,3.5,0.6,4.1,.077,2.3,-1.8,0.5,1.6,,mccolcj01
2,Devin Booker,23,PHO,SG,70,70,2512,20.6,.618,.310,.397,1.3,12.0,6.6,30.0,0.9,0.6,14.9,30.0,6.0,1.5,7.5,.143,3.4,-1.3,2.2,2.6,AS,bookede01
3,James Harden,30,HOU,SG,68,68,2483,29.1,.626,.557,.528,2.9,16.0,9.4,35.9,2.3,2.1,14.2,36.3,9.9,3.2,13.1,.254,8.1,1.6,9.6,7.3,MVP-3ASNBA1,hardeja01
4,Harrison Barnes,27,SAC,PF,72,72,2482,13.3,.574,.338,.337,3.4,12.9,8.1,9.2,0.8,0.5,8.8,17.4,3.4,1.1,4.6,.088,0.0,-1.3,-1.3,0.5,,barneha02
5,Damian Lillard,29,POR,PG,66,66,2474,26.9,.627,.500,.384,1.4,10.5,6.0,34.4,1.3,0.8,11.0,30.3,10.9,0.7,11.6,.225,8.3,-0.9,7.5,5.9,MVP-8ASNBA2,lillada01
6,Tobias Harris,27,PHI,PF,72,72,2469,17.2,.556,.304,.184,3.1,19.1,11.1,14.6,1.0,1.4,7.6,23.9,3.5,2.7,6.2,.121,1.3,-0.5,0.8,1.8,,harrito02
7,P.J. Tucker,34,HOU,PF,72,72,2467,8.3,.559,.702,.113,4.7,15.6,10.1,6.0,1.4,1.2,13.9,8.7,1.6,2.4,4.0,.078,-2.4,0.6,-1.9,0.1,,tuckepj01
8,Shai Gilgeous-Alexander,21,OKC,SG,70,70,2428,17.7,.568,.247,.352,2.2,16.1,9.4,15.2,1.6,1.7,10.3,23.7,3.1,3.0,6.1,.121,1.3,0.4,1.7,2.2,,gilgesh01
9,Bam Adebayo,22,MIA,PF,72,72,2417,20.3,.598,.018,.484,8.5,24.9,17.0,24.2,1.7,3.8,17.6,21.2,4.6,3.9,8.5,.168,1.4,2.0,3.4,3.3,DPOY-5ASDEF2,adebaba01
10,Donovan Mitchell,23,UTA,SG,69,69,2364,18.8,.558,.352,.240,2.6,11.3,7.1,21.6,1.4,0.5,11.0,30.8,3.2,2.2,5.4,.110,2.4,-0.6,1.9,2.3,AS,mitchdo01
11,Nikola Jokić,24,DEN,C,73,73,2336,24.9,.605,.238,.281,8.0,26.1,17.1,35.2,1.8,1.7,15.8,26.6,6.7,3.1,9.8,.202,5.5,2.0,7.4,5.5,MVP-9ASNBA2,jokicni01
12,Rudy Gobert,27,UTA,C,68,68,2333,21.7,.699,.000,.724,11.2,31.3,21.6,6.5,1.1,4.8,15.0,16.2,6.5,4.2,10.7,.221,1.7,1.9,3.6,3.3,DPOY-3ASNBA3DEF1,goberru01
13,DeMar DeRozan,30,SAS,SF,68,68,2316,21.6,.603,.033,.430,2.0,15.4,8.7,26.1,1.4,0.8,11.6,26.3,5.9,1.3,7.3,.151,2.3,-0.4,1.9,2.3,,derozde01
14,LeBron James,35,LAL,PG,67,67,2316,25.5,.577,.326,.292,3.2,21.5,12.4,49.1,1.6,1.4,15.1,31.5,6.2,3.6,9.8,.204,6.6,1.8,8.4,6.1,MVP-2ASNBA1,jamesle01
15,Jayson Tatum,21,BOS,PF,66,66,2265,20.4,.567,.383,.255,3.1,18.5,10.9,14.5,2.0,2.3,10.2,28.6,3.2,3.7,6.9,.146,3.5,0.6,4.0,3.4,MVP-12ASNBA3,tatumja01
16,Buddy Hield,27,SAC,SG,72,44,2216,16.0,.566,.592,.117,2.8,14.1,8.3,15.5,1.4,0.7,12.1,27.2,1.4,1.5,3.0,.064,2.5,-1.4,1.1,1.7,,hieldbu01
17,Devonte' Graham,24,CHO,PG,63,53,2211,15.8,.537,.607,.242,2.0,8.7,5.2,35.3,1.4,0.6,14.5,24.8,2.4,0.9,3.4,.073,2.5,-2.1,0.5,1.4,,grahade01
18,Chris Paul,34,OKC,PG,70,70,2208,21.7,.610,.343,.315,1.3,15.7,8.7,34.0,2.4,0.4,13.8,23.3,5.9,3.0,8.9,.193,3.0,1.4,4.4,3.5,MVP-7ASNBA2,paulch01
19,T.J. Warren,26,IND,SF,67,67,2202,18.4,.610,.227,.205,3.4,10.5,7.0,7.1,1.7,1.4,7.2,23.3,4.0,2.6,6.5,.143,1.2,0.0,1.1,1.7,,warretj01
20,Duncan Robinson,25,MIA,SG,73,68,2166,13.1,.684,.882,.105,0.5,11.0,6.0,7.1,0.8,0.9,8.9,16.0,3.7,1.6,5.3,.118,1.5,-1.0,0.5,1.3,,robindu01
21,Terry Rozier,25,CHO,PG,63,63,2164,14.8,.553,.450,.202,2.4,11.8,7.0,20.4,1.4,0.4,12.1,23.7,1.9,1.1,3.0,.066,0.8,-1.2,-0.4,0.8,,roziete01
22,Domantas Sabonis,23,IND,PF,62,62,2159,20.7,.586,.079,.349,9.7,29.3,19.6,21.7,1.1,1.2,14.8,23.3,4.1,3.4,7.5,.168,2.0,1.2,3.2,2.9,AS,sabondo01
23,Collin Sexton,21,CLE,PG,65,65,2143,16.3,.560,.235,.246,3.1,7.5,5.3,15.1,1.5,0.3,11.6,27.2,2.1,0.4,2.5,.057,0.3,-2.1,-1.8,0.1,,sextoco01
24,Joe Ingles,32,UTA,PF,72,45,2137,12.6,.595,.638,.170,1.4,12.5,7.2,24.4,1.5,0.4,19.3,15.1,2.7,2.1,4.8,.108,0.1,0.7,0.7,1.5,,inglejo01
25,Robert Covington,29,2TM,C,70,68,2137,13.3,.559,.664,.172,3.0,20.2,11.4,5.9,2.5,3.7,11.7,17.0,0.7,3.0,3.7,.083,-1.2,1.3,0.0,1.1,,covinro01
26,Anthony Davis,26,LAL,PF,62,62,2131,27.4,.610,.199,.479,7.4,22.1,14.8,15.1,2.0,6.0,10.4,29.3,6.7,4.4,11.1,.250,5.4,2.6,8.0,5.4,MVP-6DPOY-2ASNBA1DEF1,davisan02
27,Joe Harris,28,BRK,SF,69,69,2123,13.3,.606,.518,.114,3.2,11.2,7.3,10.4,0.9,0.7,11.2,18.3,2.5,1.8,4.3,.097,0.4,-0.6,-0.2,1.0,,harrijo01
28,Dorian Finney-Smith,26,DAL,PF,71,68,2120,12.3,.595,.580,.207,7.3,12.7,10.0,7.2,1.0,1.6,10.8,12.9,3.3,1.5,4.9,.110,0.1,-0.3,-0.2,0.9,,finnedo01
29,Trae Young,21,ATL,PG,60,60,2120,23.9,.595,.455,.448,1.6,11.5,6.5,45.6,1.4,0.3,16.2,34.9,5.3,0.6,5.9,.133,6.2,-2.3,3.9,3.1,AS,youngtr01
30,Jrue Holiday,29,NOP,SG,61,61,2117,17.0,.537,.344,.181,3.8,10.9,7.3,29.1,2.2,1.9,14.5,24.5,2.0,1.9,3.9,.088,1.6,0.2,1.8,2.0,,holidjr01
31,Dillon Brooks,24,MEM,SG,73,73,2112,11.3,.510,.385,.190,3.5,8.6,6.1,10.5,1.4,1.1,9.7,25.2,-0.4,1.6,1.2,.027,-2.7,-1.4,-4.1,-1.1,,brookdi01
32,Pascal Siakam,25,TOR,PF,60,60,2110,17.9,.554,.331,.274,3.3,18.3,11.0,16.4,1.4,2.5,10.7,28.1,1.8,3.6,5.4,.123,1.3,0.5,1.8,2.0,MVP-10ASNBA2,siakapa01
33,Brandon Ingram,22,NOP,PF,62,62,2104,18.8,.587,.350,.336,2.6,16.6,9.6,19.3,1.3,1.5,13.1,28.1,3.3,1.8,5.1,.115,2.5,-0.4,2.1,2.2,MIP-1AS,ingrabr01
34,Kyle Lowry,33,TOR,PG,58,58,2098,17.7,.590,.580,.427,1.6,12.8,7.3,30.6,1.9,1.2,15.7,23.1,4.2,3.3,7.5,.171,2.2,1.0,3.2,2.8,AS,lowryky01
35,Tim Hardaway Jr.,27,DAL,SG,71,58,2091,14.5,.581,.580,.206,1.3,10.2,5.8,9.7,0.9,0.2,6.7,21.1,3.4,1.1,4.4,.102,1.2,-1.4,-0.1,1.0,,hardati02
36,Zach LaVine,24,CHI,SF,60,60,2085,19.4,.568,.404,.279,2.1,13.8,7.7,21.7,2.0,1.3,13.3,31.7,1.8,2.2,4.0,.091,3.3,-0.8,2.5,2.4,,lavinza01
37,Bojan Bogdanović,30,UTA,SF,63,63,2083,15.6,.603,.489,.296,2.1,11.2,6.8,10.0,0.8,0.3,13.1,25.5,2.6,1.6,4.2,.096,1.6,-1.5,0.1,1.1,,bogdabo02
38,Julius Randle,25,NYK,PF,64,64,2080,17.5,.538,.230,.350,7.5,24.9,16.0,15.8,1.2,1.0,14.3,27.6,0.9,1.8,2.7,.062,0.7,-1.0,-0.3,0.9,,randlju01
39,Evan Fournier,27,ORL,SF,66,66,2076,16.4,.595,.467,.237,0.9,8.2,4.4,16.6,1.7,0.7,10.9,23.9,2.9,1.7,4.6,.106,1.4,-0.4,1.0,1.6,,fournev01
40,Ja Morant,20,MEM,PG,67,67,2074,17.4,.556,.191,.329,2.6,10.4,6.6,35.2,1.3,0.8,17.0,25.9,2.3,1.5,3.8,.088,1.4,-1.2,0.3,1.2,ROY-1,moranja01
41,OG Anunoby,22,TOR,SF,69,68,2066,13.2,.600,.403,.180,4.2,14.2,9.3,7.5,2.2,2.1,11.5,14.3,2.1,3.7,5.7,.134,-0.8,2.0,1.2,1.7,,anunoog01
42,Bradley Beal,26,WAS,SG,57,57,2053,23.2,.579,.369,.351,2.7,10.5,6.4,29.5,1.6,1.0,11.4,34.4,4.5,0.6,5.1,.118,5.3,-2.4,2.9,2.5,,bealbr01
43,Royce O'Neale,26,UTA,SF,71,62,2049,9.5,.578,.668,.151,1.5,18.8,10.4,11.6,1.4,1.3,13.5,9.6,1.8,2.5,4.3,.101,-1.3,2.2,0.9,1.5,,onealro01
44,Russell Westbrook,31,HOU,PG,57,57,2049,21.0,.536,.166,.297,5.1,18.1,11.5,35.6,2.1,0.8,15.0,34.4,1.7,2.5,4.2,.098,1.6,-0.1,1.5,1.8,ASNBA3,westbru01
45,Luka Dončić,20,DAL,PG,61,61,2047,27.6,.585,.431,.448,4.1,25.0,14.7,45.7,1.5,0.6,14.8,36.8,6.5,2.3,8.8,.207,7.4,1.0,8.4,5.4,MVP-4ASNBA1,doncilu01
46,Mikal Bridges,23,PHO,SF,73,32,2042,12.9,.620,.401,.252,3.5,12.4,7.9,8.6,2.4,2.0,12.0,12.7,2.5,2.3,4.8,.113,-0.6,1.5,0.8,1.5,,bridgmi01
47,Al Horford,33,PHI,C,67,61,2025,15.7,.536,.399,.113,5.6,19.3,12.4,19.2,1.2,2.6,9.7,17.5,2.8,2.6,5.4,.128,1.3,1.0,2.2,2.2,,horfoal01
48,Lonzo Ball,22,NOP,PG,63,54,2025,13.1,.517,.575,.111,3.7,16.4,10.0,29.1,2.0,1.6,21.1,18.5,0.4,2.0,2.4,.058,0.1,0.6,0.6,1.3,,balllo01
49,De'Andre Hunter,22,ATL,SF,63,62,2018,8.6,.521,.445,.211,2.3,13.1,7.6,8.0,1.0,0.7,12.1,17.5,-0.4,0.5,0.1,.002,-2.9,-1.8,-4.7,-1.4,,huntede01
50,Aaron Gordon,24,ORL,PF,62,62,2017,15.1,.516,.309,.292,5.5,20.3,12.7,17.4,1.2,1.7,10.4,20.7,1.4,2.3,3.7,.087,-0.1,0.1,0.0,1.0,,gordoaa01
51,Ben Simmons,23,PHI,PG,57,57,2017,20.4,.602,.011,.461,6.2,18.2,12.2,33.8,2.9,1.4,20.4,20.9,3.8,3.1,6.9,.165,1.3,2.3,3.6,2.8,DPOY-4ASNBA3DEF1,simmobe01
52,Ricky Rubio,29,PHO,PG,65,65,2016,16.5,.535,.312,.327,2.5,14.4,8.4,39.7,2.2,0.5,17.9,20.4,2.9,2.0,4.9,.117,0.7,0.2,1.0,1.5,,rubiori01
53,Nemanja Bjelica,31,SAC,PF,72,67,2011,15.7,.602,.490,.129,6.1,19.9,12.8,14.7,1.5,1.9,12.5,17.0,3.4,1.9,5.3,.127,1.2,0.5,1.8,1.9,,bjeline01
54,Hassan Whiteside,30,POR,C,67,61,2008,25.0,.644,.010,.340,13.6,33.3,23.6,5.9,0.6,8.4,12.9,19.6,5.6,3.0,8.5,.204,2.5,0.7,3.2,2.6,DPOY-11,whiteha01
55,Dennis Schröder,26,OKC,PG,65,2,1999,16.7,.575,.337,.245,1.1,11.6,6.5,21.9,1.1,0.6,13.4,27.2,1.9,1.8,3.6,.087,1.1,-1.1,-0.1,1.0,6MOY-2,schrode01
56,Nikola Vučević,29,ORL,C,62,62,1998,21.9,.549,.280,.162,7.3,29.7,18.1,19.5,1.3,2.1,7.4,25.8,3.5,2.9,6.4,.153,3.7,0.5,4.2,3.1,,vucevni01
57,Markelle Fultz,21,ORL,PG,72,60,1996,14.3,.517,.175,.206,2.1,11.0,6.4,29.0,2.2,0.5,14.9,21.4,0.6,2.0,2.7,.065,-1.8,0.0,-1.8,0.1,,fultzma01
58,Miles Bridges,21,CHO,SF,65,64,1995,12.1,.520,.398,.174,4.6,15.6,9.9,9.4,1.0,2.2,10.5,20.0,0.3,1.3,1.6,.039,-1.5,-1.0,-2.5,-0.3,,bridgmi02
59,Spencer Dinwiddie,26,BRK,PG,64,49,1994,17.8,.541,.392,.437,1.7,9.6,5.7,35.0,0.9,0.9,12.5,29.2,3.2,1.6,4.8,.116,2.7,-0.9,1.8,1.9,,dinwisp01
60,Kendrick Nunn,24,MIA,PG,67,67,1962,12.9,.534,.428,.109,1.2,8.7,5.1,18.5,1.4,0.8,10.6,24.1,0.4,1.6,2.0,.049,-1.0,-1.3,-2.3,-0.1,ROY-2,nunnke01
61,Jimmy Butler,30,MIA,SF,58,58,1959,23.6,.585,.157,.693,6.3,15.4,11.0,28.1,2.6,1.6,11.4,25.1,6.3,2.7,9.0,.221,4.0,1.5,5.4,3.7,MVP-11ASNBA3,butleji01
62,Marcus Morris,30,2TM,PF,62,62,1936,14.3,.570,.430,.272,3.2,14.0,8.5,6.8,1.2,1.4,9.7,21.9,2.1,1.5,3.6,.088,0.6,-0.7,-0.1,0.9,,morrima03
63,Jaylen Brown,23,BOS,SG,57,57,1934,16.9,.583,.381,.274,3.5,16.5,10.1,9.7,1.6,1.0,11.2,24.7,2.3,2.6,4.9,.123,1.0,-0.2,0.8,1.4,,brownja02
64,Kelly Oubre Jr.,24,PHO,SF,56,55,1933,14.9,.560,.372,.298,3.8,17.1,10.4,6.6,1.7,1.8,8.2,22.4,1.7,2.1,3.8,.093,-0.3,-0.3,-0.5,0.7,,oubreke01
65,Fred VanVleet,25,TOR,SG,54,54,1928,16.3,.553,.484,.256,1.0,9.9,5.6,27.7,2.5,0.9,12.3,21.7,2.8,3.1,5.8,.145,1.3,1.4,2.7,2.3,,vanvlfr01
66,Marcus Smart,25,BOS,SG,60,40,1919,13.8,.518,.579,.223,2.4,10.1,6.3,21.1,2.5,1.4,12.1,18.9,1.7,2.8,4.5,.112,0.0,1.4,1.4,1.6,DPOY-6DEF1,smartma01
67,Giannis Antetokounmpo,25,MIL,PF,63,63,1917,31.9,.613,.237,.508,7.7,34.8,22.1,34.2,1.5,3.0,13.2,37.5,6.1,5.0,11.1,.279,7.4,4.1,11.5,6.6,MVP-1DPOY-1ASNBA1DEF1,antetgi01
68,Will Barton,29,DEN,SF,58,58,1916,15.6,.549,.390,.180,4.5,16.9,10.7,16.0,1.6,1.4,9.9,20.1,2.4,1.8,4.2,.106,1.2,-0.2,1.1,1.5,,bartowi01
69,Danuel House Jr.,26,HOU,SF,63,52,1913,11.3,.572,.659,.167,3.1,11.6,7.3,6.1,1.6,1.5,8.5,13.7,1.9,1.8,3.6,.091,-0.8,0.0,-0.7,0.6,,houseda01
70,Cedi Osman,24,CLE,SF,65,65,1910,10.7,.552,.527,.154,2.2,11.3,6.7,11.6,1.4,0.7,12.3,16.6,1.0,0.6,1.6,.040,-1.7,-0.9,-2.6,-0.3,,osmande01
71,Jamal Murray,22,DEN,PG,59,59,1904,17.7,.559,.362,.207,2.7,11.2,6.9,22.9,1.7,0.8,11.5,25.2,2.8,1.5,4.3,.107,2.0,-0.8,1.2,1.5,,murraja01
72,Carmelo Anthony,35,POR,PF,58,58,1902,12.4,.525,.289,.206,3.9,16.1,10.1,6.4,1.2,1.2,10.5,21.2,0.4,0.9,1.3,.033,-1.8,-1.8,-3.6,-0.8,,anthoca01
73,Jerami Grant,25,DEN,PF,71,24,1892,14.4,.591,.397,.309,3.4,11.2,7.3,6.6,1.3,2.8,8.0,18.0,2.8,1.6,4.4,.111,0.1,-0.6,-0.5,0.7,,grantje01
74,Maxi Kleber,28,DAL,PF,74,21,1890,13.6,.605,.621,.181,6.3,15.1,10.8,6.3,0.6,3.8,9.5,13.9,3.2,1.7,4.8,.123,0.4,0.0,0.4,1.1,,klebima01
75,Terrence Ross,28,ORL,SG,69,0,1889,14.0,.548,.596,.217,0.7,12.3,6.3,6.8,2.0,1.1,7.0,22.8,1.1,2.0,3.0,.077,-0.1,-0.3,-0.4,0.8,,rosste01
76,Andre Drummond,26,2TM,C,57,56,1879,22.0,.553,.045,.375,14.9,37.5,26.0,13.6,2.8,4.2,18.2,25.9,0.6,3.6,4.2,.108,-0.1,1.1,0.9,1.4,DPOY-8,drumman01
77,Tomáš Satoranský,28,CHI,SG,65,64,1878,13.5,.533,.361,.220,4.3,11.0,7.5,27.1,2.1,0.4,17.7,16.7,1.8,1.7,3.5,.090,-1.1,-0.2,-1.2,0.4,,satorto01
78,Jae Crowder,29,2TM,SF,65,53,1875,12.5,.553,.700,.222,3.0,18.5,11.0,11.5,1.8,1.2,10.0,15.5,1.6,2.2,3.8,.098,-0.5,0.4,-0.1,0.9,,crowdja01
79,Lou Williams,33,LAC,PG,65,8,1864,17.3,.546,.337,.362,1.8,9.2,5.6,30.1,1.1,0.6,14.4,28.4,2.3,1.8,4.1,.105,2.2,-1.4,0.7,1.3,6MOY-3,willilo02
80,Andrew Wiggins,24,2TM,SF,54,54,1858,16.4,.536,.342,.274,3.6,12.3,7.8,18.1,1.1,2.4,10.7,27.4,0.8,1.1,1.9,.050,1.1,-1.4,-0.3,0.8,,wiggian01
81,Taurean Prince,25,BRK,PF,64,61,1857,9.1,.497,.583,.120,2.8,18.1,10.6,9.2,1.5,1.1,14.0,20.4,-1.7,2.3,0.6,.014,-2.8,-0.1,-2.9,-0.4,,princta02
82,Khris Middleton,28,MIL,SF,62,59,1853,21.1,.619,.374,.240,2.5,17.0,10.2,22.2,1.3,0.3,11.6,26.4,4.6,3.3,7.9,.205,3.4,0.7,4.1,2.9,AS,middlkh01
83,Jarrett Allen,21,BRK,C,70,64,1852,20.7,.664,.013,.581,12.3,24.9,18.7,8.9,1.0,4.2,11.7,14.9,5.2,2.9,8.2,.212,1.4,1.0,2.3,2.0,DPOY-12,allenja01
84,Kawhi Leonard,28,LAC,SF,57,57,1848,26.9,.589,.287,.355,3.1,19.1,11.3,26.4,2.6,1.6,10.2,33.0,5.4,3.3,8.7,.226,6.5,2.4,8.9,5.1,MVP-5DPOY-8ASNBA2DEF2,leonaka01
85,Jonas Valančiūnas,27,MEM,C,70,70,1845,22.2,.631,.123,.271,12.4,32.2,22.5,10.9,0.8,3.6,13.3,21.5,4.2,2.8,7.0,.182,2.1,0.2,2.4,2.0,,valanjo01
86,Danilo Gallinari,31,OKC,PF,62,62,1834,19.5,.612,.537,.365,2.1,16.8,9.7,10.3,1.1,0.2,7.4,24.6,4.5,1.9,6.3,.166,4.1,-0.9,3.3,2.4,,gallida01
87,Justin Holiday,30,IND,SF,73,6,1826,12.1,.585,.681,.138,1.9,12.2,7.1,6.7,2.3,2.2,7.9,13.4,1.6,2.6,4.2,.112,-0.5,1.8,1.3,1.5,,holidju01
88,Myles Turner,23,IND,C,62,62,1826,14.8,.566,.426,.288,5.2,19.1,12.2,5.4,1.2,6.4,11.4,17.9,1.1,3.1,4.2,.111,-1.0,1.1,0.1,1.0,,turnemy01
89,Darius Garland,20,CLE,SG,59,59,1824,8.5,.498,.423,.103,1.6,5.2,3.4,18.5,1.1,0.2,17.1,20.7,-1.3,0.0,-1.3,-0.034,-2.7,-2.8,-5.5,-1.7,,garlada01
90,Brook Lopez,31,MIL,C,68,67,1817,15.0,.551,.484,.227,3.4,13.0,8.5,7.4,1.2,7.9,8.7,18.3,1.4,4.1,5.5,.145,-0.4,2.5,2.0,1.9,DPOY-10DEF2,lopezbr01
91,Kristaps Porziņģis,24,DAL,C,57,57,1814,20.2,.551,.432,.304,5.9,25.1,15.6,8.8,1.1,5.4,8.0,27.0,2.6,2.6,5.2,.138,1.8,0.1,1.9,1.8,,porzikr01
92,Ish Smith,31,WAS,PG,68,23,1787,13.9,.509,.245,.125,1.8,12.0,6.7,27.1,1.5,1.5,11.6,19.1,1.3,0.6,1.9,.051,-0.3,-1.0,-1.3,0.3,,smithis01
93,Glenn Robinson III,26,2TM,SF,62,52,1786,13.3,.577,.333,.145,4.8,11.9,8.2,8.4,1.4,0.8,8.0,16.4,2.0,0.9,2.9,.078,-0.5,-1.2,-1.7,0.1,,robingl02
94,Troy Brown Jr.,20,WAS,SF,69,22,1782,13.7,.524,.288,.223,4.5,19.6,11.7,14.1,2.2,0.3,10.4,17.8,1.3,1.2,2.4,.065,-0.8,-0.4,-1.2,0.3,,browntr01
95,Gary Harris,25,DEN,SG,56,55,1780,9.7,.519,.405,.177,1.6,8.6,5.1,8.9,2.1,0.7,9.7,15.1,0.5,1.4,1.9,.052,-2.8,0.3,-2.5,-0.2,,harriga01
96,Kevin Love,31,CLE,PF,56,56,1780,17.9,.599,.536,.301,3.3,31.1,17.1,15.4,0.9,0.9,14.5,23.1,2.5,1.3,3.8,.101,2.6,-0.5,2.0,1.8,,loveke01
97,Bogdan Bogdanović,27,SAC,SG,61,28,1766,15.2,.565,.576,.151,1.6,11.8,6.6,18.0,1.8,0.8,11.1,22.6,1.8,1.3,3.1,.084,1.2,-0.5,0.6,1.2,,bogdabo01
98,Kentavious Caldwell-Pope,26,LAL,SG,69,26,1762,11.0,.584,.471,.201,2.4,6.4,4.4,8.5,1.5,0.7,10.1,14.7,1.9,1.9,3.7,.102,-1.2,0.4,-0.8,0.5,,caldwke01
99,Kevin Huerter,21,ATL,SG,56,48,1760,11.5,.536,.548,.105,2.1,12.0,7.0,17.5,1.4,1.3,12.0,17.1,1.0,0.6,1.6,.043,-0.7,-0.9,-1.6,0.2,,huertke01
100,Cory Joseph,28,SAC,PG,72,26,1759,10.1,.517,.386,.170,2.7,9.4,6.0,19.1,1.5,1.1,15.3,12.9,1.2,1.1,2.3,.062,-2.1,0.1,-2.0,0.0,,josepco01
101,P.J. Washington,21,CHO,PF,58,57,1759,12.4,.547,.390,.231,3.5,16.6,9.8,11.3,1.5,2.3,12.5,18.6,0.5,1.5,2.0,.054,-1.7,0.1,-1.6,0.2,,washipj01
102,Josh Hart,24,NOP,SF,65,16,1755,11.9,.563,.665,.216,3.7,22.1,12.8,8.2,1.7,1.1,11.4,15.3,1.3,1.8,3.1,.085,-1.1,0.4,-0.7,0.6,,hartjo01
103,LaMarcus Aldridge,34,SAS,C,53,53,1754,19.7,.571,.198,.241,6.3,17.8,12.0,11.4,1.0,4.4,7.8,23.4,3.0,1.4,4.5,.122,1.8,-0.5,1.4,1.5,,aldrila01
104,Alec Burks,28,2TM,SF,66,19,1754,16.7,.561,.392,.345,2.9,14.9,8.7,17.2,1.7,0.9,9.3,23.8,2.5,1.2,3.7,.101,1.2,-0.7,0.5,1.1,,burksal01
105,Montrezl Harrell,26,LAC,C,63,2,1749,23.2,.607,.022,.432,9.9,16.3,13.2,10.3,1.1,3.6,10.1,25.7,4.4,2.5,7.0,.191,2.5,0.5,2.9,2.2,6MOY-1,harremo01
106,Kemba Walker,29,BOS,PG,56,56,1742,20.0,.575,.532,.272,2.2,11.0,6.7,24.2,1.3,1.5,10.5,27.2,3.9,2.0,5.9,.162,4.9,-0.3,4.6,2.9,AS,walkeke02
107,Gordon Hayward,29,BOS,SF,52,52,1740,18.1,.595,.317,.207,3.4,17.8,10.7,18.7,1.1,1.2,11.2,21.1,3.5,2.2,5.7,.158,2.6,0.1,2.7,2.0,,haywago01
108,Garrett Temple,33,BRK,SG,62,35,1730,10.5,.513,.658,.148,1.8,11.1,6.5,12.8,1.3,1.4,9.0,16.6,0.7,1.7,2.4,.066,-1.4,0.3,-1.1,0.4,,templga01
109,Tristan Thompson,28,CLE,C,57,51,1721,16.8,.540,.041,.286,14.5,22.9,18.6,10.5,0.9,2.5,14.0,18.3,2.0,1.1,3.1,.085,-0.2,-1.3,-1.5,0.2,,thomptr01
110,Jordan Clarkson,27,2TM,SG,71,2,1705,17.3,.574,.476,.190,3.3,8.7,6.1,13.2,1.3,0.8,9.4,26.3,2.4,1.0,3.4,.096,2.4,-1.3,1.1,1.3,,clarkjo01
111,RJ Barrett,19,NYK,SG,56,55,1704,10.7,.479,.271,.349,3.0,14.8,8.7,12.8,1.6,0.9,12.9,24.0,-1.6,1.1,-0.5,-0.015,-2.9,-1.5,-4.3,-1.0,ROY-8,barrerj01
112,Langston Galloway,28,DET,SG,66,6,1702,12.3,.584,.611,.157,2.2,7.8,5.0,8.8,1.4,0.5,6.5,15.9,2.4,0.7,3.1,.087,0.0,-0.9,-0.8,0.5,,gallola01
113,Josh Richardson,26,PHI,SG,55,53,1693,12.0,.533,.385,.218,2.7,8.7,5.7,13.9,1.5,1.8,12.8,20.6,0.5,1.7,2.1,.061,-1.4,-0.4,-1.8,0.1,,richajo01
114,Kent Bazemore,30,2TM,SF,68,21,1688,9.3,.499,.457,.275,1.7,17.1,9.4,7.4,2.1,2.1,13.2,17.5,-0.9,1.5,0.6,.017,-3.4,0.3,-3.0,-0.5,,bazemke01
115,Danny Green,32,LAL,SG,68,68,1687,10.8,.552,.690,.101,3.3,11.2,7.3,7.1,2.4,1.7,11.3,13.9,0.8,2.5,3.4,.096,-1.1,1.5,0.5,1.1,,greenda02
116,Dejounte Murray,23,SAS,PG,66,58,1687,16.2,.524,.174,.179,4.4,20.1,12.2,23.1,3.1,0.9,15.4,20.8,0.7,2.0,2.6,.074,-0.9,1.3,0.4,1.0,,murrade01
117,Steven Adams,26,OKC,C,63,63,1680,20.5,.604,.006,.421,14.0,24.0,19.2,13.2,1.5,3.4,14.2,17.3,3.8,2.7,6.5,.185,1.9,1.1,2.9,2.1,,adamsst01
118,Derrick White,25,SAS,SG,68,20,1677,16.4,.593,.391,.382,2.3,12.1,7.2,20.0,1.3,3.1,12.1,18.9,3.1,1.1,4.2,.119,1.2,0.1,1.3,1.4,,whitede01
119,Coby White,19,CHI,PG,65,1,1674,11.9,.506,.475,.163,1.8,14.0,7.6,16.5,1.4,0.3,11.4,24.4,-0.5,1.4,0.9,.026,-1.3,-1.6,-2.9,-0.4,ROY-5,whiteco01
120,Malcolm Brogdon,27,IND,PG,54,54,1666,17.7,.541,.309,.250,3.1,14.1,8.6,33.8,1.0,0.5,13.7,25.2,2.3,1.7,4.0,.114,2.3,-0.5,1.8,1.6,,brogdma01
121,Goran Dragić,33,MIA,PG,59,3,1663,16.3,.573,.467,.340,2.0,10.2,6.3,29.2,1.2,0.6,14.8,25.9,2.2,1.3,3.5,.102,1.4,-1.6,-0.1,0.8,6MOY-6,dragigo01
122,Eric Paschall,23,GSW,PF,60,26,1654,14.5,.571,.202,.331,5.2,13.1,9.0,12.7,0.9,0.7,11.4,21.4,1.6,0.5,2.1,.062,-0.7,-2.0,-2.7,-0.3,ROY-6,pascher01
123,Eric Bledsoe,30,MIL,PG,61,61,1646,17.6,.571,.306,.304,2.8,13.5,8.5,28.7,1.6,1.4,15.7,23.7,2.4,3.0,5.4,.157,0.8,1.0,1.8,1.6,DEF2,bledser01
124,Tony Snell,28,DET,SF,59,57,1641,9.7,.598,.665,.084,0.6,7.1,3.8,10.9,1.0,0.8,7.3,11.4,2.1,0.5,2.6,.076,-1.2,-0.6,-1.8,0.1,,snellto01
125,Monte Morris,24,DEN,PG,73,12,1636,14.9,.545,.304,.157,1.6,7.7,4.7,22.1,1.7,1.0,8.1,17.5,2.7,1.1,3.8,.112,0.4,-0.5,-0.2,0.7,,morrimo01
126,Wesley Matthews,33,MIL,SG,67,67,1635,8.1,.547,.704,.161,1.4,8.2,5.0,7.1,1.1,0.5,8.7,12.5,0.8,2.4,3.2,.093,-2.6,0.7,-1.8,0.1,,matthwe02
127,Bruce Brown,23,DET,PG,58,43,1634,11.9,.518,.215,.266,4.2,15.0,9.5,20.4,1.9,1.5,16.7,16.0,0.7,1.4,2.1,.062,-2.0,0.8,-1.2,0.3,,brownbr01
128,De'Aaron Fox,22,SAC,PG,51,49,1634,20.6,.558,.227,.420,2.4,11.4,6.8,35.3,2.2,1.5,14.1,29.8,2.6,1.4,4.0,.118,2.3,-0.5,1.8,1.6,,foxde01
129,Dario Šarić,25,PHO,PF,66,51,1632,14.2,.592,.437,.238,6.7,21.1,13.8,10.8,1.1,0.9,12.9,17.8,2.1,1.5,3.6,.105,-0.1,-0.3,-0.4,0.7,,saricda01
130,Jaren Jackson Jr.,20,MEM,C,57,57,1622,16.3,.593,.489,.247,3.6,13.2,8.5,7.2,1.2,5.0,10.6,24.0,1.6,1.8,3.5,.103,0.3,0.1,0.4,1.0,,jacksja02
131,Ben McLemore,26,HOU,SF,71,23,1619,11.8,.622,.829,.123,1.3,8.9,5.1,5.2,1.3,0.8,8.0,16.0,2.2,1.1,3.3,.099,0.1,-0.6,-0.5,0.6,,mclembe01
132,Aaron Holiday,23,IND,PG,66,33,1617,11.6,.521,.393,.155,1.5,9.0,5.3,19.1,1.7,0.9,12.8,18.7,0.4,1.7,2.1,.063,-1.6,0.0,-1.6,0.2,,holidaa01
133,Austin Rivers,27,HOU,SG,68,4,1594,10.4,.542,.539,.222,1.8,9.8,5.8,10.0,1.4,0.5,8.3,15.6,1.2,1.2,2.4,.072,-2.1,-0.4,-2.5,-0.2,,riverau01
134,Thaddeus Young,31,CHI,PF,64,16,1591,13.3,.521,.369,.120,6.2,16.1,10.9,11.3,2.8,1.4,13.9,19.7,-0.2,2.1,1.9,.058,-1.4,0.2,-1.2,0.3,,youngth01
135,Dāvis Bertāns,27,WAS,PF,54,4,1583,15.5,.628,.774,.200,2.3,15.1,8.5,8.4,1.1,1.8,8.2,19.0,3.0,0.5,3.5,.107,2.7,-1.8,0.9,1.1,6MOY-8,bertada01
136,JJ Redick,35,NOP,SG,60,36,1581,15.4,.644,.629,.293,0.7,9.5,5.1,10.8,0.6,0.5,9.5,20.4,3.6,0.6,4.1,.125,2.3,-1.7,0.7,1.1,,redicjj01
137,Bryn Forbes,26,SAS,SG,63,62,1579,11.1,.570,.656,.155,0.8,7.8,4.3,9.5,1.0,0.0,8.4,18.5,1.3,0.3,1.5,.047,-0.6,-2.1,-2.7,-0.3,,forbebr01
138,Seth Curry,29,DAL,SG,64,25,1576,15.5,.643,.559,.169,1.8,7.8,4.8,11.6,1.2,0.5,9.1,18.4,3.5,0.8,4.3,.130,1.7,-0.9,0.8,1.2,,curryse01
139,Delon Wright,27,DAL,PG,73,5,1570,15.4,.554,.309,.243,4.7,13.8,9.4,21.0,2.6,1.2,13.8,14.4,2.6,1.8,4.4,.134,0.0,1.9,1.9,1.5,,wrighde01
140,Daniel Theis,27,BOS,C,65,64,1566,17.9,.631,.225,.268,9.7,19.3,14.6,10.1,1.1,5.0,10.2,14.4,4.0,2.6,6.5,.201,0.6,1.8,2.4,1.7,,theisda01
141,Furkan Korkmaz,22,PHI,SG,72,12,1559,12.0,.579,.632,.181,1.3,10.6,6.0,7.3,1.3,0.9,8.8,18.4,1.4,1.4,2.8,.085,-0.4,-1.0,-1.3,0.3,,korkmfu01
142,Cam Reddish,20,ATL,SF,58,34,1551,9.0,.500,.451,.227,2.4,12.7,7.5,8.0,1.9,1.5,13.6,18.9,-1.2,0.8,-0.4,-0.011,-3.3,-1.0,-4.2,-0.9,,reddica01
143,Josh Okogie,21,MIN,SG,62,28,1547,11.5,.553,.387,.480,5.7,12.8,9.1,8.9,2.0,1.4,15.3,15.1,0.9,1.2,2.2,.068,-2.4,0.0,-2.4,-0.2,,okogijo01
144,Kyle Kuzma,24,LAL,PF,61,9,1526,12.2,.531,.407,.232,3.8,15.7,9.8,7.6,0.9,1.5,11.0,22.9,0.1,1.9,2.0,.063,-1.6,-1.0,-2.6,-0.2,,kuzmaky01
145,Donte DiVincenzo,23,MIL,SG,66,24,1520,14.1,.557,.484,.169,4.6,15.5,10.3,13.6,2.6,1.2,14.1,17.3,1.0,3.2,4.3,.135,-1.1,2.4,1.3,1.3,,divindo01
146,Tyler Herro,20,MIA,SG,55,8,1508,12.5,.550,.472,.158,1.2,14.9,8.3,12.7,1.1,0.6,11.4,22.3,0.2,1.3,1.6,.050,-0.4,-1.2,-1.6,0.1,,herroty01
147,Jarrett Culver,20,MIN,SG,63,35,1506,9.6,.467,.388,.206,4.7,10.3,7.4,10.8,1.8,2.1,11.5,19.2,-1.2,1.1,-0.1,-0.004,-3.3,-0.7,-4.0,-0.8,,culveja01
148,Joel Embiid,25,PHI,C,51,51,1506,25.8,.590,.215,.543,10.3,33.2,21.7,16.9,1.4,3.7,13.8,32.9,3.3,2.7,6.0,.192,3.7,1.0,4.7,2.5,AS,embiijo01
149,Trevor Ariza,34,2TM,SF,53,21,1493,11.0,.593,.639,.228,2.5,15.7,9.0,8.0,2.2,0.9,13.6,11.8,1.3,1.2,2.5,.081,-1.4,0.9,-0.5,0.6,,arizatr01
150,Lauri Markkanen,22,CHI,PF,50,50,1492,14.3,.560,.536,.259,4.2,19.7,11.6,7.6,1.4,1.5,11.0,21.1,1.0,1.6,2.6,.084,0.2,-0.8,-0.6,0.5,,markkla01
151,Patty Mills,31,SAS,PG,66,1,1485,14.8,.592,.674,.187,1.6,6.2,3.9,11.4,1.7,0.4,7.7,20.4,2.3,0.5,2.8,.091,1.2,-1.2,0.0,0.8,,millspa02
152,Serge Ibaka,30,TOR,C,55,27,1485,17.3,.583,.272,.185,8.3,23.5,16.1,8.6,0.9,3.0,13.1,24.0,1.2,2.7,3.9,.126,0.1,0.0,0.1,0.8,,ibakase01
153,Norman Powell,26,TOR,SG,52,26,1479,16.8,.624,.457,.256,1.9,11.4,6.8,9.7,1.9,1.4,10.4,21.5,2.3,2.3,4.6,.150,1.2,0.8,2.0,1.5,,powelno01
154,Larry Nance Jr.,27,CLE,PF,56,10,1472,17.3,.608,.369,.172,7.9,23.1,15.4,12.3,1.9,1.3,11.5,15.2,2.8,1.1,3.9,.128,1.4,0.4,1.7,1.4,,nancela02
155,Jeff Teague,31,2TM,PG,59,17,1464,14.6,.557,.239,.403,1.9,8.6,5.2,30.7,1.4,1.1,16.8,19.5,1.9,0.6,2.5,.082,-0.2,-1.3,-1.5,0.2,,teaguje01
156,Rudy Gay,33,SAS,PF,67,5,1461,15.4,.553,.369,.228,4.5,22.2,13.4,11.3,1.1,2.0,11.8,22.0,0.9,1.1,2.1,.068,0.0,-0.9,-0.8,0.4,,gayru01
157,Landry Shamet,22,LAC,SG,53,30,1452,8.5,.580,.757,.194,0.4,6.6,3.6,9.1,0.7,0.6,9.0,13.4,1.5,1.1,2.6,.086,-1.8,-0.3,-2.1,0.0,,shamela01
158,D'Angelo Russell,23,2TM,PG,45,45,1452,18.7,.556,.509,.235,1.2,12.3,6.6,35.2,1.6,0.8,13.6,31.5,1.1,0.7,1.8,.060,3.8,-1.9,1.9,1.4,,russeda01
159,Anfernee Simons,20,POR,SG,70,4,1449,9.0,.502,.422,.172,1.8,9.1,5.5,9.2,0.9,0.6,9.6,18.7,0.0,0.1,0.2,.005,-2.6,-1.9,-4.5,-0.9,,simonan01
160,Rui Hachimura,21,WAS,PF,48,48,1444,13.5,.535,.160,.257,5.7,17.0,11.1,8.8,1.2,0.5,8.0,19.0,1.3,0.5,1.8,.060,-1.2,-2.0,-3.2,-0.4,,hachiru01
161,Maurice Harkless,26,2TM,PF,62,48,1427,9.8,.572,.346,.233,4.1,13.3,8.8,6.4,1.9,2.1,14.5,10.7,0.8,1.9,2.7,.090,-2.6,1.9,-0.7,0.5,,harklma01
162,Damion Lee,27,GSW,SG,49,36,1423,12.7,.548,.468,.247,2.4,16.3,9.1,14.4,1.7,0.4,10.6,19.0,0.9,0.8,1.7,.058,-1.5,-0.8,-2.3,-0.1,,leeda03
163,D.J. Augustin,32,ORL,PG,57,13,1420,14.0,.554,.436,.393,1.6,7.8,4.6,26.8,1.2,0.1,13.7,19.1,2.0,0.9,2.9,.098,-0.3,-1.3,-1.6,0.2,,augusdj01
164,Paul George,29,LAC,SF,48,48,1419,21.1,.589,.487,.277,1.8,17.7,10.0,21.1,2.3,1.2,12.5,29.6,2.5,2.3,4.8,.161,3.8,1.1,4.9,2.5,,georgpa01
165,Mitchell Robinson,21,NYK,C,61,7,1412,23.5,.726,.000,.434,13.7,18.8,16.2,3.9,1.8,8.0,8.3,13.3,4.8,2.0,6.8,.230,1.6,1.4,2.9,1.8,,robinmi01
166,Bobby Portis,24,NYK,PF,66,5,1393,14.6,.530,.317,.158,6.0,20.4,12.9,11.1,1.1,1.2,10.4,21.4,0.9,1.0,1.9,.064,0.0,-1.1,-1.1,0.3,,portibo01
167,Derrick Jones Jr.,22,MIA,SF,59,16,1375,14.9,.620,.378,.352,5.6,13.1,9.5,6.7,2.1,2.7,6.9,13.9,2.6,1.8,4.4,.153,-0.3,1.1,0.7,1.0,,jonesde02
168,Doug McDermott,28,IND,PF,69,0,1372,14.4,.620,.537,.106,2.1,11.7,7.0,8.4,0.4,0.3,6.8,19.6,2.3,1.1,3.3,.117,1.4,-1.3,0.0,0.7,,mcderdo01
169,Brad Wanamaker,30,BOS,PG,71,1,1369,12.8,.577,.282,.376,1.7,9.4,5.6,17.8,2.2,0.9,15.3,15.5,1.8,1.8,3.5,.124,-1.9,1.3,-0.6,0.5,,wanambr01
170,Mike Conley,32,UTA,PG,47,41,1363,14.1,.537,.451,.245,2.8,9.2,6.1,23.1,1.3,0.3,12.8,23.1,1.4,1.1,2.5,.089,0.7,-0.4,0.3,0.8,,conlemi01
171,John Collins,22,ATL,PF,41,41,1363,23.5,.659,.243,.248,9.0,24.0,16.4,7.6,1.1,4.1,10.1,22.7,3.8,1.2,4.9,.174,3.7,-0.6,3.1,1.7,,collijo01
172,Shabazz Napier,28,2TM,PG,56,32,1344,13.8,.552,.526,.336,2.0,10.9,6.3,27.8,2.4,0.7,19.7,20.0,0.8,0.9,1.7,.059,-0.7,-0.4,-1.1,0.3,,napiesh01
173,Patrick Beverley,31,LAC,PG,51,50,1342,12.5,.560,.604,.138,4.5,15.8,10.3,18.2,1.9,1.6,15.4,13.3,1.6,2.0,3.6,.128,-0.3,2.5,2.2,1.4,DPOY-6DEF2,beverpa01
174,Cody Zeller,27,CHO,C,58,39,1341,18.8,.576,.157,.374,12.6,21.2,16.7,11.3,1.5,1.7,11.9,20.8,2.3,1.3,3.6,.129,0.2,-0.8,-0.6,0.5,,zelleco01
175,Gary Trent Jr.,21,POR,SF,61,8,1332,12.9,.587,.608,.102,2.0,5.8,3.9,6.3,1.7,1.0,4.4,15.3,2.2,0.3,2.5,.089,0.5,-0.8,-0.3,0.6,,trentga02
176,Kyle Anderson,26,MEM,SF,67,28,1330,12.5,.534,.257,.236,4.7,17.6,11.3,15.9,1.9,2.4,15.3,13.5,0.9,1.7,2.5,.091,-1.5,2.0,0.5,0.9,,anderky01
177,Caris LeVert,25,BRK,SG,45,31,1330,16.1,.514,.301,.269,3.9,10.7,7.4,25.0,1.9,0.6,12.6,29.5,0.1,1.4,1.5,.055,0.6,-0.9,-0.3,0.5,,leverca01
178,Ivica Zubac,22,LAC,C,72,70,1326,21.7,.651,.005,.431,15.9,26.4,21.3,9.1,0.6,4.4,11.8,16.4,4.4,2.3,6.6,.241,1.9,0.9,2.8,1.6,,zubaciv01
179,T.J. McConnell,27,IND,PG,71,3,1326,16.5,.540,.041,.102,3.2,12.4,7.8,37.6,2.0,0.7,18.9,17.5,1.7,1.7,3.3,.121,0.1,0.4,0.5,0.8,,mccontj01
180,Christian Wood,24,DET,PF,62,12,1325,23.2,.659,.276,.476,8.8,24.8,16.7,7.6,1.3,3.4,12.0,23.0,3.6,1.5,5.1,.183,3.5,-0.3,3.1,1.7,6MOY-4,woodch01
181,JaMychal Green,29,LAC,PF,63,1,1307,11.1,.576,.676,.136,6.3,24.1,15.4,5.0,1.0,1.6,12.6,13.7,1.1,2.0,3.1,.115,-1.2,0.7,-0.5,0.5,,greenja01
182,Dwight Howard,34,LAL,C,69,2,1306,18.7,.696,.018,.773,14.6,27.8,21.2,4.8,1.1,5.4,18.5,14.7,2.8,2.6,5.4,.197,-1.0,1.2,0.2,0.7,6MOY-9,howardw01
183,Kelly Olynyk,28,MIA,C,67,9,1300,14.6,.621,.588,.251,3.9,21.6,13.1,13.3,1.7,1.8,13.8,17.4,1.9,1.8,3.7,.135,0.0,1.0,1.0,1.0,,olynyke01
184,Brandon Clarke,23,MEM,PF,58,4,1300,20.9,.663,.134,.234,7.6,20.1,14.0,9.5,1.1,3.2,9.4,18.7,3.4,1.6,5.0,.183,2.4,0.7,3.1,1.7,ROY-4,clarkbr01
185,Derrick Rose,31,DET,PG,50,15,1298,21.0,.555,.195,.185,2.3,8.3,5.3,40.5,1.5,1.0,13.4,31.6,1.8,0.7,2.5,.092,3.9,-1.7,2.2,1.4,6MOY-7,rosede01
186,Jeremy Lamb,27,IND,SG,46,42,1291,14.0,.547,.330,.230,2.1,14.8,8.5,10.5,2.1,1.5,8.7,19.6,0.9,1.8,2.7,.099,-1.1,0.8,-0.4,0.5,,lambje01
187,Matisse Thybulle,22,PHI,SG,65,14,1287,10.0,.539,.592,.155,3.8,5.4,4.6,8.0,3.5,3.1,15.3,11.2,0.3,2.0,2.3,.086,-2.8,3.1,0.3,0.8,,thybuma01
188,Clint Capela,25,HOU,C,39,39,1279,20.6,.626,.000,.268,13.6,30.5,22.0,5.7,1.2,4.8,12.7,16.1,2.8,2.1,4.9,.184,1.0,0.4,1.4,1.1,,capelca01
189,Jordan Poole,20,GSW,SG,57,14,1274,7.2,.454,.528,.237,0.7,9.6,5.0,15.8,1.3,0.7,11.8,21.1,-1.6,0.4,-1.2,-0.047,-4.4,-2.2,-6.6,-1.5,,poolejo01
190,Trey Lyles,24,SAS,PF,63,53,1271,12.6,.557,.490,.131,6.0,24.6,15.3,7.2,1.1,1.9,9.7,13.6,1.2,1.0,2.2,.083,-0.5,-0.7,-1.2,0.3,,lylestr01
191,George Hill,33,MIL,PG,59,2,1271,16.9,.659,.468,.269,4.1,9.3,6.9,19.0,1.7,0.3,11.9,15.5,3.5,2.1,5.5,.210,1.6,1.3,2.9,1.6,6MOY-4,hillge01
192,Kris Dunn,25,CHI,PG,51,32,1269,12.1,.510,.327,.158,1.9,14.9,8.1,19.4,3.8,1.3,15.7,14.6,0.3,2.0,2.3,.085,-3.8,3.1,-0.6,0.4,,dunnkr01
193,Svi Mykhailiuk,22,DET,SF,56,27,1265,11.2,.578,.704,.173,1.5,7.9,4.7,12.3,1.6,0.3,12.3,17.1,1.0,0.6,1.6,.060,-0.7,-1.2,-1.9,0.0,,mykhasv01
194,James Ennis III,29,2TM,SG,69,18,1265,11.5,.565,.471,.273,6.1,15.3,10.6,7.0,1.3,1.5,12.6,15.7,1.0,1.4,2.4,.090,-2.2,-0.4,-2.6,-0.2,,ennisja01
195,Terrance Ferguson,21,OKC,SF,56,38,1257,3.7,.481,.764,.091,2.1,4.4,3.3,5.3,1.0,1.2,11.9,9.1,-0.3,0.9,0.6,.021,-4.8,0.3,-4.5,-0.8,,fergute01
196,Wendell Carter Jr.,20,CHI,C,43,43,1256,15.5,.590,.085,.443,11.6,24.6,17.8,6.0,1.3,2.7,14.9,16.4,1.7,1.6,3.3,.127,-2.1,-0.3,-2.4,-0.1,,cartewe01
197,Cameron Johnson,23,PHO,PF,57,9,1255,12.9,.586,.672,.141,4.3,12.4,8.3,7.7,1.4,1.4,6.9,15.7,1.7,1.0,2.7,.102,0.8,-0.4,0.3,0.7,,johnsca02
198,Isaac Bonga,20,WAS,SF,66,49,1250,10.2,.608,.303,.363,6.0,13.8,9.7,7.9,1.7,1.5,17.6,11.0,1.2,0.6,1.8,.068,-2.7,-0.1,-2.8,-0.3,,bongais01
199,Elfrid Payton,25,NYK,PG,45,36,1246,16.0,.470,.157,.195,4.3,14.1,9.1,38.6,2.7,1.3,16.7,19.5,0.5,1.2,1.7,.065,-0.4,0.4,0.0,0.6,,paytoel01
200,Pat Connaughton,27,MIL,SG,67,4,1243,11.5,.565,.551,.133,5.1,16.8,11.3,10.9,0.9,2.2,14.0,12.3,1.1,2.3,3.4,.130,-0.9,1.5,0.6,0.8,,connapa01
201,Derrick Favors,28,NOP,C,51,49,1243,18.5,.620,.021,.209,13.9,28.9,21.4,9.2,1.1,3.1,12.9,14.0,2.6,1.6,4.2,.162,0.7,0.3,1.0,0.9,,favorde01
202,Richaun Holmes,26,SAC,C,44,38,1242,19.7,.681,.000,.343,11.2,21.5,16.2,5.1,1.6,4.3,11.6,15.6,3.4,1.5,4.9,.190,0.3,0.7,1.0,0.9,,holmeri01
203,Paul Millsap,34,DEN,PF,51,48,1240,16.9,.591,.283,.322,8.9,17.6,13.2,9.6,1.8,2.2,12.3,20.0,2.1,1.4,3.5,.136,0.3,-0.2,0.1,0.7,,millspa01
204,Deandre Ayton,21,PHO,C,38,32,1236,20.0,.568,.023,.157,13.0,26.3,19.6,9.7,1.0,4.1,11.6,23.7,1.5,1.6,3.1,.121,0.8,-0.4,0.4,0.7,,aytonde01
205,DeAndre Jordan,31,BRK,C,56,6,1234,19.9,.682,.000,.425,12.1,34.5,23.5,12.6,0.7,3.5,17.8,14.1,3.0,2.2,5.2,.200,1.2,1.8,3.0,1.5,,jordade01
206,Tyus Jones,23,MEM,PG,65,6,1232,15.7,.532,.289,.135,0.8,7.9,4.4,32.0,2.2,0.4,10.8,17.2,1.9,1.1,3.0,.117,0.4,0.2,0.6,0.8,,jonesty01
207,Draymond Green,29,GSW,PF,43,43,1222,12.5,.489,.408,.263,2.0,22.3,11.8,31.2,2.3,2.4,21.8,15.7,-0.2,1.3,1.1,.044,-2.1,1.9,-0.2,0.5,,greendr01
208,Terence Davis,22,TOR,SG,72,4,1209,13.8,.588,.555,.135,4.5,16.0,10.3,14.2,1.5,1.1,14.1,19.0,1.2,1.9,3.1,.122,0.1,0.7,0.8,0.8,ROY-6,daviste02
209,Malik Beasley,23,2TM,SG,55,14,1209,12.7,.546,.517,.124,1.6,11.9,6.7,9.4,1.6,0.6,9.2,21.8,0.4,0.8,1.2,.049,-0.7,-1.4,-2.1,0.0,,beaslma01
210,Mike Scott,31,PHI,PF,68,11,1207,11.2,.557,.620,.106,5.9,16.8,11.3,6.4,0.8,0.4,6.6,14.0,1.4,1.1,2.5,.100,-0.7,-1.1,-1.8,0.1,,scottmi01
211,Marquese Chriss,22,GSW,PF,59,21,1196,19.5,.604,.101,.405,10.0,23.6,16.5,15.3,1.6,4.7,14.7,19.0,2.1,1.3,3.4,.136,0.0,0.6,0.6,0.8,,chrisma01
212,Frank Ntilikina,21,NYK,PG,57,26,1187,9.8,.497,.411,.177,2.0,9.1,5.4,20.2,2.2,1.3,16.5,15.4,0.1,0.8,0.9,.037,-3.6,0.4,-3.2,-0.4,,ntilila01
213,Karl-Anthony Towns,24,MIN,C,35,35,1187,26.5,.642,.445,.363,8.1,26.1,16.8,22.8,1.3,2.9,13.2,28.8,3.7,1.3,5.1,.204,7.0,0.8,7.8,2.9,,townska01
214,Markieff Morris,30,2TM,PF,58,17,1187,12.5,.565,.498,.186,3.8,17.1,10.3,10.1,1.3,1.2,13.3,20.9,0.5,1.0,1.4,.058,-1.1,-0.9,-2.0,0.0,,morrima02
215,Avery Bradley,29,LAL,SG,49,44,1186,8.9,.537,.452,.063,1.7,8.9,5.3,7.2,1.7,0.4,10.7,15.7,0.2,1.4,1.5,.062,-3.0,0.5,-2.5,-0.2,,bradlav01
216,Alex Caruso,25,LAL,PG,64,2,1175,10.8,.525,.412,.323,1.6,9.8,5.7,13.6,2.8,1.4,13.8,13.8,0.5,1.8,2.3,.095,-2.6,2.4,-0.2,0.5,,carusal01
217,Jakob Poeltl,24,SAS,C,66,18,1171,19.1,.612,.000,.323,12.1,22.5,17.3,13.6,1.5,7.1,15.1,13.2,2.4,1.6,4.0,.163,0.5,2.0,2.5,1.3,,poeltja01
218,Malik Monk,21,CHO,SG,55,1,1169,12.6,.530,.418,.205,2.4,12.6,7.3,16.6,1.1,1.3,12.6,22.9,0.1,0.6,0.7,.028,-1.1,-1.3,-2.3,-0.1,,monkma01
219,De'Anthony Melton,21,MEM,PG,60,8,1167,13.5,.501,.349,.302,4.0,15.7,9.9,20.1,3.1,1.5,15.6,19.2,0.1,1.7,1.7,.072,-2.2,2.0,-0.2,0.5,,meltode01
220,Kevin Knox,20,NYK,SF,65,4,1166,8.3,.470,.496,.252,2.5,14.7,8.4,7.4,1.0,2.3,9.2,17.8,-0.5,0.7,0.2,.007,-3.1,-1.1,-4.2,-0.7,,knoxke01
221,Kevin Porter Jr.,19,CLE,SF,50,3,1162,10.8,.535,.375,.240,2.1,13.5,7.7,13.9,1.9,1.0,16.7,20.5,-0.3,0.6,0.3,.012,-3.2,-0.6,-3.8,-0.5,,porteke02
222,Marc Gasol,35,TOR,C,44,43,1161,11.8,.551,.530,.176,2.9,21.7,12.5,17.3,1.4,3.2,16.4,13.2,0.8,2.2,3.0,.124,-1.2,2.8,1.6,1.1,,gasolma01
223,Thomas Bryant,22,WAS,C,46,36,1147,21.1,.649,.218,.278,9.0,23.1,15.8,11.1,1.0,3.7,10.2,18.9,3.1,0.8,3.9,.164,2.9,-0.7,2.2,1.2,,bryanth01
224,JaVale McGee,32,LAL,C,68,68,1130,19.4,.652,.020,.268,12.2,25.4,18.9,4.6,1.5,7.5,13.9,14.8,2.2,2.4,4.7,.198,-0.6,2.1,1.5,1.0,,mcgeeja01
225,Darius Bazley,19,OKC,PF,61,9,1130,9.6,.497,.445,.196,3.0,20.5,12.0,5.1,1.0,3.1,11.6,15.1,-0.5,1.5,1.0,.041,-2.1,0.5,-1.6,0.1,,bazleda01
226,Marvin Williams,33,2TM,PF,58,1,1129,11.2,.587,.584,.213,2.8,14.3,8.5,7.6,1.6,2.4,10.2,12.5,1.1,1.3,2.4,.102,-1.6,1.0,-0.6,0.4,,willima02
227,Nerlens Noel,25,OKC,C,61,7,1127,20.4,.711,.011,.394,9.2,19.9,14.7,7.6,2.5,6.9,17.3,14.9,2.6,2.3,4.9,.209,-0.3,3.4,3.1,1.5,,noelne01
228,Rondae Hollis-Jefferson,25,TOR,PF,60,6,1122,15.1,.533,.070,.435,10.6,15.9,13.3,13.6,2.0,2.0,13.1,17.2,1.4,2.0,3.4,.146,-1.2,1.5,0.3,0.6,,holliro01
229,Willie Cauley-Stein,26,2TM,C,54,39,1097,17.0,.589,.003,.219,8.0,23.3,15.5,9.9,2.1,5.0,10.8,14.4,1.5,1.5,2.9,.128,-1.2,1.7,0.5,0.7,,caulewi01
230,Gorgui Dieng,30,2TM,C,63,17,1096,17.1,.568,.418,.277,8.5,25.8,17.0,9.7,2.2,4.5,12.8,17.6,1.3,1.7,2.9,.129,-0.2,1.8,1.5,1.0,,dienggo01
231,Solomon Hill,28,2TM,PF,59,4,1088,9.8,.535,.615,.194,2.9,13.0,8.1,12.4,1.9,1.0,14.5,13.6,0.4,1.1,1.4,.064,-2.0,0.3,-1.7,0.1,,hillso01
232,Jaxson Hayes,19,NOP,C,64,14,1080,17.6,.689,.015,.734,9.5,16.0,12.7,7.2,1.1,4.3,13.4,15.0,2.8,1.1,3.9,.171,-0.9,0.6,-0.3,0.5,,hayesja02
233,Torrey Craig,29,DEN,SF,58,27,1072,10.8,.553,.513,.134,6.6,13.2,9.9,5.9,1.1,3.1,8.1,12.6,1.1,0.9,2.0,.091,-2.0,-0.3,-2.3,-0.1,,craigto01
234,Dwight Powell,28,DAL,C,40,37,1061,15.9,.677,.170,.485,7.5,14.8,11.2,7.7,1.5,1.8,11.5,12.6,2.6,1.0,3.6,.162,0.4,0.9,1.3,0.9,,poweldw01
235,Mason Plumlee,29,DEN,C,61,1,1057,18.8,.613,.017,.538,10.4,23.2,16.8,20.9,1.5,3.3,18.7,18.0,2.0,1.4,3.4,.153,0.3,1.7,2.0,1.1,,plumlma01
236,Justin Jackson,24,DAL,PF,65,3,1045,9.5,.496,.478,.147,2.7,12.6,7.7,6.8,0.7,0.8,3.7,15.4,0.6,0.6,1.2,.054,-2.1,-1.3,-3.4,-0.4,,jacksju01
237,Grant Williams,21,BOS,PF,69,5,1043,7.9,.505,.455,.256,6.1,12.1,9.1,8.5,1.4,3.2,17.6,11.6,0.1,1.4,1.6,.071,-4.1,1.4,-2.7,-0.2,,willigr01
238,Nicolò Melli,29,NOP,C,60,8,1042,11.4,.556,.638,.226,3.9,14.5,9.2,10.5,1.5,1.8,11.5,15.7,0.9,0.9,1.8,.082,-1.5,0.2,-1.3,0.2,,mellini01
239,Meyers Leonard,27,MIA,C,51,49,1034,10.6,.627,.547,.120,3.4,24.0,14.1,7.6,0.7,1.4,13.7,12.2,0.9,1.2,2.1,.096,-1.3,0.4,-0.9,0.3,,leoname01
240,Bismack Biyombo,27,CHO,C,53,29,1029,16.1,.570,.000,.543,12.3,20.7,16.3,7.8,0.5,4.4,12.2,16.8,1.5,0.9,2.4,.113,-1.8,-0.7,-2.5,-0.1,,biyombi01
241,Taj Gibson,34,NYK,C,62,56,1025,16.1,.610,.049,.196,11.2,16.7,13.9,7.6,1.3,2.8,13.1,14.8,1.8,0.8,2.6,.120,-0.8,-0.3,-1.1,0.2,,gibsota01
242,Jalen Brunson,23,DAL,PG,57,16,1022,14.9,.553,.309,.193,2.3,11.3,6.9,27.0,1.0,0.3,13.6,20.4,1.6,0.6,2.1,.101,0.1,-1.0,-0.9,0.3,,brunsja01
243,E'Twaun Moore,30,NOP,SG,56,6,1020,11.3,.510,.382,.103,3.2,10.4,6.8,11.0,1.5,0.9,8.1,19.9,0.3,0.7,0.9,.043,-1.9,-0.8,-2.7,-0.2,,mooreet01
244,Eric Gordon,31,HOU,SF,36,15,1016,10.3,.510,.654,.231,0.9,6.5,3.7,7.9,1.0,1.1,7.8,22.5,-0.1,0.6,0.5,.024,-1.8,-2.1,-3.9,-0.5,,gordoer01
245,Ky Bowman,22,GSW,PG,45,12,1015,9.1,.494,.333,.128,2.5,10.7,6.5,19.4,2.1,0.9,17.1,17.2,-0.6,0.6,-0.1,-0.003,-4.0,-0.3,-4.3,-0.6,,bowmaky01
246,Semi Ojeleye,25,BOS,PF,69,6,1011,7.7,.562,.648,.163,2.8,12.5,7.7,4.7,1.0,0.5,8.3,9.7,0.8,1.0,1.9,.088,-2.1,0.4,-1.7,0.1,,ojelese01
247,Lonnie Walker IV,21,SAS,SG,61,12,988,10.5,.507,.283,.171,2.5,12.7,7.6,9.6,1.5,1.2,10.3,18.7,-0.2,0.6,0.3,.016,-2.5,-1.0,-3.5,-0.4,,walkelo01
248,Ersan İlyasova,32,MIL,PF,63,8,986,14.9,.589,.438,.278,6.6,22.7,15.1,6.6,1.1,1.5,8.8,16.1,1.6,2.0,3.6,.174,-0.3,0.8,0.4,0.6,,ilyaser01
249,Rajon Rondo,33,LAL,PG,48,3,984,12.4,.494,.381,.125,2.6,13.1,7.9,32.9,1.9,0.2,20.8,18.7,0.1,1.3,1.4,.068,-1.2,-0.1,-1.4,0.2,,rondora01
250,Enes Freedom,27,BOS,C,58,7,983,22.4,.599,.020,.284,18.0,28.9,23.5,8.8,1.1,3.9,12.5,19.4,2.6,1.8,4.4,.214,1.8,-0.3,1.5,0.9,,kanteen01
251,Jonathan Isaac,22,ORL,PF,34,32,980,17.3,.552,.283,.232,6.2,19.6,12.7,7.4,2.6,7.2,11.8,18.3,0.6,1.9,2.5,.120,-0.6,2.9,2.3,1.1,,isaacjo01
252,Jerome Robinson,22,2TM,SG,63,6,979,7.4,.476,.494,.184,1.4,12.8,7.0,11.9,1.3,1.5,12.8,16.4,-0.6,0.8,0.2,.009,-3.8,-0.2,-3.9,-0.5,,robinje01
253,Alex Len,26,2TM,C,55,12,970,17.7,.600,.185,.329,11.1,25.2,18.0,7.9,1.1,4.3,13.1,18.1,1.5,1.0,2.5,.122,-0.5,-0.3,-0.7,0.3,,lenal01
254,Kyle Korver,38,MIL,SF,58,1,960,11.3,.620,.809,.140,1.6,10.4,6.3,9.2,1.2,1.1,13.4,15.4,0.9,1.5,2.5,.124,-0.6,0.7,0.1,0.5,,korveky01
255,Jeff Green,33,2TM,C,48,4,960,13.7,.590,.532,.265,2.7,12.0,7.5,7.9,1.3,1.7,9.9,19.0,1.2,0.9,2.1,.104,0.0,-0.1,-0.1,0.5,,greenje02
256,Robin Lopez,31,MIL,C,66,5,958,10.2,.554,.351,.177,6.2,10.2,8.3,6.3,0.5,4.1,16.4,16.6,-0.1,1.6,1.5,.077,-3.0,0.4,-2.6,-0.2,,lopezro01
257,Wes Iwundu,25,ORL,SF,52,21,953,10.3,.544,.352,.416,2.6,12.5,7.4,8.8,1.3,1.2,8.6,13.7,0.8,0.8,1.7,.084,-2.7,0.0,-2.6,-0.2,,iwundwe01
258,Jevon Carter,24,PHO,PG,58,2,945,11.3,.563,.601,.111,3.5,10.5,6.9,11.9,2.4,1.6,11.2,12.9,0.8,1.0,1.8,.093,-0.7,1.3,0.6,0.6,,carteje01
259,Aron Baynes,33,PHO,C,42,28,934,15.2,.581,.441,.197,8.3,20.0,14.1,10.9,0.5,2.1,10.8,21.1,1.3,0.8,2.1,.107,-0.2,-0.8,-1.0,0.2,,baynear01
260,Ryan Arcidiacono,25,CHI,PG,58,4,930,9.0,.551,.627,.173,2.3,11.2,6.5,14.3,1.4,0.3,13.5,12.5,0.7,0.7,1.4,.071,-2.7,-0.1,-2.8,-0.2,,arcidry01
261,Treveon Graham,26,2TM,SF,55,20,929,6.6,.456,.496,.231,5.7,11.7,8.6,6.6,1.2,0.5,9.8,13.1,-0.2,0.4,0.2,.009,-4.5,-1.1,-5.6,-0.8,,grahatr01
262,Isaiah Thomas,30,WAS,PG,40,37,925,11.6,.531,.444,.178,1.2,7.0,4.0,23.4,0.7,0.6,14.4,24.1,0.1,-0.1,0.0,.002,-0.5,-3.9,-4.4,-0.5,,thomais02
263,Georges Niang,26,UTA,PF,66,1,923,11.7,.589,.699,.075,1.9,12.9,7.6,7.0,0.9,0.4,8.3,17.2,1.0,0.8,1.8,.092,0.4,-0.5,-0.1,0.4,,niangge01
264,Khem Birch,27,ORL,C,48,24,922,11.7,.566,.007,.706,10.3,15.6,12.9,7.3,1.1,2.3,14.2,10.2,1.2,0.9,2.2,.112,-2.5,0.2,-2.4,-0.1,,birchkh01
265,Luke Kennard,23,DET,SG,28,25,922,14.4,.589,.535,.219,1.1,11.1,6.0,19.2,0.6,0.5,10.3,19.8,1.6,0.3,1.9,.100,1.1,-1.4,-0.3,0.4,,kennalu01
266,Jabari Parker,24,2TM,PF,38,23,917,18.0,.571,.277,.189,7.1,18.3,12.6,12.4,2.3,1.5,12.1,24.0,0.8,0.8,1.6,.083,0.6,-0.3,0.3,0.5,,parkeja01
267,DeAndre' Bembry,25,ATL,SG,43,4,915,9.6,.500,.285,.211,3.9,14.1,8.9,12.3,2.8,1.7,19.4,14.0,-0.5,0.8,0.2,.012,-3.5,1.1,-2.5,-0.1,,bembrde01
268,Patrick McCaw,24,TOR,SF,37,12,908,7.3,.500,.438,.111,2.3,7.6,5.0,11.5,2.0,0.4,14.6,9.4,0.2,1.2,1.4,.075,-3.6,1.8,-1.8,0.0,,mccawpa01
269,Michael Porter Jr.,21,DEN,SF,55,8,903,19.8,.617,.384,.188,8.2,23.9,16.1,7.9,1.5,2.6,10.6,22.3,1.8,1.1,2.9,.154,2.4,-0.8,1.5,0.8,,portemi01
270,Cody Martin,24,CHO,SF,48,3,903,10.5,.505,.372,.314,4.4,15.1,9.6,15.7,2.2,0.9,15.7,13.6,0.2,0.8,1.0,.052,-3.1,1.0,-2.1,0.0,,martico01
271,Hamidou Diallo,21,OKC,SF,46,3,896,9.3,.491,.193,.213,5.6,14.7,10.3,5.9,2.0,0.9,13.6,18.4,-0.7,1.1,0.4,.022,-4.2,0.3,-3.9,-0.4,,diallha01
272,Damian Jones,24,ATL,C,55,27,887,15.6,.712,.051,.472,8.9,16.2,12.5,5.6,1.4,3.8,11.5,11.4,2.2,0.6,2.8,.152,-1.6,0.1,-1.5,0.1,,jonesda03
273,Omari Spellman,22,GSW,C,49,3,886,14.4,.551,.373,.312,9.1,18.0,13.4,8.1,1.8,2.4,13.9,18.8,0.5,0.7,1.2,.066,-0.8,-1.0,-1.8,0.1,,spellom01
274,Marco Belinelli,33,SAS,SG,57,0,883,10.8,.532,.567,.185,0.9,11.2,6.0,10.7,0.6,0.1,5.3,17.5,0.7,0.2,0.8,.046,-0.7,-2.0,-2.7,-0.2,,belinma01
275,Mo Bamba,21,ORL,C,62,0,878,17.5,.542,.374,.161,11.9,25.6,18.5,7.2,1.3,8.8,12.1,17.1,0.8,1.7,2.5,.135,-1.2,1.6,0.4,0.5,,bambamo01
276,Vince Carter,43,ATL,PF,60,0,876,7.5,.470,.664,.095,2.2,13.2,7.6,7.7,1.2,2.4,9.4,16.6,-0.6,0.4,-0.2,-0.011,-3.1,-1.2,-4.3,-0.5,,cartevi01
277,Anthony Tolliver,34,3TM,PF,55,13,872,7.0,.513,.797,.159,4.1,14.3,9.3,6.0,1.0,1.1,14.9,11.1,0.0,0.4,0.5,.026,-2.7,-0.5,-3.2,-0.3,,tollian01
278,Rodney McGruder,28,LAC,SG,56,4,871,6.7,.477,.492,.188,3.6,14.2,9.0,5.3,1.4,0.8,10.9,10.6,-0.1,1.1,1.0,.055,-3.7,0.8,-3.0,-0.2,,mcgruro01
279,Mario Hezonja,24,POR,PF,53,4,871,9.5,.525,.358,.271,3.6,18.3,11.0,7.5,2.0,0.9,14.7,13.9,0.1,0.6,0.8,.043,-3.1,0.2,-2.9,-0.2,,hezonma01
280,Abdel Nader,26,OKC,SF,55,6,867,11.3,.591,.487,.251,1.8,10.6,6.4,6.4,1.3,2.0,12.8,17.0,0.5,0.9,1.3,.074,-1.2,0.2,-1.0,0.2,,naderab01
281,Timothé Luwawu-Cabarrot,24,BRK,SF,47,2,853,11.0,.599,.595,.301,3.6,11.6,7.7,4.9,1.0,0.7,10.8,16.8,0.9,0.7,1.7,.095,-1.8,-0.5,-2.2,-0.1,,luwawti01
282,Emmanuel Mudiay,23,UTA,PG,54,2,850,13.0,.543,.266,.254,2.4,13.5,8.2,20.9,1.4,1.0,17.3,22.6,0.1,0.9,1.0,.057,-1.8,-0.1,-1.9,0.0,,mudiaem01
283,Damyean Dotson,25,NYK,SG,48,0,836,10.9,.527,.562,.114,1.2,10.6,5.8,10.0,1.3,0.5,6.5,16.5,0.6,0.4,0.9,.053,-0.9,-0.5,-1.4,0.1,,dotsoda01
284,Moritz Wagner,22,WAS,C,45,5,835,15.1,.638,.301,.357,7.0,22.2,14.3,9.8,1.6,2.0,17.7,18.6,1.1,0.6,1.7,.099,-2.0,-0.3,-2.3,-0.1,,wagnemo01
285,Michael Carter-Williams,28,ORL,SG,45,0,833,15.3,.535,.288,.365,5.8,13.5,9.5,19.1,2.9,2.4,14.7,18.3,0.7,1.2,1.9,.111,-1.5,1.6,0.1,0.5,,cartemi01
286,Juancho Hernangómez,24,2TM,PF,48,14,833,10.4,.518,.522,.287,5.6,20.5,12.8,6.6,1.1,1.0,10.3,15.7,0.2,0.7,0.9,.052,-2.2,-1.1,-3.4,-0.3,,hernaju01
287,Kenrich Williams,25,NOP,PF,39,18,832,7.5,.429,.660,.177,6.5,17.3,11.9,8.4,1.5,2.1,12.2,8.9,0.1,0.8,0.9,.050,-3.4,0.9,-2.4,-0.1,,willike04
288,Matthew Dellavedova,29,CLE,PG,57,4,821,8.1,.463,.520,.211,2.4,7.8,5.1,29.0,1.2,0.2,23.6,13.0,0.1,0.1,0.2,.011,-3.6,-1.6,-5.2,-0.7,,dellama01
289,Luguentz Dort,20,OKC,SF,36,28,820,7.6,.506,.463,.243,3.3,7.5,5.5,4.6,1.8,0.4,8.4,14.1,0.1,0.8,0.8,.049,-4.1,0.4,-3.7,-0.4,,dortlu01
290,Chris Boucher,27,TOR,C,62,0,819,20.7,.587,.395,.388,14.1,21.4,17.9,4.8,1.3,7.3,7.4,19.7,2.1,1.8,3.8,.224,1.0,1.0,2.0,0.8,,bouchch01
291,Ian Mahinmi,33,WAS,C,38,35,808,14.2,.545,.124,.538,10.1,19.7,14.7,8.3,1.8,4.8,14.8,15.7,0.7,0.7,1.4,.083,-2.8,0.0,-2.7,-0.2,,mahinia01
292,Shake Milton,23,PHI,SG,40,24,805,14.4,.617,.487,.235,2.1,10.0,6.0,18.8,1.2,0.7,13.3,18.9,1.4,0.7,2.1,.126,0.0,-1.0,-1.0,0.2,,miltosh01
293,Frank Jackson,21,NOP,PG,59,2,797,9.1,.510,.435,.227,2.9,8.1,5.5,10.8,1.0,0.4,11.9,21.2,-0.2,0.3,0.2,.010,-3.3,-2.2,-5.5,-0.7,,jacksfr01
294,Jordan McRae,28,3TM,SG,37,4,784,14.2,.515,.344,.298,2.4,15.4,8.7,17.9,1.3,1.8,9.4,24.4,0.4,0.4,0.7,.044,0.0,-1.5,-1.5,0.1,,mcraejo01
295,Frank Kaminsky,26,PHO,C,39,13,777,14.2,.545,.404,.293,4.9,20.4,12.6,14.3,0.9,1.1,9.6,21.0,0.7,0.7,1.4,.087,-0.1,-0.4,-0.5,0.3,,kaminfr01
296,Thon Maker,22,DET,C,60,14,776,13.7,.582,.332,.570,7.8,16.7,12.2,8.0,1.6,4.2,15.7,16.1,0.7,0.8,1.5,.096,-2.1,0.7,-1.4,0.1,,makerth01
297,Patrick Patterson,30,LAC,PF,59,18,776,11.5,.580,.738,.185,4.8,15.1,10.1,7.2,0.4,0.3,7.7,14.7,1.1,0.8,1.9,.118,0.8,-0.5,0.3,0.5,,pattepa01
298,Dewayne Dedmon,30,2TM,C,44,18,774,9.4,.473,.420,.141,8.5,27.6,17.8,4.0,1.5,4.8,17.4,18.1,-1.0,1.0,0.1,.005,-5.8,0.0,-5.8,-0.7,,dedmode01
299,Sterling Brown,24,MIL,SF,52,1,767,9.5,.486,.531,.156,4.3,18.5,11.8,8.6,1.7,0.8,13.3,17.0,-0.4,1.5,1.1,.070,-3.0,1.0,-2.0,0.0,,brownst02
300,Sekou Doumbouya,19,DET,PF,38,19,754,6.2,.474,.415,.195,3.0,14.9,8.9,3.6,1.3,0.9,12.0,16.9,-0.8,0.5,-0.3,-0.020,-5.2,-1.4,-6.7,-0.9,,doumbse01
301,Keita Bates-Diop,24,2TM,SF,44,0,744,12.4,.539,.440,.321,3.5,15.1,9.1,5.8,1.2,2.7,6.0,15.8,0.6,0.6,1.2,.078,-1.0,-0.4,-1.4,0.1,,bateske01
302,Reggie Jackson,29,2TM,PG,31,16,743,13.7,.529,.445,.166,2.5,10.8,6.7,26.2,0.8,0.6,12.7,23.1,0.6,0.5,1.1,.073,0.8,-1.2,-0.4,0.3,,jacksre01
303,Wilson Chandler,32,BRK,PF,35,3,734,7.4,.531,.661,.126,1.6,18.5,10.2,7.3,1.0,1.4,15.0,12.9,-0.1,0.9,0.7,.046,-3.7,1.0,-2.7,-0.1,,chandwi01
304,Elie Okobo,22,PHO,PG,55,3,719,10.6,.516,.392,.392,2.4,11.6,6.9,21.2,1.6,0.5,15.2,14.8,0.5,0.5,1.0,.067,-1.9,0.0,-1.9,0.0,,okoboel01
305,Grayson Allen,24,MEM,SG,38,0,718,12.0,.609,.562,.179,1.2,11.1,6.2,10.0,0.7,0.2,10.9,17.6,0.8,0.4,1.2,.082,-0.1,-1.2,-1.3,0.1,,allengr01
306,Bruno Fernando,21,ATL,C,56,13,713,11.9,.542,.186,.256,10.0,20.0,15.0,9.9,1.2,2.0,15.9,15.3,0.4,0.4,0.8,.055,-3.2,-0.9,-4.1,-0.4,,fernabr01
307,Tyler Johnson,27,2TM,SG,39,7,709,10.1,.504,.476,.200,2.7,8.9,5.8,14.8,1.1,1.1,9.6,18.0,0.3,0.5,0.7,.050,-2.0,-0.9,-2.9,-0.2,,johnsty01
308,Dwayne Bacon,24,CHO,SG,39,11,687,6.1,.419,.275,.217,2.3,14.0,7.9,11.7,1.7,0.3,12.2,19.5,-1.2,0.4,-0.8,-0.053,-5.9,-0.9,-6.8,-0.8,,bacondw01
309,Rodions Kurucs,21,BRK,PF,47,9,684,8.9,.555,.508,.215,3.9,16.6,10.4,10.4,1.7,0.6,19.2,14.7,-0.1,0.8,0.8,.055,-3.6,0.9,-2.8,-0.1,,kurucro01
310,Reggie Bullock,28,NYK,SG,29,19,684,9.3,.502,.496,.094,2.0,8.8,5.3,8.8,1.8,0.4,7.5,15.6,0.2,0.3,0.5,.036,-2.8,-0.3,-3.0,-0.2,,bullore01
311,Raul Neto,27,PHI,PG,54,3,668,12.7,.567,.396,.212,1.8,8.3,5.0,20.3,1.7,0.8,16.2,18.7,0.5,0.6,1.2,.083,-1.2,-0.6,-1.8,0.0,,netora01
312,Zion Williamson,19,NOP,PF,24,24,668,24.1,.616,.039,.494,10.1,13.7,11.9,13.3,1.1,1.1,11.9,30.5,1.5,0.4,2.0,.141,3.5,-1.4,2.1,0.7,ROY-3,willizi01
313,Harry Giles,21,SAC,C,46,17,667,16.4,.580,.008,.195,7.1,25.1,15.9,14.2,1.6,2.6,13.9,20.6,0.8,0.8,1.6,.112,-2.2,0.9,-1.3,0.1,,gilesha01
314,Tony Bradley,22,UTA,C,58,3,663,21.7,.681,.016,.243,19.1,25.0,22.2,5.4,1.0,4.1,12.5,15.8,2.2,1.1,3.3,.236,1.0,0.3,1.3,0.6,,bradlto01
315,Kyrie Irving,27,BRK,PG,20,20,658,26.2,.595,.341,.245,3.5,12.5,8.1,36.7,1.9,1.3,10.1,32.6,2.1,0.8,2.9,.210,6.7,0.9,7.7,1.6,,irvinky01
316,Allen Crabbe,27,2TM,SF,37,1,653,6.0,.470,.672,.079,1.8,11.0,6.3,6.8,1.1,0.5,8.5,12.7,-0.2,0.2,-0.1,-0.007,-3.7,-1.5,-5.3,-0.5,,crabbal01
317,Rodney Hood,27,POR,SF,21,21,619,12.2,.625,.413,.157,1.7,10.4,6.1,7.0,1.3,0.6,9.4,13.9,0.9,0.2,1.1,.084,-0.4,-0.5,-0.9,0.2,,hoodro01
318,James Johnson,32,2TM,PF,32,1,619,14.8,.572,.423,.223,4.3,16.3,10.3,18.4,1.9,4.6,16.9,19.4,0.3,0.8,1.1,.089,-1.1,1.2,0.0,0.3,,johnsja01
319,Daniel Gafford,21,CHI,C,43,7,609,16.2,.686,.000,.448,9.0,10.3,9.6,5.2,1.0,8.7,15.3,13.3,1.1,0.8,1.9,.146,-2.8,1.5,-1.3,0.1,,gaffoda01
320,John Henson,29,2TM,C,40,8,600,17.0,.578,.211,.269,8.5,21.8,15.1,13.4,2.0,6.0,15.8,16.3,0.6,0.8,1.4,.109,-1.2,2.1,0.9,0.4,,hensojo01
321,Alfonzo McKinnie,27,CLE,SF,40,1,593,8.7,.493,.380,.181,6.9,14.4,10.6,3.3,1.9,1.2,12.3,15.2,-0.2,0.3,0.2,.014,-4.4,-0.9,-5.3,-0.5,,mckinal01
322,Nickeil Alexander-Walker,21,NOP,SG,47,1,591,8.9,.473,.500,.139,1.6,13.5,7.5,21.1,1.3,1.1,16.1,23.3,-0.7,0.4,-0.2,-0.020,-3.2,-1.4,-4.6,-0.4,,alexani01
323,Jordan McLaughlin,23,MIN,PG,30,2,590,16.3,.587,.427,.219,1.2,7.8,4.4,31.0,2.7,0.6,13.7,15.8,1.1,0.4,1.6,.130,0.3,0.0,0.3,0.3,,mclaujo01
324,Nassir Little,19,POR,PF,48,5,573,9.6,.505,.391,.291,5.7,13.9,9.9,5.0,1.1,2.1,8.1,13.7,0.3,0.3,0.6,.047,-2.9,-0.6,-3.5,-0.2,,littlna01
325,Mike Muscala,28,OKC,C,47,2,572,12.5,.569,.757,.116,3.2,17.3,10.4,10.1,0.8,1.8,7.9,16.6,0.7,0.6,1.3,.107,0.1,-0.2,-0.1,0.3,,muscami01
326,Skal Labissière,23,POR,C,33,1,567,15.4,.588,.088,.224,12.1,19.0,15.6,10.1,0.6,4.7,15.7,14.3,1.0,0.4,1.4,.119,-1.5,0.2,-1.3,0.1,,labissk01
327,Gary Clark,25,2TM,PF,42,5,567,10.7,.568,.835,.075,6.8,14.0,10.3,4.1,0.5,3.4,6.8,11.0,0.7,0.5,1.2,.100,-0.9,-0.9,-1.9,0.0,,clarkga01
328,Luke Kornet,24,CHI,C,36,14,559,12.7,.539,.578,.150,4.1,12.9,8.3,8.5,0.9,4.4,6.6,16.3,0.5,0.6,1.1,.091,-0.9,-0.2,-1.2,0.1,,kornelu01
329,Wayne Ellington,32,NYK,SG,36,1,558,8.5,.509,.822,.075,0.7,12.0,6.2,11.0,1.1,0.7,9.1,15.0,0.2,0.2,0.4,.035,-1.9,-1.0,-2.9,-0.1,,ellinwa01
330,Dennis Smith Jr.,22,NYK,PG,34,3,537,7.4,.399,.256,.251,4.1,11.7,7.7,26.4,2.5,1.4,19.8,23.1,-1.4,0.5,-0.9,-0.079,-5.2,-0.9,-6.1,-0.6,,smithde03
331,Troy Daniels,28,2TM,SG,47,0,532,8.4,.518,.710,.086,2.5,8.2,5.4,4.3,1.0,0.5,5.9,16.3,0.1,0.5,0.6,.056,-1.7,-1.2,-2.9,-0.1,,danietr01
332,Yogi Ferrell,26,SAC,PG,50,0,530,12.2,.528,.420,.223,1.2,9.4,5.2,18.8,1.6,0.7,11.9,19.2,0.3,0.3,0.7,.060,-1.5,-0.3,-1.8,0.0,,ferreyo01
333,Victor Oladipo,27,IND,SG,19,16,528,11.3,.506,.423,.240,1.9,13.6,7.8,15.4,1.6,0.7,14.7,26.5,-0.6,0.6,0.0,.002,-2.2,-1.1,-3.3,-0.2,,oladivi01
334,Chandler Hutchison,23,CHI,SF,28,10,527,12.4,.521,.217,.446,3.6,19.8,11.3,7.4,2.5,1.3,11.4,19.1,0.0,0.7,0.7,.060,-2.7,0.1,-2.6,-0.1,,hutchch01
335,Trey Burke,27,2TM,PG,33,1,520,15.6,.548,.359,.139,3.4,7.0,5.2,23.7,1.5,0.3,8.7,20.0,1.0,0.4,1.3,.123,0.8,-1.0,-0.2,0.2,,burketr01
336,Blake Griffin,30,DET,PF,18,18,512,11.9,.476,.444,.392,3.7,15.0,9.3,18.0,0.7,1.1,12.0,28.4,-0.4,0.3,-0.1,-0.012,-1.7,-2.6,-4.3,-0.3,,griffbl01
337,Quinn Cook,26,LAL,PG,44,1,508,10.0,.509,.397,.065,2.4,8.5,5.5,13.8,1.1,0.4,13.0,21.0,-0.2,0.5,0.3,.030,-2.3,-1.4,-3.8,-0.2,,cookqu01
338,Jake Layman,25,MIN,SF,23,2,505,10.3,.544,.402,.179,3.4,8.7,6.0,4.4,1.6,1.6,11.1,17.7,0.0,0.3,0.3,.030,-2.8,-0.9,-3.7,-0.2,,laymaja01
339,Nicolas Batum,31,CHO,SF,22,3,505,9.2,.463,.605,.123,5.2,16.8,10.8,18.3,1.7,1.5,20.5,9.4,0.2,0.4,0.6,.055,-2.8,0.9,-1.9,0.0,,batumni01
340,Kelan Martin,24,MIN,SF,31,4,495,9.2,.506,.530,.171,2.5,18.6,10.2,6.8,0.7,1.5,9.3,17.8,-0.1,0.3,0.2,.023,-3.3,-1.0,-4.3,-0.3,,martike03
341,Naz Reid,20,MIN,C,30,11,495,15.3,.505,.399,.218,7.0,19.9,13.2,11.2,1.8,3.7,7.6,24.0,0.2,0.6,0.8,.074,-1.6,-0.3,-1.9,0.0,,reidna01
342,Denzel Valentine,26,CHI,SF,36,5,488,13.0,.511,.578,.034,1.9,15.5,8.4,14.2,2.6,1.2,9.8,23.3,-0.1,0.6,0.5,.048,-0.8,0.2,-0.6,0.2,,valende01
343,Džanan Musa,20,BRK,SF,40,0,487,9.4,.484,.453,.349,4.6,13.5,9.1,12.6,1.5,0.2,15.4,20.1,-0.3,0.5,0.2,.016,-3.5,-0.9,-4.4,-0.3,,musadz01
344,Danté Exum,24,2TM,SG,35,1,485,10.3,.576,.361,.361,2.7,12.6,7.7,11.5,1.3,1.4,18.4,15.0,0.2,0.2,0.4,.043,-2.5,-0.4,-2.9,-0.1,,exumda01
345,Marko Gudurić,24,MEM,SG,44,0,484,8.8,.514,.529,.166,3.1,12.6,7.9,12.3,1.2,1.4,17.6,17.6,-0.3,0.4,0.1,.014,-2.7,-0.7,-3.4,-0.2,,gudurma01
346,Shaquille Harrison,26,CHI,SG,43,10,484,17.8,.559,.255,.303,4.8,15.3,9.8,15.3,3.4,3.7,9.2,18.1,0.7,0.8,1.5,.153,0.4,2.4,2.8,0.6,,harrish01
347,Cheick Diallo,23,PHO,C,47,2,479,16.5,.688,.021,.275,6.9,23.7,15.2,6.9,1.1,2.2,16.7,17.0,0.8,0.5,1.3,.132,-1.1,-0.2,-1.3,0.1,,diallch01
348,Goga Bitadze,20,IND,C,54,2,471,12.1,.523,.280,.220,5.9,18.7,12.3,6.7,1.0,6.9,14.5,17.9,-0.1,0.8,0.7,.067,-4.1,1.8,-2.3,0.0,,bitadgo01
349,JaKarr Sampson,26,IND,PF,34,12,471,12.6,.615,.113,.235,4.7,15.7,10.2,6.1,1.6,2.2,10.6,13.2,0.6,0.7,1.2,.124,-2.8,1.4,-1.4,0.1,,sampsja02
350,Javonte Green,26,BOS,SG,48,2,468,13.1,.564,.262,.333,5.6,15.6,10.6,7.7,2.5,1.6,13.7,15.3,0.4,0.8,1.1,.113,-2.1,1.4,-0.7,0.2,,greenja02
351,Jahlil Okafor,24,NOP,C,30,9,467,18.3,.642,.019,.383,10.9,18.0,14.4,12.0,0.7,3.9,16.7,19.9,0.9,0.4,1.3,.133,-0.5,0.3,-0.2,0.2,,okafoja01
352,Brandon Knight,28,2TM,SG,25,3,462,8.5,.503,.784,.204,1.0,9.1,5.0,21.6,1.1,0.6,17.3,20.6,-0.2,0.1,-0.1,-0.010,-1.8,-2.6,-4.4,-0.3,,knighbr03
353,J.J. Barea,35,DAL,PG,29,6,450,14.6,.512,.411,.106,2.4,9.9,6.2,37.1,0.5,0.4,14.9,24.2,0.5,0.2,0.7,.072,1.6,-3.0,-1.4,0.1,,bareajo01
354,Edmond Sumner,24,IND,SG,31,3,447,10.1,.491,.373,.204,2.7,8.5,5.6,16.7,1.6,1.8,12.4,17.3,-0.1,0.5,0.4,.047,-3.1,0.2,-2.9,-0.1,,sumneed01
355,Matt Thomas,25,TOR,SG,41,1,440,13.3,.650,.660,.080,2.2,12.2,7.3,7.5,1.1,0.2,9.3,16.6,0.7,0.6,1.2,.133,1.0,0.1,1.1,0.3,,thomama02
356,Anžejs Pasečņiks,24,WAS,C,27,0,437,11.3,.551,.026,.500,10.1,16.9,13.4,5.7,1.0,2.4,14.5,15.8,0.3,0.2,0.5,.054,-4.1,-1.5,-5.6,-0.4,,pasecan01
357,Thabo Sefolosha,35,HOU,PF,41,0,436,9.4,.487,.593,.088,5.0,17.5,11.2,7.5,2.5,2.4,13.7,10.4,0.0,0.6,0.7,.072,-2.9,1.7,-1.2,0.1,,sefolth01
358,Gary Payton II,27,WAS,SF,29,17,432,11.3,.473,.397,.069,6.3,14.2,10.1,14.8,3.6,1.4,14.3,13.4,0.0,0.4,0.5,.051,-3.1,1.5,-1.6,0.0,,paytoga02
359,Brandon Goodwin,24,ATL,PG,34,1,430,11.6,.507,.458,.158,2.7,15.5,9.0,18.0,1.3,0.8,12.5,22.4,-0.1,0.2,0.1,.013,-1.6,-1.3,-2.9,-0.1,,goodwbr01
360,Boban Marjanović,31,DAL,C,44,5,422,25.7,.612,.081,.270,16.6,32.1,24.5,8.3,0.9,2.0,11.3,26.9,1.2,0.6,1.8,.200,2.8,-1.6,1.2,0.3,,marjabo01
361,Andre Iguodala,36,MIA,SF,21,0,418,10.5,.507,.534,.170,4.7,15.7,10.4,16.9,1.6,5.0,21.6,12.7,0.0,0.6,0.6,.065,-1.9,1.4,-0.5,0.2,,iguodan01
362,Jacob Evans,22,2TM,SG,29,1,418,5.5,.436,.291,.216,2.3,8.6,5.3,10.8,1.3,2.6,14.6,17.5,-0.7,0.2,-0.5,-0.056,-5.8,-1.3,-7.1,-0.5,,evansja02
363,PJ Dozier,23,DEN,SG,29,0,412,11.6,.495,.312,.185,2.7,12.2,7.5,21.6,1.7,1.3,13.7,20.8,0.0,0.4,0.4,.044,-2.5,-1.2,-3.8,-0.2,,doziepj01
364,Chris Chiozza,24,2TM,PG,28,2,401,12.0,.499,.514,.036,2.4,11.6,6.9,29.4,2.5,0.9,18.4,18.1,0.0,0.4,0.5,.055,-1.6,0.5,-1.2,0.1,,chiozch01
365,Robert Williams,22,BOS,C,29,1,388,23.1,.728,.000,.386,11.2,24.0,17.7,10.1,2.7,8.4,16.9,13.6,1.1,1.0,2.0,.253,0.8,4.3,5.1,0.7,,williro04
366,Cristiano Felício,27,CHI,C,22,0,386,12.8,.671,.037,.426,15.0,14.1,14.6,5.7,1.2,0.5,21.9,9.1,0.7,0.3,1.0,.126,-1.4,-1.7,-3.1,-0.1,,feliccr01
367,Josh Jackson,22,MEM,SF,22,0,381,14.1,.547,.453,.314,3.1,14.9,9.1,13.1,2.2,2.1,13.4,22.8,0.1,0.5,0.5,.069,-1.0,1.1,0.1,0.2,,jacksjo02
368,Al-Farouq Aminu,29,ORL,PF,18,2,380,7.6,.395,.419,.337,6.6,18.4,12.3,7.4,2.3,1.9,14.7,13.2,-0.4,0.5,0.1,.014,-4.4,1.4,-3.0,-0.1,,aminual01
369,Noah Vonleh,24,2TM,C,36,1,377,15.5,.622,.163,.348,10.1,25.3,17.4,10.7,1.4,1.3,16.5,13.9,0.6,0.4,1.0,.127,-1.2,0.3,-1.0,0.1,,vonleno01
370,Willy Hernangómez,25,CHO,C,31,0,375,19.2,.576,.158,.424,12.1,27.5,19.5,13.5,1.3,1.7,15.4,22.9,0.4,0.4,0.8,.107,0.6,-0.5,0.1,0.2,,hernawi01
371,Romeo Langford,20,BOS,SG,32,2,370,5.4,.434,.338,.313,4.4,7.4,5.9,4.5,1.0,2.0,10.8,11.8,-0.2,0.4,0.2,.025,-4.7,-0.3,-4.9,-0.3,,langfro01
372,Admiral Schofield,22,WAS,PF,33,2,368,6.1,.502,.663,.163,2.0,12.4,7.0,5.3,1.0,0.9,6.6,11.9,0.1,0.1,0.1,.017,-4.3,-1.2,-5.5,-0.3,,schofad01
373,Theo Pinson,24,BRK,SG,33,0,365,5.2,.370,.516,.103,2.9,12.2,7.7,21.7,2.2,0.9,16.9,22.3,-1.0,0.4,-0.6,-0.078,-6.8,-0.2,-7.0,-0.5,,pinsoth01
374,Jared Dudley,34,LAL,PF,45,1,364,7.8,.558,.700,.033,1.8,13.7,7.8,9.5,2.0,0.7,11.6,8.0,0.3,0.5,0.8,.102,-2.7,2.0,-0.7,0.1,,dudleja01
375,D.J. Wilson,23,MIL,PF,37,1,363,8.2,.475,.553,.136,3.5,20.5,12.5,9.1,0.4,1.2,12.0,18.1,-0.3,0.6,0.3,.046,-4.1,0.0,-4.0,-0.2,,wilsodj01
376,Terance Mann,23,LAC,SF,41,6,362,10.6,.545,.253,.342,2.9,12.6,7.9,19.3,1.4,1.2,16.5,12.6,0.4,0.4,0.8,.106,-2.7,1.2,-1.5,0.0,,mannte01
377,Deonte Burton,26,OKC,SF,39,0,356,4.3,.396,.424,.112,2.2,15.1,8.8,6.8,1.0,2.4,12.7,18.5,-0.9,0.4,-0.5,-0.067,-6.3,-0.5,-6.8,-0.4,,burtode02
378,Tim Frazier,29,DET,PG,27,11,355,9.8,.464,.319,.255,2.8,7.8,5.3,36.5,1.9,0.9,25.6,17.3,-0.1,0.2,0.1,.016,-3.0,-1.6,-4.6,-0.2,,fraziti01
379,Justise Winslow,23,MIA,SG,11,5,352,8.5,.440,.209,.209,5.3,17.5,11.6,18.7,1.0,1.4,14.6,20.6,-0.4,0.4,0.0,-0.004,-3.5,-0.1,-3.6,-0.1,,winslju01
380,Carsen Edwards,21,BOS,SG,37,0,351,6.9,.444,.594,.148,1.9,12.4,7.2,9.3,1.7,1.1,9.9,18.4,-0.3,0.4,0.1,.014,-4.4,-0.2,-4.6,-0.2,,edwarca01
381,Chris Silva,23,MIA,PF,44,0,346,17.3,.651,.038,.705,20.2,20.6,20.4,9.9,1.3,6.0,23.8,17.1,0.7,0.5,1.3,.178,-3.1,0.8,-2.3,0.0,,silvach01
382,Courtney Lee,34,DAL,SG,24,9,345,10.8,.629,.573,.085,2.2,7.5,4.9,4.7,2.5,1.5,11.4,11.9,0.3,0.3,0.7,.092,-2.1,1.5,-0.6,0.1,,leeco01
383,Marvin Bagley III,20,SAC,C,13,6,334,15.6,.512,.132,.186,9.5,23.5,16.3,4.9,0.9,3.4,9.1,25.8,0.0,0.3,0.4,.051,-2.2,-1.4,-3.5,-0.1,,baglema01
384,Otto Porter Jr.,26,CHI,SF,14,9,331,15.8,.550,.443,.193,4.1,12.3,8.0,11.9,2.2,1.7,6.8,21.0,0.4,0.4,0.8,.112,0.8,0.2,1.0,0.3,,porteot01
385,Ty Jerome,22,PHO,SG,31,0,328,7.9,.425,.442,.142,2.3,13.4,7.8,18.2,2.2,0.8,13.0,17.9,-0.3,0.3,0.0,-0.003,-3.9,0.1,-3.7,-0.1,,jeromty01
386,Caleb Martin,24,CHO,SF,18,1,317,12.0,.595,.440,.250,3.3,10.0,6.5,11.1,1.9,2.0,13.9,15.0,0.3,0.2,0.5,.081,-1.6,0.6,-1.0,0.1,,martica02
387,Kyle O'Quinn,29,PHI,C,29,2,313,18.6,.544,.318,.235,12.0,29.0,20.5,22.7,1.1,6.5,17.6,15.7,0.5,0.6,1.1,.165,0.3,2.7,3.0,0.4,,oquinky01
388,Ed Davis,30,UTA,C,28,1,303,9.5,.489,.000,.304,13.2,24.6,19.1,5.2,1.8,2.5,20.0,9.4,0.2,0.5,0.6,.102,-4.6,1.5,-3.2,-0.1,,davised01
389,Keldon Johnson,20,SAS,SF,17,1,301,19.1,.711,.247,.494,3.6,16.8,10.2,7.2,2.2,0.6,10.7,17.4,0.8,0.2,1.1,.174,1.5,0.0,1.5,0.3,,johnske04
390,Jalen McDaniels,22,CHO,SF,16,0,293,10.7,.574,.343,.243,5.4,19.4,12.1,6.8,1.4,0.9,12.4,13.3,0.2,0.2,0.5,.078,-3.4,0.1,-3.3,-0.1,,mcdanja01
391,Chris Clemons,22,HOU,SG,33,0,291,13.1,.548,.754,.077,1.4,9.4,5.4,14.3,1.4,1.8,11.5,23.6,0.1,0.2,0.4,.058,0.3,-1.3,-1.0,0.1,,clemoch01
392,Allonzo Trier,24,NYK,SG,24,1,291,14.5,.620,.500,.406,2.1,8.7,5.3,14.8,0.5,1.3,15.0,21.4,0.5,0.1,0.5,.087,1.0,-1.4,-0.4,0.1,,trieral01
393,Zach Collins,22,POR,PF,11,11,290,9.9,.538,.279,.118,9.1,15.7,12.4,7.2,0.8,1.5,16.4,12.5,0.2,0.1,0.3,.052,-1.7,-1.4,-3.1,-0.1,,colliza01
394,DeMarre Carroll,33,2TM,C,24,0,290,9.1,.515,.500,.636,4.4,15.8,10.1,11.2,1.3,1.5,16.8,14.8,0.0,0.2,0.3,.045,-3.1,-0.7,-3.9,-0.1,,carrode01
395,Caleb Swanigan,22,2TM,PF,27,1,288,7.6,.597,.043,.362,9.9,26.4,18.3,13.9,0.5,2.2,40.4,13.5,-0.2,0.2,0.0,.004,-6.3,0.2,-6.0,-0.3,,swanica01
396,Dragan Bender,22,2TM,C,16,3,286,10.9,.545,.467,.152,5.9,21.1,13.5,14.4,0.7,2.8,17.6,17.7,0.0,0.3,0.3,.052,-3.1,0.2,-2.9,-0.1,,bendedr01
397,Michael Kidd-Gilchrist,26,2TM,PF,25,0,281,4.2,.416,.303,.212,5.3,20.4,12.8,7.1,0.3,1.9,18.1,13.7,-0.4,0.2,-0.2,-0.030,-6.3,-1.1,-7.4,-0.4,,kiddgmi01
398,Drew Eubanks,22,SAS,C,22,3,272,17.3,.682,.015,.388,11.1,22.6,16.8,7.7,0.9,5.5,21.1,15.8,0.5,0.3,0.8,.134,-1.4,-0.4,-1.8,0.0,,eubandr01
399,Juan Toscano-Anderson,26,GSW,SG,13,6,272,9.4,.529,.365,.079,3.5,17.8,10.4,13.8,2.3,1.7,19.7,12.7,-0.1,0.2,0.2,.030,-4.1,0.5,-3.6,-0.1,,toscaju01
400,David Nwaba,27,BRK,SF,20,0,268,14.0,.627,.394,.380,3.2,14.0,8.7,4.3,1.9,3.7,8.8,14.2,0.4,0.4,0.8,.138,-1.0,2.0,1.1,0.2,,nwabada01
401,Isaiah Hartenstein,21,HOU,C,23,2,266,18.6,.674,.075,.418,11.3,24.3,17.7,10.0,1.6,3.9,16.8,14.8,0.7,0.4,1.1,.190,-1.0,1.3,0.3,0.2,,harteis01
402,Kevon Looney,23,GSW,C,20,4,262,9.4,.403,.177,.152,11.2,16.3,13.6,11.1,2.2,2.1,12.5,15.7,-0.2,0.2,0.0,.006,-4.8,-0.8,-5.6,-0.2,,looneke01
403,Jordan Bell,25,2TM,C,29,0,256,13.9,.577,.179,.463,12.0,21.8,16.7,8.9,0.5,3.2,20.7,16.4,0.2,0.2,0.4,.070,-1.4,-1.1,-2.5,0.0,,belljo01
404,Jusuf Nurkić,25,POR,C,8,8,253,22.6,.567,.092,.321,9.6,24.1,16.9,19.1,2.1,5.4,13.2,24.0,0.5,0.3,0.9,.164,1.0,1.0,2.0,0.2,,nurkiju01
405,Evan Turner,31,ATL,SG,19,0,251,6.8,.424,.075,.209,3.4,13.0,8.2,20.6,1.7,2.7,26.2,16.4,-0.5,0.1,-0.3,-0.064,-4.9,-0.7,-5.5,-0.2,,turneev01
406,Derrick Walton,24,2TM,PG,26,1,248,8.7,.617,.615,.231,0.9,5.8,3.4,13.9,1.4,0.0,10.4,8.1,0.4,0.2,0.6,.111,-2.2,1.3,-1.0,0.1,,waltode01
407,Bruno Caboclo,24,2TM,C,30,0,244,14.1,.484,.371,.101,10.0,15.8,12.9,6.8,2.9,6.1,12.3,18.0,0.0,0.4,0.4,.076,-3.0,0.9,-2.1,0.0,,cabocbr01
408,Iman Shumpert,29,BRK,SF,13,0,241,5.3,.403,.516,.109,3.9,10.5,7.3,6.7,2.4,0.7,13.0,13.4,-0.3,0.3,0.0,-0.005,-6.2,0.7,-5.5,-0.2,,shumpim01
409,Wenyen Gabriel,22,2TM,PF,30,1,235,9.6,.546,.417,.458,9.5,13.9,11.7,4.4,2.2,2.6,21.7,13.4,0.0,0.2,0.2,.048,-3.7,-0.1,-3.8,-0.1,,gabriwe01
410,Justin James,23,SAC,SF,36,0,232,11.0,.477,.345,.250,2.8,12.9,7.8,11.2,1.3,3.7,7.9,18.9,-0.1,0.2,0.1,.028,-1.4,0.0,-1.4,0.0,,jamesju01
411,Norvel Pelle,26,PHI,C,24,0,232,10.5,.526,.021,.292,9.5,24.8,17.1,4.6,0.6,11.4,24.9,13.4,-0.2,0.5,0.3,.069,-7.8,2.6,-5.2,-0.2,,pelleno01
412,Garrison Mathews,23,WAS,SG,18,0,227,13.1,.691,.821,.607,2.8,9.0,5.8,5.8,1.6,0.4,10.1,14.5,0.6,0.1,0.6,.131,-0.6,-0.5,-1.1,0.1,,mathega01
413,T.J. Leaf,22,IND,PF,28,1,222,12.9,.451,.209,.186,11.5,23.5,17.5,5.7,2.2,1.6,7.9,20.0,-0.1,0.4,0.3,.061,-2.5,0.1,-2.4,0.0,,leaftj01
414,Ante Žižić,23,CLE,C,22,0,221,16.4,.597,.000,.264,9.0,24.4,16.6,4.2,1.5,1.9,11.1,17.5,0.3,0.2,0.5,.106,-1.7,-1.5,-3.2,-0.1,,zizican01
415,Tyson Chandler,37,HOU,C,26,5,219,10.8,.717,.000,.722,11.8,19.8,15.8,3.5,1.3,3.1,25.2,6.0,0.3,0.3,0.6,.131,-2.6,1.1,-1.5,0.0,,chandty01
416,Dion Waiters,28,2TM,SG,10,0,207,11.5,.521,.475,.172,1.1,11.5,6.4,14.4,0.9,2.7,13.1,25.2,-0.1,0.2,0.1,.030,-0.7,-0.6,-1.2,0.0,,waitedi01
417,Mychal Mulder,25,GSW,SF,7,3,204,7.8,.533,.776,.179,1.5,11.0,6.1,5.8,0.5,0.4,6.5,16.2,0.0,0.0,0.1,.017,-3.2,-2.9,-6.0,-0.2,,muldemy01
418,Nic Claxton,20,BRK,C,15,0,187,14.8,.577,.146,.438,10.7,13.6,12.2,12.4,0.3,3.6,13.6,14.8,0.3,0.2,0.5,.121,-0.7,0.1,-0.7,0.1,,claxtni01
419,Cameron Payne,25,PHO,SG,8,0,183,15.7,.612,.426,.103,2.4,16.6,9.4,19.5,2.1,1.0,13.4,19.1,0.3,0.2,0.5,.120,0.7,1.0,1.7,0.2,,payneca01
420,John Konchar,23,MEM,SG,19,0,181,18.0,.713,.270,.054,10.7,16.6,13.7,16.2,1.8,1.5,15.6,10.3,0.5,0.2,0.7,.182,2.5,2.0,4.5,0.3,,konchjo01
421,Ryan Broekhoff,29,DAL,SF,17,1,180,13.1,.568,.864,.136,3.0,21.9,12.5,8.3,1.3,1.9,8.8,16.3,0.2,0.2,0.4,.109,0.5,0.3,0.8,0.1,,broekry01
422,Johnathan Williams,24,WAS,PF,15,6,180,14.0,.566,.059,.382,14.0,25.3,19.4,5.9,0.3,3.9,11.2,10.3,0.3,0.1,0.4,.109,-0.8,-1.3,-2.0,0.0,,willijo04
423,Malcolm Miller,26,TOR,SF,28,1,162,6.7,.538,.759,.276,1.3,8.9,5.2,8.9,1.5,1.2,11.0,9.6,0.1,0.2,0.3,.082,-3.5,1.2,-2.3,0.0,,millema01
424,Rayjon Tucker,22,UTA,SG,20,0,161,9.7,.584,.395,.535,2.1,11.2,6.8,4.4,0.3,0.5,13.1,16.6,0.1,0.1,0.2,.063,-3.8,-2.2,-6.1,-0.2,,tuckera01
425,C.J. Miles,32,WAS,SF,10,0,161,11.1,.472,.593,.339,2.6,5.7,4.1,10.0,2.9,2.2,5.6,18.6,0.0,0.1,0.1,.035,-1.7,0.0,-1.7,0.0,,milescj01
426,Tyrone Wallace,25,ATL,SG,14,0,160,3.9,.389,.341,.386,2.0,13.0,7.4,10.9,2.0,0.5,16.3,16.0,-0.3,0.1,-0.2,-0.075,-7.8,-1.0,-8.7,-0.3,,wallaty01
427,Amir Coffey,22,LAC,SG,18,1,159,8.5,.493,.352,.204,2.7,7.6,5.2,12.3,1.5,1.1,12.0,17.6,0.0,0.2,0.1,.041,-4.3,0.1,-4.1,-0.1,,coffeam01
428,Jaylen Nowell,20,MIN,SG,15,0,151,10.5,.471,.491,.321,2.0,7.3,4.5,17.8,0.9,0.6,4.7,17.3,0.1,0.0,0.2,.051,-2.9,-0.8,-3.8,-0.1,,nowelja01
429,Stanley Johnson,23,TOR,PF,25,0,150,9.9,.454,.407,.271,5.0,20.6,13.0,19.4,1.9,2.6,18.5,23.1,-0.3,0.3,0.0,.014,-3.9,1.4,-2.5,0.0,,johnsst04
430,Michael Frazier,25,HOU,SG,13,0,145,-0.9,.384,.793,.483,0.7,6.6,3.6,1.7,0.6,0.0,12.5,11.5,-0.2,0.1,-0.2,-0.060,-8.9,-2.1,-11.0,-0.3,,frazimi01
431,DaQuan Jeffries,22,SAC,SG,13,0,141,11.2,.586,.450,.150,2.3,12.3,7.2,7.1,1.4,0.7,4.5,13.7,0.2,0.1,0.3,.100,-2.8,-1.1,-3.8,-0.1,,jeffrda01
432,Alen Smailagić,19,GSW,C,14,0,139,14.5,.610,.325,.475,7.5,13.7,10.5,14.3,1.0,2.6,18.5,18.2,0.2,0.1,0.2,.081,-1.5,-0.7,-2.2,0.0,,smailal01
433,Stephen Curry,31,GSW,PG,5,5,139,21.7,.557,.598,.317,3.0,17.8,10.1,42.3,1.7,1.3,14.6,33.6,0.2,0.1,0.3,.103,4.5,-0.6,3.9,0.2,,curryst01
434,Oshae Brissett,21,TOR,SF,19,0,135,6.7,.458,.417,.278,7.2,13.0,10.2,7.0,1.4,0.7,14.8,15.0,-0.1,0.2,0.1,.043,-5.8,0.4,-5.3,-0.1,,brissos01
435,Juwan Morgan,22,UTA,PF,21,0,134,10.1,.648,.308,.154,8.5,15.1,11.9,6.2,0.4,1.2,17.8,11.0,0.2,0.1,0.3,.106,-2.9,-0.3,-3.2,0.0,,morgaju01
436,Donta Hall,22,2TM,PF,9,0,133,13.6,.652,.000,.818,11.4,19.2,15.4,4.2,1.1,3.8,14.3,11.1,0.2,0.2,0.4,.137,-3.5,-0.4,-3.9,-0.1,,halldo01
437,Vincent Poirier,26,BOS,C,22,0,130,12.7,.525,.056,.194,10.8,24.4,17.7,8.5,0.7,6.4,17.0,15.4,0.1,0.2,0.3,.113,-4.8,1.0,-3.8,-0.1,,poirivi01
438,Thanasis Antetokounmpo,27,MIL,SF,20,2,129,12.2,.496,.208,.354,9.8,8.7,9.2,16.3,2.5,1.4,17.8,21.6,-0.1,0.2,0.2,.070,-4.6,1.4,-3.2,0.0,,antetth01
439,Melvin Frazier,23,ORL,SG,19,0,126,9.8,.559,.471,.118,1.7,7.1,4.3,3.4,3.5,1.4,12.3,14.0,0.0,0.2,0.2,.057,-3.5,1.2,-2.3,0.0,,frazime01
440,Tremont Waters,22,BOS,PG,11,1,119,4.3,.381,.490,.163,0.0,10.7,5.4,18.3,4.1,1.6,22.2,24.2,-0.5,0.2,-0.3,-0.103,-8.5,1.0,-7.5,-0.2,,watertr01
441,Alize Johnson,23,IND,PF,17,1,118,13.3,.509,.276,.345,15.0,29.4,22.3,7.7,1.2,1.5,17.3,15.0,0.1,0.2,0.3,.111,-1.8,0.2,-1.6,0.0,,johnsal02
442,Frank Mason III,25,MIL,PG,9,0,118,16.9,.530,.412,.333,4.5,11.1,8.0,35.0,1.9,0.7,15.8,24.3,0.1,0.2,0.4,.143,-0.6,0.6,0.0,0.1,,masonfr01
443,Kadeem Allen,27,NYK,PG,10,0,117,14.0,.512,.364,.250,1.8,6.6,4.1,27.0,2.1,1.6,14.1,20.6,0.1,0.1,0.1,.053,-0.3,-0.7,-0.9,0.0,,allenka01
444,Adam Mokoka,21,CHI,SF,11,0,112,8.2,.538,.536,.143,6.6,3.1,4.9,5.0,1.7,0.0,6.3,12.1,0.1,0.1,0.2,.073,-2.9,-1.2,-4.1,-0.1,,mokokad01
445,Miye Oni,22,UTA,SF,10,1,109,9.7,.512,.594,.156,5.2,11.7,8.6,5.1,1.8,1.5,10.5,15.3,0.0,0.1,0.1,.063,-3.1,-1.1,-4.3,-0.1,,onimi01
446,Justin Anderson,26,BRK,SG,10,1,107,3.2,.352,.763,.105,1.0,18.9,10.2,10.1,0.0,4.7,9.1,17.1,-0.2,0.1,-0.1,-0.054,-6.8,-1.0,-7.7,-0.2,,anderju01
447,Chimezie Metu,22,SAS,C,18,0,105,22.2,.608,.048,.310,12.3,21.6,16.9,14.9,1.4,5.0,17.3,23.7,0.2,0.1,0.3,.130,1.7,-0.1,1.7,0.1,,metuch01
448,Yuta Watanabe,25,MEM,SF,18,0,105,11.2,.480,.235,.235,7.2,12.8,10.0,6.4,2.2,0.8,5.1,15.7,0.0,0.1,0.1,.065,-2.4,0.7,-1.7,0.0,,watanyu01
449,Jaylen Hoard,20,POR,PF,13,0,103,14.9,.504,.094,.406,14.4,18.1,16.2,5.3,2.3,0.0,9.6,17.2,0.1,0.1,0.2,.093,-0.8,-1.3,-2.1,0.0,,hoardja01
450,Jeremiah Martin,23,BRK,PG,9,0,99,21.8,.541,.340,.264,1.1,9.2,5.2,30.8,3.3,1.7,6.3,26.7,0.2,0.1,0.4,.176,1.5,1.7,3.2,0.1,,martije02
451,Lance Thomas,31,BRK,PF,7,4,98,3.0,.485,.565,.174,2.2,11.4,6.9,8.2,0.0,0.0,19.5,13.1,-0.1,0.1,0.0,-0.015,-5.7,-2.5,-8.2,-0.2,,thomala01
452,Jarrell Brantley,23,UTA,PF,9,0,96,8.0,.416,.464,.071,2.4,19.9,11.5,15.8,1.5,4.3,19.5,16.3,-0.2,0.1,0.0,-0.006,-5.3,0.7,-4.6,-0.1,,brantja01
453,Bol Bol,20,DEN,PF,7,0,87,14.4,.617,.321,.357,6.4,18.0,12.2,9.8,1.1,6.4,23.6,21.2,0.0,0.1,0.1,.063,-2.3,-0.7,-3.0,0.0,,bolbo01
454,Andre Roberson,28,OKC,SF,7,0,87,5.4,.335,.483,.069,9.2,24.7,17.1,6.3,0.6,3.0,6.3,16.1,-0.1,0.1,0.0,-0.017,-5.2,-0.2,-5.4,-0.1,,roberan03
455,Paul Watson,25,2TM,SF,10,0,87,12.6,.517,.462,.346,2.5,17.9,10.3,12.4,2.2,1.1,9.1,16.1,0.0,0.1,0.2,.097,-1.1,0.9,-0.2,0.0,,watsopa01
456,B.J. Johnson,24,ORL,SF,10,0,83,5.4,.412,.281,.313,3.8,16.1,9.7,5.1,1.8,0.0,14.2,22.1,-0.2,0.1,-0.1,-0.074,-5.8,-3.2,-9.0,-0.1,,johnsbj01
457,Gabe Vincent,23,MIA,PG,9,0,83,1.2,.297,.730,.000,0.0,6.5,3.4,10.1,2.9,0.0,2.6,20.2,-0.3,0.1,-0.2,-0.117,-8.5,-1.9,-10.4,-0.2,,vincega01
458,Devon Hall,24,OKC,PG,11,0,81,3.1,.298,.567,.267,2.8,6.6,4.8,21.3,2.4,1.1,13.0,20.9,-0.3,0.1,-0.2,-0.116,-6.0,-0.7,-6.7,-0.1,,hallde01
459,Talen Horton-Tucker,19,LAL,SG,6,1,81,12.3,.535,.433,.133,2.7,6.7,4.7,10.5,4.7,1.1,15.9,19.7,0.0,0.2,0.1,.070,-4.0,2.0,-2.1,0.0,,hortota01
460,Jerian Grant,27,WAS,SG,6,0,80,6.6,.449,.296,.259,2.6,5.7,4.1,15.3,0.6,1.1,9.1,17.2,0.0,0.0,0.0,-0.018,-4.5,-2.0,-6.5,-0.1,,grantje02
461,J.R. Smith,34,LAL,SG,6,0,79,0.0,.372,.500,.091,0.0,6.9,3.5,4.8,0.6,0.0,14.9,14.3,-0.2,0.1,-0.1,-0.077,-7.8,-2.0,-9.8,-0.2,,smithjr01
462,Quinndary Weatherspoon,23,SAS,SG,11,0,78,3.2,.336,.294,.118,1.4,8.3,4.8,17.5,1.8,1.1,21.9,12.7,-0.2,0.0,-0.1,-0.071,-6.4,-1.0,-7.4,-0.1,,weathqu01
463,Amile Jefferson,26,ORL,PF,18,0,74,8.9,.372,.000,1.000,14.1,19.5,16.7,7.2,0.7,3.7,13.0,13.5,0.0,0.1,0.0,.023,-4.8,-1.0,-5.8,-0.1,,jeffeam01
464,Dean Wade,23,CLE,PF,12,0,71,13.9,.744,.308,.077,4.6,25.3,14.9,4.0,1.4,4.8,18.2,9.9,0.1,0.1,0.2,.105,-1.7,0.5,-1.3,0.0,,wadede01
465,Mfiondu Kabengele,22,LAC,C,12,0,64,18.2,.614,.625,.156,1.7,15.8,8.9,4.9,1.5,2.8,5.5,23.7,0.1,0.1,0.2,.173,2.3,-0.1,2.2,0.1,,kabenmf01
466,Louis King,20,DET,SF,10,0,62,6.2,.448,.524,.143,1.8,16.7,9.2,11.8,1.6,0.0,8.2,17.1,-0.1,0.0,0.0,-0.007,-5.1,-1.1,-6.2,-0.1,,kinglo02
467,Vic Law,24,ORL,PF,8,0,62,3.7,.363,.389,.333,3.4,16.2,9.6,6.7,1.6,0.0,8.8,15.8,-0.1,0.1,-0.1,-0.052,-7.0,-2.6,-9.6,-0.1,,lawvi01
468,Khyri Thomas,23,DET,SG,8,0,61,3.1,.453,.824,.235,1.8,0.0,0.9,6.7,2.4,0.0,13.8,15.6,-0.1,0.0,0.0,-0.038,-6.2,-1.7,-7.9,-0.1,,thomakh01
469,Chandler Parsons,31,ATL,PF,5,0,54,5.6,.389,.778,.000,2.0,12.1,7.0,7.5,3.5,1.6,14.3,16.1,-0.1,0.0,-0.1,-0.065,-4.4,-1.6,-6.0,-0.1,,parsoch01
470,Tyler Cook,22,2TM,PF,13,0,54,19.4,.741,.000,.667,12.3,16.6,14.4,2.9,2.7,0.0,16.2,14.7,0.2,0.0,0.2,.182,0.3,-0.5,-0.2,0.0,,cookty01
471,Jordan Bone,22,DET,PG,10,0,53,0.8,.300,.500,.000,0.0,8.7,4.3,21.0,0.9,0.0,9.1,18.1,-0.1,0.0,-0.1,-0.117,-9.1,-2.8,-11.9,-0.1,,bonejo01
472,Ignas Brazdeikis,21,NYK,SF,9,0,53,3.2,.351,.409,.227,3.9,6.2,5.0,10.6,0.0,1.8,7.6,21.0,-0.1,0.0,-0.1,-0.108,-5.1,-3.9,-9.0,-0.1,,brazdig01
473,Jarrod Uthoff,26,2TM,PF,7,0,53,8.8,.503,.500,.111,4.0,8.6,6.1,0.0,0.9,0.0,0.0,14.8,0.0,0.0,0.0,.018,-2.2,-2.4,-4.6,0.0,,uthofja01
474,Kevin Hervey,23,OKC,PF,10,0,52,5.0,.315,.741,.000,2.2,22.7,12.7,13.9,0.9,1.7,0.0,22.8,-0.2,0.1,-0.1,-0.085,-4.0,-1.1,-5.1,0.0,,herveke01
475,Zylan Cheatham,24,NOP,PF,4,0,51,6.7,.667,.111,.000,6.2,12.5,9.4,7.7,0.9,1.6,30.8,10.4,0.0,0.0,0.0,.034,-6.6,-0.5,-7.2,-0.1,,cheatzy01
476,Nigel Williams-Goss,25,UTA,PG,10,0,50,8.1,.415,.438,.125,4.6,8.5,6.6,16.4,2.9,1.7,15.1,17.4,-0.1,0.1,0.0,.017,-5.2,1.3,-3.9,0.0,,willini01
477,Joakim Noah,34,LAC,C,5,0,50,11.1,.608,.000,1.000,10.7,22.3,16.6,17.9,0.9,1.8,34.2,14.7,0.0,0.1,0.1,.096,-4.1,2.5,-1.6,0.0,,noahjo01
478,Justin Robinson,22,WAS,PG,9,0,49,8.2,.542,.417,.000,2.1,9.3,5.6,18.8,0.0,1.8,20.0,12.7,0.0,0.0,0.0,.007,-2.6,-3.1,-5.7,0.0,,robinju01
479,Luka Šamanić,20,SAS,PF,3,1,48,8.8,.450,.500,.250,2.2,20.2,11.2,16.3,0.0,3.7,10.1,17.8,0.0,0.0,0.0,.011,-2.4,-1.7,-4.1,0.0,,samanlu01
480,Naz Mitrou-Long,26,IND,SG,5,0,47,7.8,.412,.706,.000,0.0,16.2,8.2,22.8,1.0,1.9,15.0,18.7,-0.1,0.1,0.0,-0.022,-3.5,2.1,-1.4,0.0,,mitrona01
481,Jonah Bolden,24,2TM,C,7,0,47,4.9,.392,.364,.364,7.0,14.3,10.6,0.0,3.0,3.7,13.6,13.4,-0.1,0.1,0.0,-0.006,-8.8,-0.4,-9.2,-0.1,,boldejo01
482,Antonius Cleveland,25,DAL,SG,11,0,46,2.5,.340,.214,.357,4.6,11.3,8.0,2.8,1.1,5.6,11.0,16.9,-0.1,0.0,-0.1,-0.076,-9.0,-1.0,-10.1,-0.1,,clevean01
483,Jarred Vanderbilt,20,2TM,PF,11,0,46,7.6,.676,.125,.250,7.3,14.5,10.9,5.9,3.2,2.0,44.1,14.9,-0.1,0.1,0.0,-0.026,-6.8,0.5,-6.3,-0.1,,vandeja01
484,Vlatko Čančar,22,DEN,PF,14,0,45,11.4,.507,.400,.267,12.5,12.4,12.4,9.1,1.1,2.1,15.2,19.1,0.0,0.0,0.1,.062,-3.6,-1.2,-4.8,0.0,,cancavl01
485,Justin Wright-Foreman,22,UTA,PG,4,0,45,8.8,.437,.500,.200,0.0,11.8,6.1,23.0,2.2,0.0,12.1,24.1,-0.1,0.1,0.0,-0.008,-7.0,-2.0,-9.0,-0.1,,wrighju02
486,Udonis Haslem,39,MIA,C,4,1,44,6.5,.470,.273,.364,2.6,36.7,20.3,3.2,0.0,0.0,7.3,13.8,0.0,0.1,0.0,.041,-5.8,-1.6,-7.4,-0.1,,hasleud01
487,Jeremy Pargo,33,GSW,PG,3,0,44,12.6,.557,.318,.045,2.4,5.1,3.7,33.2,1.1,0.0,15.1,25.7,0.0,0.0,0.0,.011,-2.8,-3.1,-5.9,0.0,,pargoje01
488,Johnathan Motley,24,LAC,PF,13,0,41,28.5,.774,.067,.467,7.8,17.3,12.7,32.9,3.5,0.0,21.7,23.5,0.2,0.1,0.3,.299,4.8,3.3,8.1,0.1,,motlejo01
489,Zach Norvell,22,2TM,SG,5,0,41,2.6,.402,.667,.083,0.0,16.3,7.9,10.2,2.3,0.0,19.4,16.1,-0.1,0.0,-0.1,-0.084,-7.1,-1.2,-8.4,-0.1,,norveza01
490,Charlie Brown Jr.,22,ATL,SG,10,0,40,11.0,.472,.474,.263,5.3,5.5,5.4,7.3,2.3,4.2,12.4,25.1,0.0,0.0,0.0,-0.028,-1.2,-1.4,-2.5,0.0,,brownch02
491,Chasson Randle,26,GSW,PG,3,0,40,6.7,.377,.500,1.500,0.0,5.6,2.7,15.7,2.4,0.0,0.0,7.1,0.0,0.0,0.0,.045,-6.0,0.2,-5.9,0.0,,randlch01
492,Josh Magette,30,ORL,PG,8,0,38,5.1,.378,.267,.133,2.7,14.6,8.5,19.2,3.8,2.4,23.9,23.7,-0.2,0.1,-0.1,-0.127,-7.9,1.6,-6.2,0.0,,magetjo01
493,Sindarius Thornwell,25,NOP,SF,2,0,35,14.7,.627,.364,.364,0.0,12.2,6.1,16.1,1.3,2.4,13.6,17.3,0.0,0.0,0.1,.101,0.4,-1.2,-0.8,0.0,,thornsi01
494,Moses Brown,20,POR,C,9,0,33,6.7,.407,.000,.800,9.6,34.5,22.2,4.0,1.4,2.6,18.2,21.2,-0.1,0.0,0.0,-0.065,-8.2,-1.8,-10.0,-0.1,,brownmo01
495,Tacko Fall,24,BOS,C,7,0,33,28.4,.751,.000,.214,3.3,44.9,24.3,5.8,1.5,11.2,16.4,23.7,0.1,0.1,0.2,.223,0.4,6.0,6.5,0.1,,fallta01
496,Corey Brewer,33,SAC,PF,5,0,33,8.7,.470,.250,.750,6.7,21.0,13.6,7.7,5.9,0.0,27.3,9.6,0.0,0.1,0.0,.064,-6.0,2.8,-3.2,0.0,,breweco01
497,Joe Chealey,24,CHO,PG,4,0,33,-2.9,.127,.571,.286,0.0,0.0,0.0,3.9,6.1,0.0,20.2,13.2,-0.2,0.0,-0.1,-0.188,-14.3,1.7,-12.5,-0.1,,chealjo01
498,Zhaire Smith,20,PHI,SF,7,0,32,1.1,.313,.273,.364,0.0,6.9,3.5,8.2,4.5,0.0,13.6,19.9,-0.1,0.1,-0.1,-0.120,-10.2,0.4,-9.8,-0.1,,smithzh01
499,Jalen Lecque,19,PHO,SG,5,0,32,2.7,.460,.400,.200,0.0,7.0,3.5,8.6,0.0,0.0,15.5,17.1,0.0,0.0,0.0,-0.065,-6.6,-2.9,-9.5,-0.1,,lecquja01
500,Brian Bowen,21,IND,SF,6,1,31,0.1,.300,.200,.000,3.6,21.0,12.4,0.0,0.0,2.8,9.1,15.6,-0.1,0.0,-0.1,-0.107,-9.1,-1.8,-10.9,-0.1,,bowenbr02
501,Dewan Hernandez,23,TOR,C,6,0,28,12.9,.432,.143,.357,19.3,33.2,26.4,16.4,1.7,0.0,15.6,29.3,0.0,0.1,0.0,.043,-6.6,-3.0,-9.6,-0.1,,hernade01
502,Josh Reaves,22,DAL,SF,4,0,28,5.8,.405,.222,.222,3.8,7.4,5.6,14.2,0.0,0.0,0.0,15.1,0.0,0.0,0.0,.031,-5.3,-4.0,-9.4,-0.1,,reavejo02
503,Marial Shayok,24,PHI,SG,4,0,28,1.4,.400,.500,.333,3.9,23.7,13.8,4.8,0.0,3.0,17.9,25.8,-0.1,0.0,-0.1,-0.130,-9.3,-3.7,-13.0,-0.1,,shayoma01
504,KZ Okpala,20,MIA,PF,5,0,26,13.7,.595,.200,.400,4.5,16.6,10.8,5.5,3.8,3.8,14.5,11.7,0.0,0.0,0.1,.118,-1.3,3.7,2.4,0.0,,okpalkz01
505,Luc Mbah a Moute,33,HOU,PF,3,0,25,6.4,.425,.400,.400,4.2,4.2,4.2,0.0,3.7,0.0,14.5,11.4,0.0,0.0,0.0,-0.008,-5.2,-2.2,-7.4,0.0,,mbahalu01
506,Justin Patton,22,OKC,C,5,0,24,4.7,.450,.400,.000,4.7,17.9,11.5,12.6,0.0,0.0,16.7,22.0,-0.1,0.0,0.0,-0.063,-6.8,-3.3,-10.1,0.0,,pattoju01
507,Josh Gray,26,NOP,PG,2,0,23,-5.0,.500,.000,.000,4.6,4.6,4.6,10.4,0.0,0.0,71.4,12.5,-0.1,0.0,-0.1,-0.226,-11.4,-4.7,-16.0,-0.1,,grayjo01
508,Kostas Antetokounmpo,22,LAL,PF,5,0,20,16.3,.902,.000,.667,11.1,5.4,8.2,13.7,0.0,0.0,20.5,10.3,0.1,0.0,0.1,.193,0.2,-0.9,-0.7,0.0,,antetko01
509,Matt Mooney,23,CLE,SG,4,0,19,8.1,.250,.500,.000,0.0,17.7,8.8,6.7,5.1,4.5,0.0,9.0,0.0,0.0,0.0,.007,-5.3,5.0,-0.4,0.0,,moonema01
510,Eric Mika,25,SAC,C,1,0,19,13.9,.773,.000,.667,11.6,30.4,20.7,0.0,0.0,0.0,0.0,8.9,0.1,0.0,0.1,.218,-1.9,-1.5,-3.4,0.0,,mikaer01
511,Henry Ellenson,23,BRK,C,5,0,15,-1.3,.143,.571,.000,14.1,27.0,20.7,8.7,0.0,0.0,0.0,19.5,-0.1,0.0,-0.1,-0.183,-7.5,-3.4,-10.9,0.0,,ellenhe01
512,Stanton Kidd,27,UTA,SG,4,0,15,-13.7,.000,.333,.000,0.0,21.3,11.0,8.0,0.0,0.0,40.0,14.6,-0.1,0.0,-0.1,-0.327,-16.2,-1.4,-17.6,-0.1,,kiddst01
513,Tariq Owens,24,PHO,PF,3,0,15,8.4,.340,.400,.400,14.6,7.5,11.1,0.0,3.2,0.0,0.0,16.7,0.0,0.0,0.0,.021,-3.1,-2.7,-5.8,0.0,,owensta01
514,Daryl Macon,24,MIA,PG,4,0,14,-3.1,.500,.667,.000,0.0,0.0,0.0,9.7,0.0,0.0,40.0,15.7,0.0,0.0,0.0,-0.161,-7.3,-4.8,-12.0,0.0,,maconda01
515,Ryan Anderson,31,HOU,C,2,0,14,9.4,.357,.714,.000,0.0,52.9,26.2,20.4,3.3,0.0,12.5,23.7,0.0,0.0,0.0,-0.037,-3.3,0.5,-2.8,0.0,,anderry01
516,Kyle Alexander,23,MIA,C,2,0,13,4.7,.500,.000,.000,17.9,8.3,12.9,0.0,0.0,0.0,33.3,10.2,0.0,0.0,0.0,-0.003,-6.4,-3.7,-10.1,0.0,,alexaky01
517,Dusty Hannahs,26,MEM,SG,2,0,13,21.3,.607,.333,.222,0.0,8.0,4.1,0.0,0.0,0.0,0.0,31.6,0.0,0.0,0.0,.146,5.1,-2.1,3.1,0.0,,hannadu01
518,William Howard,26,HOU,PF,2,0,13,-12.7,.000,1.000,.000,0.0,16.3,8.1,9.1,0.0,0.0,20.0,15.9,-0.1,0.0,-0.1,-0.357,-14.2,-5.4,-19.6,-0.1,,howarwi01
519,Shamorie Ponds,21,TOR,PG,4,0,11,33.1,.765,.400,.400,0.0,9.4,4.8,32.4,0.0,8.9,0.0,22.8,0.1,0.0,0.1,.450,8.4,5.3,13.7,0.0,,pondssh01
520,Isaiah Roby,21,OKC,PF,3,0,11,-7.7,.000,.000,.000,0.0,19.5,10.0,0.0,0.0,0.0,50.0,8.0,-0.1,0.0,0.0,-0.188,-12.0,-3.4,-15.4,0.0,,robyis01
521,Kyle Guy,22,SAC,SG,3,0,10,6.6,.400,.600,.000,0.0,11.5,5.6,15.6,0.0,0.0,0.0,21.7,0.0,0.0,0.0,-0.045,-7.5,-4.8,-12.3,0.0,,guyky01
522,Devontae Cacok,23,LAL,C,1,0,9,28.6,.500,.000,.000,24.6,36.1,30.4,20.3,0.0,0.0,0.0,28.1,0.0,0.0,0.0,.226,4.8,-4.6,0.2,0.0,,cacokde01
523,Jared Harper,22,PHO,PG,3,0,8,-5.3,.250,.500,.000,0.0,0.0,0.0,0.0,0.0,0.0,0.0,21.3,0.0,0.0,0.0,-0.249,-10.1,-5.6,-15.7,0.0,,harpeja01
524,Max Strus,23,CHI,SF,2,0,6,30.7,.727,.333,.333,17.5,0.0,9.2,0.0,0.0,0.0,0.0,24.4,0.0,0.0,0.0,.316,5.7,-1.7,3.9,0.0,,strusma01
525,Jamal Crawford,39,BRK,SG,1,0,6,33.2,.625,.500,.000,0.0,0.0,0.0,100.0,0.0,0.0,0.0,27.9,0.1,0.0,0.1,.492,12.4,2.6,15.0,0.0,,crawfja01
526,Tyler Zeller,30,SAS,C,2,0,4,22.4,.250,.000,.000,80.9,26.9,53.9,0.0,0.0,0.0,0.0,43.2,0.0,0.0,0.0,-0.075,-0.3,-22.1,-22.4,0.0,,zellety01
527,Malik Newman,22,CLE,SG,1,0,4,-11.4,.347,.500,1.000,0.0,0.0,0.0,0.0,0.0,0.0,25.8,41.5,0.0,0.0,0.0,-0.502,-14.5,-11.2,-25.7,0.0,,newmama01
528,Marques Bolden,21,CLE,C,1,0,3,19.8,,,,0.0,74.7,37.0,0.0,16.2,0.0,,0.0,0.0,0.0,0.0,.282,-5.8,11.3,5.4,0.0,,boldema01
529,J.P. Macura,24,CLE,SG,1,0,1,0.0,,,,0.0,0.0,0.0,0.0,0.0,0.0,,0.0,0.0,0.0,0.0,-0.022,-5.2,-1.2,-6.4,0.0,,macurjp01
,League Average,,,,,,,,.565,.384,.260,4.5,15.5,10.0,15.3,1.5,1.8,12.3,19.9,,,,,,,,,,-9999
