Player,Age,Team,Pos,G,GS,MP,FG,FGA,3P,3PA,2P,2PA,FT,FTA,ORB,DRB,TRB,AST,STL,BLK,TOV,PF,PTS,ORtg,DRtg,playerID
DeMar DeRozan,34,CHI,SF,79,79,2989,10.8,22.6,1.3,3.8,9.6,18.8,8.7,10.2,0.7,5,5.7,7,1.5,0.8,2.3,2.7,31.6,122,118,derozde01
Domantas Sabonis,27,SAC,C,82,82,2928,10.5,17.7,0.5,1.4,10,16.3,4.8,6.9,4.9,13.7,18.6,11.2,1.2,0.8,4.5,4.1,26.4,127,112,sabondo01
Coby White,23,CHI,PG,79,78,2881,9.4,20.9,3.6,9.6,5.7,11.3,3.8,4.5,0.8,5.4,6.2,7,0.9,0.3,2.9,3.2,26.1,115,120,whiteco01
Mikal Bridges,27,BKN,SF,82,82,2854,9.8,22.5,3.8,10.3,6,12.2,4.5,5.5,1.2,5.3,6.5,5.2,1.4,0.5,2.8,2,27.9,112,118,bridgmi01
Paolo Banchero,21,ORL,PF,80,80,2799,11.3,24.9,2.1,6.2,9.2,18.7,7.2,9.9,1.5,8.3,9.8,7.6,1.3,0.8,4.4,2.7,31.9,109,112,banchpa01
Kevin Durant,35,PHX,PF,75,75,2791,13.1,25.1,2.9,7.1,10.2,18,6.3,7.4,0.7,7.9,8.7,6.6,1.2,1.6,4.3,2.3,35.5,118,114,duranke01
Dejounte Murray,27,ATL,SG,78,78,2783,11.6,25.2,3.5,9.5,8.1,15.7,3.6,4.5,1.1,6.1,7.2,8.7,1.9,0.4,3.5,2.4,30.2,114,119,murrade01
Anthony Edwards,22,MIN,SG,79,78,2770,12.8,27.8,3.4,9.5,9.4,18.3,7.5,9,0.9,6.7,7.7,7.2,1.8,0.7,4.3,2.5,36.6,112,110,edwaran01
Nikola Jokić,28,DEN,C,79,79,2737,14.9,25.6,1.5,4.2,13.4,21.4,6.5,7.9,4,13.6,17.7,12.8,2,1.2,4.3,3.5,37.8,131,108,jokicni01
Jalen Brunson,27,NYK,PG,77,77,2726,14.6,30.5,3.9,9.7,10.7,20.8,7.8,9.2,0.8,4.3,5.1,9.6,1.3,0.2,3.4,2.7,40.9,124,117,brunsja01
Josh Hart,28,NYK,SF,81,42,2707,5.5,12.6,1.5,4.8,4,7.8,1.7,2.1,2.4,10.2,12.6,6.2,1.4,0.4,2.2,3.2,14.2,115,113,hartjo01
Anthony Davis,30,LAL,C,76,76,2700,12.6,22.6,0.5,1.9,12,20.7,7.4,9.1,4.2,12.7,16.9,4.7,1.6,3.1,2.8,3.1,33,124,109,davisan02
Fred VanVleet,29,HOU,PG,73,73,2684,7.6,18.4,4.1,10.6,3.5,7.8,3.6,4.1,0.6,4.4,5,10.6,1.8,1.1,2.3,3.3,22.9,123,114,vanvlfr01
De'Aaron Fox,26,SAC,PG,74,74,2659,13.2,28.3,3.9,10.6,9.2,17.7,5.7,7.7,1.2,5,6.2,7.6,2.7,0.6,3.5,3.5,35.9,113,114,foxde01
Pascal Siakam,29,TOT,PF,80,80,2657,12.2,22.8,1.5,4.4,10.7,18.4,5.2,7.1,2.5,7.7,10.2,6.1,1.1,0.4,2.5,3.5,31.2,121,119,siakapa01
Jayson Tatum,25,BOS,PF,74,74,2645,12.6,26.6,4.3,11.4,8.3,15.3,7.7,9.3,1.3,10,11.2,6.8,1.4,0.8,3.5,2.7,37.1,121,111,tatumja01
Austin Reaves,25,LAL,SG,82,57,2629,8.3,17,2.8,7.6,5.5,9.4,4.2,4.9,1,5.3,6.4,8.1,1.2,0.5,3.1,2.8,23.5,119,118,reaveau01
Tyrese Maxey,23,PHI,PG,70,70,2626,12,26.6,4,10.7,8,15.9,6.1,7.1,0.7,4.2,4.8,8.1,1.3,0.6,2.2,2.8,34,121,117,maxeyty01
Luka Dončić,24,DAL,PG,70,70,2624,14.7,30.2,5.2,13.6,9.5,16.6,8.7,11.1,1.1,10.8,11.8,12.5,1.8,0.7,5.2,2.7,43.3,122,113,doncilu01
Nikola Vučević,33,CHI,C,76,74,2610,11.2,23.1,1.8,6,9.4,17.2,2,2.5,4,11.3,15.3,4.9,1,1.1,2.3,3.6,26.2,114,115,vucevni01
Jalen Green,21,HOU,SG,82,82,2601,10.5,24.8,3.7,11.3,6.8,13.6,5.3,6.6,0.8,7.1,7.9,5.4,1.2,0.5,3.6,2.1,30,107,115,greenja05
Rudy Gobert,31,MIN,C,76,76,2593,7.7,11.7,0,0.1,7.7,11.6,4.7,7.4,5.4,13.3,18.7,1.9,1,3.1,2.2,4.5,20.2,131,104,goberru01
Keegan Murray,23,SAC,SF,77,77,2588,8.3,18.3,3.4,9.6,4.9,8.7,1.9,2.3,2,5.9,7.9,2.4,1.5,1.1,1.2,3.8,22,117,116,murrake02
Miles Bridges,25,CHA,SF,69,67,2581,10.7,23.1,3,8.6,7.7,14.5,3.3,4,1.4,8.3,9.7,4.4,1.2,0.6,2.6,2.3,27.7,108,120,bridgmi02
Damian Lillard,33,MIL,PG,73,73,2579,10.1,23.8,4.1,11.6,6,12.2,8.8,9.6,0.7,5.3,6,9.5,1.3,0.3,3.6,2.5,33.1,120,118,lillada01
Giannis Antetokounmpo,29,MIL,PF,73,73,2567,15.7,25.6,0.6,2.3,15,23.3,9.6,14.6,3.7,12.1,15.7,8.9,1.6,1.5,4.7,3.9,41.6,126,112,antetgi01
Michael Porter Jr.,25,DEN,SF,81,81,2565,10.1,20.9,4.3,10.7,5.8,10.1,1.8,2.1,2,8.9,10.9,2.4,0.8,1,1.8,2.9,26.2,117,114,portemi01
Shai Gilgeous-Alexander,25,OKC,PG,75,75,2553,15,28,1.8,5.1,13.2,22.9,10.7,12.2,1.2,6.6,7.8,8.8,2.8,1.3,3.1,3.5,42.4,129,110,gilgesh01
Grayson Allen,28,PHX,SG,75,74,2513,6.6,13.3,4,8.6,2.6,4.6,2.5,2.9,0.9,4.8,5.7,4.4,1.3,0.9,1.8,3.1,19.7,130,117,allengr01
LeBron James,39,LAL,PF,71,71,2504,13,24.1,2.8,6.9,10.2,17.2,5.8,7.7,1.2,8.7,9.8,11.2,1.7,0.7,4.7,1.5,34.6,120,114,jamesle01
Paul George,33,LAC,PF,74,74,2502,11.5,24.4,4.8,11.6,6.7,12.8,5.2,5.7,0.7,6.9,7.7,5.2,2.2,0.7,3,4,33,119,114,georgpa01
Dennis Schröder,30,TOT,PG,80,58,2486,7.9,18.2,2.7,7.2,5.2,11,3.5,4.2,0.8,4,4.7,9.6,1.2,0.3,3,3.2,22,114,121,schrode01
D'Angelo Russell,27,LAL,PG,76,69,2484,9.4,20.7,4.3,10.4,5.1,10.2,3,3.7,0.5,4,4.5,9.2,1.3,0.7,3,3,26.2,116,118,russeda01
James Harden,34,LAC,PG,72,72,2470,7,16.4,3.7,9.8,3.3,6.7,6,6.9,0.7,6.7,7.4,12.3,1.5,1.1,3.7,2.5,23.8,125,116,hardeja01
Devin Booker,27,PHX,PG,68,68,2447,12.8,26,3,8.3,9.8,17.7,8.1,9.1,1.1,5,6.1,9.4,1.2,0.6,3.6,4.1,36.7,124,117,bookede01
Jarrett Allen,25,CLE,C,77,77,2442,10.5,16.6,0,0.1,10.5,16.4,4.7,6.4,4.9,11.5,16.4,4.2,1.1,1.6,2.4,3,25.7,131,110,allenja01
Jabari Smith Jr.,20,HOU,PF,76,76,2424,7.6,16.7,2.8,7.6,4.8,9.1,3,3.7,2.8,9.5,12.3,2.4,1,1.2,1.8,4,20.9,116,113,smithja05
Stephen Curry,35,GSW,PG,74,74,2421,13,28.9,7.1,17.5,5.9,11.4,6,6.5,0.7,5.9,6.6,7.6,1.1,0.6,4.2,2.3,39.1,119,117,curryst01
Bam Adebayo,26,MIA,C,71,71,2416,10.9,21,0.3,0.9,10.6,20.1,6,8,3.3,11.9,15.2,5.7,1.7,1.4,3.3,3.3,28.2,115,109,adebaba01
Chet Holmgren,21,OKC,C,82,82,2413,10.1,19,2.6,7,7.5,12,4.3,5.5,2.6,10.3,12.9,4,1.1,3.8,2.6,3.9,27,122,108,holmgch01
Brook Lopez,35,MIL,C,79,79,2411,7.3,15,2.9,8.1,4.3,7,2.2,2.7,2.3,5.8,8.2,2.5,0.9,3.8,1.6,3.8,19.7,121,114,lopezbr01
Kentavious Caldwell-Pope,30,DEN,SG,76,76,2402,5.6,12.1,2.6,6.4,3,5.8,2.1,2.3,0.6,3.1,3.8,3.8,2,0.9,1.5,3.1,15.8,119,115,caldwke01
Bogdan Bogdanović,31,ATL,SG,79,33,2401,9.4,22,4.8,12.8,4.6,9.2,3,3.3,1.1,4.4,5.4,4.9,1.9,0.5,2.2,3.6,26.6,116,120,bogdabo01
Brandon Miller,21,CHA,SF,74,68,2383,9.9,22.4,3.8,10.2,6,12.2,3,3.6,1.2,5.3,6.5,3.6,1.4,0.9,2.7,3.8,26.5,105,121,millebr02
Harrison Barnes,31,SAC,PF,82,82,2381,7.1,14.9,3,7.9,4,7.1,3.2,4,1.4,3.7,5.1,2,1.1,0.2,1.2,2,20.4,122,119,barneha02
Derrick White,29,BOS,SG,73,73,2381,8,17.4,4.1,10.3,4,7.1,2.8,3.2,1.1,5.4,6.4,7.8,1.5,1.8,2.3,3.2,23,126,112,whitede01
Tobias Harris,31,PHI,PF,70,70,2368,9.6,19.8,1.9,5.4,7.7,14.4,3.9,4.4,1.7,7.8,9.4,4.5,1.5,1,1.9,2.4,25,118,114,harrito02
Donte DiVincenzo,27,NYK,SG,81,63,2360,9.5,21.5,6,15.1,3.5,6.4,1.8,2.4,1.3,5,6.3,4.6,2.3,0.8,2.4,3.5,26.9,120,113,divindo01
Jordan Poole,24,WAS,SG,78,66,2346,9.8,23.6,3.7,11.2,6.1,12.4,3.8,4.4,0.6,3.6,4.2,6.8,1.7,0.5,3.7,4.9,27,102,121,poolejo01
Jaylen Brown,27,BOS,SF,70,70,2343,13.2,26.5,3.1,8.6,10.2,17.8,4.4,6.3,1.8,6.4,8.2,5.3,1.8,0.8,3.5,3.9,34,113,112,brownja02
Malik Beasley,27,MIL,SG,79,77,2337,6.6,14.8,4.6,11.1,2,3.7,0.5,0.7,0.8,5.1,6,2.2,1.2,0.2,1.1,3.2,18.3,117,118,beaslma01
Franz Wagner,22,ORL,SF,72,72,2337,11.2,23.2,2,7.1,9.2,16.1,5.7,6.8,1.5,6.5,8.1,5.7,1.6,0.6,2.9,3.6,30.1,116,112,wagnefr01
Kawhi Leonard,32,LAC,SF,68,68,2330,12.9,24.6,3,7.1,10,17.5,5.4,6.1,1.8,7,8.8,5.2,2.4,1.3,2.5,2.1,34.2,124,114,leonaka01
Herbert Jones,25,NOP,SF,76,76,2321,6.2,12.4,2.4,5.8,3.8,6.7,2.9,3.3,1.6,4.2,5.7,4.2,2.2,1.3,2,4.7,17.7,124,113,joneshe01
Aaron Gordon,28,DEN,PF,73,73,2297,8.6,15.5,0.9,3,7.7,12.5,3.8,5.8,3.8,6.4,10.2,5.6,1.2,1,2.3,3.1,21.9,125,114,gordoaa01
Klay Thompson,33,GSW,SF,77,63,2284,10.4,24,5.7,14.7,4.7,9.3,2.7,2.9,0.7,4.6,5.4,3.7,1.1,0.7,2.5,2.7,29.1,113,118,thompkl01
Kyle Kuzma,28,WAS,PF,70,70,2281,12.5,26.9,3.1,9.2,9.4,17.7,3.8,4.9,1.3,8.2,9.5,6.1,0.8,1,3.9,3.1,31.8,103,120,kuzmaky01
Jrue Holiday,33,BOS,PG,69,69,2263,7.2,15,3,7,4.2,8,1.3,1.6,1.8,6.3,8.1,7.3,1.3,1.2,2.7,2.4,18.8,121,113,holidjr01
Deni Avdija,23,WAS,SF,75,75,2257,8.4,16.6,1.8,4.9,6.6,11.8,4.2,5.7,1.7,9.4,11.2,5.9,1.2,0.7,3.3,3.8,22.8,112,119,avdijde01
Devin Vassell,23,SAS,SG,68,62,2248,10.5,22.3,3.5,9.4,7,12.9,3.4,4.2,0.6,4.9,5.5,5.8,1.5,0.5,2.3,1.6,27.9,113,118,vassede01
Luguentz Dort,24,OKC,SF,79,79,2246,6.2,14.1,3.3,8.5,2.8,5.6,2.7,3.3,1.6,4.5,6.1,2.4,1.5,1,1.6,4.9,18.4,117,114,dortlu01
Max Strus,27,CLE,SF,70,70,2239,6.7,16.1,3.7,10.6,3,5.5,1.7,2.1,1.5,6,7.5,6.2,1.4,0.6,2.5,3.8,18.8,112,114,strusma01
Dillon Brooks,28,HOU,SF,72,72,2227,7.2,16.7,2.9,8.1,4.3,8.7,2.7,3.2,1.2,4.2,5.4,2.6,1.4,0.2,1.9,5.2,19.9,109,116,brookdi01
Tyrese Haliburton,23,IND,PG,69,68,2224,10.6,22.2,4.1,11.3,6.5,10.9,4.1,4.8,0.7,5,5.7,16,1.8,1,3.4,1.6,29.5,129,119,halibty01
Jalen Williams,22,OKC,PF,71,71,2223,11.6,21.5,2.2,5.2,9.4,16.3,3.9,4.8,0.8,5.3,6.1,7,1.7,1,2.7,3.8,29.3,122,114,willija06
P.J. Washington,25,TOT,PF,73,45,2221,7.8,17.8,2.9,9.1,4.9,8.7,2.2,3.2,1.9,7.2,9,3.1,1.6,1.3,2.1,3.7,20.6,106,117,washipj01
Jaden Ivey,21,DET,SG,77,61,2217,9,21.1,2.7,8,6.4,13.1,4.9,6.6,1.9,3.9,5.7,6.4,1.2,0.9,4.1,4.4,25.7,104,121,iveyja01
Ayo Dosunmu,24,CHI,SG,76,37,2212,8.1,16.2,2.7,6.6,5.4,9.6,1.9,2.4,1.2,3.7,4.9,5.5,1.5,0.8,2.3,3.7,20.8,118,119,dosunay01
Zion Williamson,23,NOP,PF,70,70,2207,13.9,24.3,0.1,0.4,13.7,23.9,7.7,11,2.7,6.3,9,7.8,1.7,1,4.3,3.5,35.6,119,113,willizi01
Mike Conley,36,MIN,PG,76,76,2193,6.6,14.5,4,9.1,2.6,5.4,2.3,2.5,0.8,4.1,4.9,10.1,2,0.4,2.3,2.9,19.6,129,111,conlemi01
Jeremy Sochan,20,SAS,PF,74,73,2193,7.4,16.8,1.5,4.9,5.8,11.9,2.4,3.1,3,7.3,10.3,5.4,1.3,0.9,3,3.6,18.6,104,117,sochaje01
Buddy Hield,31,TOT,SF,84,42,2160,8.2,18.9,4.9,12.6,3.4,6.3,1.2,1.3,1.4,4.6,6,5.2,1.6,0.9,2.3,3.8,22.5,114,118,hieldbu01
CJ McCollum,32,NOP,PG,66,66,2159,11,24,5.4,12.6,5.6,11.3,2.6,3.2,0.9,5.6,6.5,6.9,1.4,0.9,2.5,2.9,30,118,114,mccolcj01
Spencer Dinwiddie,30,TOT,PG,76,52,2152,5.7,14.5,2.8,8.4,2.9,6.2,3.8,4.8,0.7,4,4.7,8.1,1.2,0.5,2.1,3.1,18.1,117,119,dinwisp01
Tre Jones,24,SAS,PG,77,48,2138,6.7,13.3,1.4,4.2,5.3,9.1,2.2,2.6,1.3,5.1,6.4,10.6,1.7,0.2,2.6,2,17.1,123,118,jonestr01
Grant Williams,25,TOT,PF,76,43,2130,6.3,13.8,2.9,7.7,3.4,6.1,2.4,3.2,2,5.3,7.2,4,1,0.9,2.5,5.2,17.9,113,119,willigr01
Jaren Jackson Jr.,24,MEM,C,66,66,2124,11.9,26.7,2.7,8.4,9.2,18.3,7.8,9.6,2,6.4,8.4,3.5,1.8,2.4,3.7,5.4,34.2,107,113,jacksja02
Tim Hardaway Jr.,31,DAL,SF,79,12,2120,8.9,22.1,4.8,13.5,4.1,8.6,3.3,3.8,0.5,5.3,5.7,3.1,1,0.1,1.6,2.4,25.8,109,119,hardati02
Nic Claxton,24,BKN,C,71,71,2116,8.6,13.6,0,0.1,8.5,13.5,2.5,4.6,4.5,12,16.5,3.4,1.1,3.4,2.2,4.1,19.7,124,111,claxtni01
Jaime Jaquez Jr.,22,MIA,SF,75,20,2113,8.1,16.5,1.5,4.8,6.5,11.7,3.4,4.1,1.9,4.8,6.7,4.6,1.8,0.5,2.6,3.9,21,112,113,jaqueja01
Taurean Prince,29,LAL,PF,78,49,2108,5.7,12.9,3.2,8,2.5,4.9,1.1,1.5,0.5,4.7,5.2,2.7,1.3,0.8,1.6,3.3,15.7,108,118,princta02
Victor Wembanyama,20,SAS,C,71,71,2106,12.4,26.7,2.9,8.9,9.5,17.9,6.6,8.3,3.6,13.4,17,6.2,2,5.7,5.9,3.4,34.3,104,106,wembavi01
Jaden McDaniels,23,MIN,SF,72,71,2105,7.2,14.7,2,6,5.2,8.8,1.3,1.9,1.3,3.9,5.3,2.4,1.5,1,2,5.1,17.8,108,112,mcdanja02
Brandon Ingram,26,NOP,SF,64,64,2103,11.7,23.7,2,5.6,9.7,18.1,5.7,7.2,1,6.6,7.6,8.5,1.2,0.9,3.8,3.4,31.1,115,114,ingrabr01
Scottie Barnes,22,TOR,SG,60,60,2094,10.3,21.7,2.3,6.8,8,14.9,4.5,5.8,3.3,8.1,11.4,8.4,1.7,2,3.8,2.7,27.5,114,116,barnesc01
Jusuf Nurkić,29,PHX,C,76,76,2078,7.5,14.7,0.5,2.1,7,12.6,3.9,6.1,5.3,14.4,19.7,7.1,1.9,1.9,4.1,6,19.5,114,108,nurkiju01
Myles Turner,27,IND,C,77,77,2076,10.8,20.7,2.6,7.4,8.2,13.3,5.6,7.2,2.6,9.5,12.1,2.3,0.9,3.3,2.5,5.3,29.8,120,115,turnemy01
Collin Sexton,25,UTA,SG,78,51,2075,11.8,24.1,3,7.6,8.8,16.6,7.4,8.6,1.7,3.1,4.8,8.9,1.4,0.4,3.8,3.6,33.9,122,123,sextoco01
Cam Thomas,22,BKN,SG,66,51,2075,12.6,28.4,3.4,9.5,9.1,19,6.8,8,0.7,4.4,5.1,4.6,1.1,0.4,3,3.3,35.4,110,119,thomaca02
Cade Cunningham,22,DET,PG,62,62,2074,12.2,27.1,2.8,7.8,9.4,19.3,5.5,6.4,0.8,5.5,6.2,10.8,1.3,0.5,4.9,3.5,32.6,108,120,cunnica01
Corey Kispert,24,WAS,SF,80,22,2067,8.7,18,4.2,10.9,4.6,7.1,2.6,3.6,0.7,4.4,5.1,3.5,0.9,0.4,2.2,3.2,24.2,114,123,kispeco01
Saddiq Bey,24,ATL,SF,63,51,2062,6.7,16.2,2.6,8.3,4.1,7.9,4,4.7,3.9,5.7,9.6,2.1,1.2,0.3,1.3,2,20.1,120,121,beysa01
Kelly Oubre Jr.,28,PHI,SF,68,52,2055,9.3,21,2.4,7.8,6.8,13.2,4.2,5.6,2.3,5.9,8.2,2.4,1.8,1.1,2.1,4.6,25.1,109,114,oubreke01
Alperen Şengün,21,HOU,C,63,63,2046,12.5,23.3,0.8,2.6,11.7,20.6,5.8,8.3,4.3,9.6,14,7.4,1.8,1.1,3.8,5,31.6,118,111,sengual01
Jimmy Butler,34,MIA,PF,60,60,2042,9.7,19.4,1.5,3.5,8.2,15.8,9.6,11.2,2.6,5.2,7.8,7.3,1.9,0.4,2.5,1.7,30.4,129,113,butleji01
Alex Caruso,29,CHI,SG,71,57,2040,6.2,13.2,3.3,8.1,2.9,5.1,1.8,2.3,1.5,5.2,6.7,6,2.9,1.7,2.5,4.4,17.5,119,113,carusal01
Terry Rozier,29,TOT,SG,61,60,2040,10.7,24.3,3.6,10,7.1,14.3,4.2,4.8,0.9,5.2,6,8.3,1.5,0.5,2.6,2.5,29.3,114,118,roziete01
Keldon Johnson,24,SAS,SF,69,27,2038,9.1,20.1,3,8.5,6.1,11.5,4.1,5.1,2.2,6.6,8.8,4.5,1.2,0.5,2.3,3.5,25.2,112,118,johnske04
Kyrie Irving,31,DAL,SG,58,58,2030,13.3,26.7,4.1,9.9,9.2,16.8,4.5,5,1,5.8,6.9,7.1,1.7,0.7,2.5,2.6,35.1,122,116,irvinky01
Karl-Anthony Towns,28,MIN,PF,62,62,2026,11.7,23.2,3.3,8,8.4,15.2,6.2,7.1,2.3,10.3,12.6,4.6,1,1,4.3,5,32.9,115,109,townska01
Jalen Suggs,22,ORL,SG,75,75,2025,8.2,17.5,3.7,9.4,4.5,8,2.9,3.8,1.2,4.4,5.6,5,2.6,1.1,3.2,5,23.1,113,110,suggsja01
Keyonte George,20,UTA,PG,75,44,2023,7.6,19.4,3.5,10.5,4.1,8.9,4.5,5.3,0.4,4.7,5,7.9,0.9,0.2,4.5,2.2,23.2,104,124,georgke01
Josh Giddey,21,OKC,SG,80,80,2011,9.6,20.3,2,5.8,7.7,14.4,2.4,3,2.7,9.6,12.3,9.2,1.2,1.1,4,2.7,23.6,111,112,giddejo01
Bobby Portis,28,MIL,PF,82,4,2008,11.2,22,2.4,5.9,8.8,16.1,2.3,3,3.4,11.1,14.5,2.5,1.6,0.8,2.2,4.5,27,115,113,portibo01
Aaron Nesmith,24,IND,SF,72,47,1995,7.4,15,3.3,7.9,4.1,7.1,2.5,3.2,1.5,5,6.5,2.6,1.5,1.2,1.5,5.7,20.7,123,119,nesmiaa01
Gary Trent Jr.,25,TOR,SG,71,41,1994,8.7,20.5,4.3,11,4.4,9.5,1.8,2.3,0.6,3.9,4.6,2.9,1.9,0.2,1.1,2.3,23.6,110,121,trentga02
Norman Powell,30,LAC,SG,76,3,1990,9.3,19.1,4.1,9.5,5.1,9.5,3.5,4.3,0.4,4.4,4.8,2,1.1,0.5,1.6,3.4,26.2,120,119,powelno01
Immanuel Quickley,24,TOT,SG,68,38,1985,9.6,22.1,4.2,10.7,5.4,11.4,5.2,6.1,0.4,6,6.4,8.2,1.2,0.2,2.5,2.9,28.6,119,119,quickim01
Brandin Podziemski,20,GSW,SG,74,28,1968,6.7,14.7,2.2,5.8,4.5,8.9,1.2,1.9,2.9,7.6,10.5,6.7,1.5,0.3,2.2,3,16.8,118,115,podzibr01
Naz Reid,24,MIN,PF,81,14,1964,10.2,21.4,4.3,10.3,6,11.1,2.7,3.7,1.8,8.8,10.6,2.7,1.6,1.8,2.8,4.3,27.4,111,107,reidna01
Caris LeVert,29,CLE,SG,68,10,1958,8.7,20.7,2.7,8.4,6,12.3,3.9,5.1,1,6.1,7.1,8.7,1.9,0.9,3,3.1,24,110,113,leverca01
Royce O'Neale,30,TOT,SF,79,14,1954,5.4,13.6,3.9,10.6,1.5,2.9,0.6,0.9,1.5,8,9.5,5.5,1.5,1.1,1.8,4.4,15.3,115,115,onealro01
Jonathan Kuminga,21,GSW,PF,74,46,1949,11.3,21.4,1.3,4.1,10,17.3,5.5,7.4,2.3,6.5,8.8,4,1.4,0.9,3,4.2,29.5,117,116,kuminjo01
Donovan Mitchell,27,CLE,SG,55,55,1942,12.8,27.7,4.6,12.6,8.2,15.1,7,8.1,1.2,6,7.1,8.5,2.6,0.8,3.9,3,37.2,117,111,mitchdo01
Trae Young,25,ATL,PG,54,54,1942,10.7,24.9,4.3,11.6,6.4,13.3,8.6,10.1,0.6,3.1,3.7,14.4,1.8,0.3,5.8,2.7,34.3,117,122,youngtr01
Dorian Finney-Smith,30,BKN,PF,68,56,1934,5.5,13.1,3,8.6,2.5,4.5,0.8,1.2,2.8,5.3,8.1,2.7,1.4,1,1.5,3.8,14.9,113,117,finnedo01
Tyus Jones,27,WAS,PG,66,66,1933,7.9,16.1,2.6,6.2,5.3,9.9,0.8,1,0.5,3.8,4.3,11.7,1.7,0.4,1.6,1.2,19.1,126,121,jonesty01
Jonas Valančiūnas,31,NOP,C,82,82,1925,10.2,18.3,0.9,3.1,9.3,15.3,4.1,5.2,4.7,13.6,18.4,4.4,0.8,1.7,2.8,5.6,25.5,123,110,valanjo01
Nickeil Alexander-Walker,25,MIN,SG,82,20,1921,6.1,13.8,3.4,8.6,2.7,5.2,1.3,1.7,0.9,3.4,4.3,5.2,1.6,1.1,2,3.7,16.9,115,111,alexani01
Andrew Wiggins,28,GSW,SF,71,59,1920,8.9,19.7,2.3,6.4,6.6,13.3,3.6,4.8,2.7,5.4,8.1,3,1.1,1,2.2,3.7,23.7,112,117,wiggian01
Duncan Robinson,29,MIA,SF,68,36,1905,8,17.7,4.9,12.4,3.1,5.3,2.1,2.4,0.4,4.1,4.5,5,1.2,0.4,2.5,4.3,22.9,114,115,robindu01
John Collins,26,UTA,PF,68,66,1901,10.1,18.9,2.2,5.9,7.9,13,3.7,4.7,4,10.6,14.6,2,1,1.5,2.5,4.8,26.1,121,118,collijo01
Darius Garland,24,CLE,PG,57,57,1901,9.7,21.9,3.4,9.3,6.3,12.6,3.8,4.5,0.8,3.2,4,9.7,1.9,0.2,4.6,2.5,26.7,108,115,garlada01
Isaiah Hartenstein,25,NYK,C,75,49,1896,6.2,9.7,0,0.1,6.2,9.6,3,4.2,6.5,10.2,16.6,5,2.3,2.3,2.5,5.6,15.5,136,108,harteis01
Eric Gordon,35,PHX,SG,68,24,1893,7.1,15.9,3.9,10.2,3.2,5.7,1.3,1.7,0.4,2.7,3.1,3.6,1.7,0.8,1.9,2,19.3,112,117,gordoer01
Jalen Johnson,22,ATL,SF,56,52,1889,9.1,17.8,1.8,5.1,7.3,12.7,2.7,3.7,1.9,10.5,12.4,5.2,1.7,1.2,2.6,3.4,22.7,117,116,johnsja05
Isaac Okoro,23,CLE,SF,69,42,1887,6.2,12.6,2.2,5.6,4,6.9,2.4,3.6,1.8,3.6,5.4,3.5,1.5,0.9,1.4,3.7,16.9,121,115,okorois01
Clint Capela,29,ATL,C,73,73,1883,9,15.7,0,0,9,15.7,3.3,5.2,8.5,11.2,19.8,2.3,1.1,2.7,1.9,4.2,21.3,128,115,capelca01
Terance Mann,27,LAC,SG,75,71,1873,6.7,13,1.9,5.4,4.8,7.6,2.1,2.5,2.3,4.4,6.7,3.1,1.1,0.4,1.3,3.8,17.3,127,119,mannte01
Malik Monk,25,SAC,SG,72,0,1872,10.3,23.2,3.8,11,6.4,12.2,4.4,5.3,0.7,4.8,5.5,9.6,1.2,1,3.9,4,28.8,113,117,monkma01
Bruce Brown,27,TOT,SG,67,44,1866,7.1,14.9,1.4,4.2,5.8,10.7,3,3.6,1.4,5.9,7.3,4.9,1.5,0.4,2.2,3.8,18.6,113,120,brownbr01
Jamal Murray,26,DEN,PG,59,59,1861,12.6,26.3,3.9,9.1,8.8,17.2,4.2,4.9,1.1,5.3,6.4,10.2,1.5,1,3.3,2.8,33.3,119,114,murraja01
RJ Barrett,23,TOT,SG,58,58,1838,11.7,23.5,2.4,6.7,9.3,16.8,5.6,7.8,1.4,7,8.4,5.2,0.8,0.6,3.4,3.5,31.3,112,119,barrerj01
Georges Niang,30,CLE,PF,82,10,1831,7.7,17.1,4,10.7,3.6,6.4,1.4,1.6,0.6,6.9,7.5,2.6,0.8,0.5,1.9,5.2,20.7,109,115,niangge01
Jerami Grant,29,POR,PF,54,54,1830,10.3,22.9,3,7.4,7.3,15.5,6.9,8.4,1,4.2,5.2,4.1,1.2,0.9,3.1,3.2,30.5,113,120,grantje01
Rui Hachimura,25,LAL,PF,68,39,1826,9.5,17.6,2.6,6,6.9,11.6,2.6,3.5,1.5,6.1,7.7,2.1,1.1,0.7,1.2,2.6,24,121,117,hachiru01
Payton Pritchard,26,BOS,PG,82,5,1825,8,17.2,4,10.3,4.1,6.8,1.2,1.5,1.9,5.3,7.2,7.6,1.1,0.2,1.7,2.9,21.3,129,115,pritcpa01
Lauri Markkanen,26,UTA,PF,55,55,1820,11.3,23.6,4.6,11.6,6.7,12,6.6,7.3,3.2,8.7,11.9,2.9,1.3,0.7,2,2.7,33.9,128,120,markkla01
Reggie Jackson,33,DEN,PG,82,23,1817,8.9,20.6,2.8,7.7,6.1,12.9,2.2,2.7,0.9,3.3,4.2,8.4,1.2,0.4,2.9,4.1,22.7,109,117,jacksre01
Cole Anthony,23,ORL,PG,81,0,1817,9,20.8,2.5,7.5,6.5,13.3,4.9,5.9,1.7,6.7,8.5,6.4,1.7,1,3.4,4.8,25.5,110,111,anthoco01
Daniel Gafford,25,TOT,C,74,66,1815,9,12.5,0,0,9,12.5,3.1,4.5,5.1,9.5,14.6,3,1.7,4,1.9,5.9,21.2,140,112,gaffoda01
Ivica Zubac,26,LAC,C,68,68,1794,9.3,14.3,0,0,9.3,14.3,3.3,4.6,5.4,11.8,17.2,2.6,0.6,2.3,2.2,5,21.9,132,113,zubaciv01
Deandre Ayton,25,POR,C,55,55,1784,11.8,20.7,0,0.3,11.8,20.5,1.8,2.2,4.9,12,16.9,2.5,1.5,1.2,2.7,3,25.5,115,114,aytonde01
Derrick Jones Jr.,26,DAL,SF,76,66,1783,6.4,13.3,2.2,6.4,4.2,6.9,2.6,3.7,2.2,4.5,6.7,2,1.4,1.4,1.7,3.3,17.7,116,116,jonesde02
Kyle Anderson,30,MIN,PF,79,10,1782,5.5,12,0.3,1.3,5.2,10.7,2.7,3.8,1.7,5.9,7.6,9.2,2,1.3,2.5,3.6,14,114,109,anderky01
Jalen Duren,20,DET,C,61,60,1777,9.4,15.3,0,0.1,9.4,15.2,3.9,4.9,5.2,14,19.2,4,0.9,1.3,3.5,5.2,22.8,122,115,durenja01
Bradley Beal,30,PHX,SG,53,53,1767,10.4,20.3,2.8,6.5,7.6,13.8,3,3.7,1.5,4.9,6.4,7.3,1.4,0.7,3.6,3.5,26.6,117,117,bealbr01
Scoot Henderson,19,POR,PG,62,32,1765,8.6,22.3,2.4,7.5,6.2,14.8,4.7,5.7,1.5,3.9,5.4,9.4,1.3,0.4,5.9,5.5,24.3,97,120,hendesc01
Nick Richards,26,CHA,C,67,51,1759,7.3,10.5,0,0,7.3,10.5,3.7,5,4.8,10.3,15.1,1.5,0.7,2.1,2,4.9,18.3,134,118,richani01
Kelly Olynyk,32,TOT,C,78,27,1759,7.6,13.6,1.6,4.3,5.9,9.4,4.1,4.9,3,8.3,11.3,9.5,2,0.8,4.2,6.3,20.9,124,118,olynyke01
Caleb Martin,28,MIA,SF,64,23,1756,6.8,15.9,2.3,6.6,4.5,9.3,2.2,2.8,2.1,5.9,8,4.1,1.3,0.8,2.2,3.6,18.2,107,113,martica02
Sam Hauser,26,BOS,SF,79,13,1741,7.1,15.8,5.6,13.2,1.5,2.6,0.5,0.5,1.3,6.6,7.8,2.3,1.1,0.7,0.9,2.8,20.2,126,114,hausesa01
Al Horford,37,BOS,C,65,33,1740,6.1,11.9,3.1,7.3,3,4.6,0.7,0.9,2.3,9.4,11.7,4.8,1.1,1.8,1.4,2.6,16,135,111,horfoal01
Toumani Camara,23,POR,PF,70,49,1739,5.6,12.4,1.6,4.9,3.9,7.6,2.1,2.8,3.9,5.8,9.7,2.5,1.9,0.9,2.4,4.9,15,110,117,camarto01
Obi Toppin,25,IND,PF,82,28,1730,9.1,15.8,2.8,6.9,6.3,8.9,2.1,2.7,2.3,6.4,8.7,3.5,1.3,1.2,1.9,3.9,23,129,119,toppiob01
Bilal Coulibaly,19,WAS,SF,63,15,1715,5.1,11.8,1.7,5,3.4,6.7,2.5,3.6,1.5,5.5,7,3,1.6,1.3,2.4,3.7,14.5,103,120,coulibi01
OG Anunoby,26,TOT,SF,50,50,1702,8.2,16.7,3,7.7,5.2,9,1.9,2.6,1.4,4.7,6,3.1,2,1,2.3,3.4,21.2,113,117,anunoog01
Jabari Walker,21,POR,PF,72,23,1700,6.8,14.8,1.2,4,5.6,10.7,3.7,5,4.4,10.4,14.8,2.1,1.2,0.6,1.9,5,18.5,115,116,walkeja01
Andrew Nembhard,24,IND,PG,68,47,1697,7.2,14.5,1.7,4.8,5.5,9.8,1.3,1.6,1,2.9,3.9,7.8,1.8,0.2,2.8,4,17.4,114,121,nembhan01
Cason Wallace,20,OKC,SG,82,13,1692,6.2,12.6,2.8,6.6,3.4,5.9,0.8,1.1,1.5,3.8,5.3,3.4,2.2,1.1,1.3,3.7,15.9,122,113,wallaca01
Trey Murphy III,23,NOP,SF,57,23,1690,8,18,4.9,12.9,3.1,5.1,3.6,4.4,1.2,6.9,8.1,3.6,1.5,0.8,1,2,24.4,127,114,murphtr02
Kristaps Porziņģis,28,BOS,C,57,57,1690,11.3,22,3.2,8.6,8.1,13.4,7.6,8.8,2.8,9.1,12,3.4,1.2,3.2,2.6,4.6,33.5,128,109,porzikr01
Kyle Lowry,37,TOT,PG,60,55,1690,4.8,11.1,2.9,7.3,1.9,3.7,1.8,2.2,1,4.7,5.7,7.4,1.7,0.6,2.5,4.3,14.3,118,114,lowryky01
Jordan Clarkson,31,UTA,SG,55,19,1682,9.7,23.4,2.6,8.9,7.1,14.5,5.1,5.8,1.4,4,5.4,7.9,1,0.2,4.2,2.3,27,107,124,clarkjo01
De'Andre Hunter,26,ATL,SF,57,37,1681,8.7,18.9,3.3,8.7,5.3,10.2,4.7,5.6,0.9,5.4,6.3,2.5,1.1,0.5,2.4,4.2,25.4,115,121,huntede01
Pat Connaughton,31,MIL,SF,76,3,1676,4.3,9.9,2.4,6.8,2,3.1,1.3,1.7,1.5,5.4,6.9,4.6,1.1,0.5,1.4,2.8,12.3,120,118,connapa01
Christian Braun,22,DEN,SG,82,4,1655,6.6,14.5,1.9,4.9,4.8,9.6,2.8,4,2.4,6.8,9.2,4,1.3,1,1.6,4.1,18,116,114,braunch01
Simone Fontecchio,28,TOT,SF,66,43,1644,7.4,16.1,3.9,9.8,3.5,6.3,1.6,1.9,1.9,5.3,7.2,3,1.3,0.7,2,3.2,20.3,117,121,fontesi01
Ochai Agbaji,23,TOT,SG,78,28,1641,5.2,12.7,1.8,6.2,3.4,6.5,1.1,1.6,2.2,4.2,6.4,2.4,1.4,1.3,1.9,3.4,13.4,102,121,agbajoc01
Julius Randle,29,NYK,PF,46,46,1630,12.2,25.9,2.4,7.5,9.9,18.3,7.3,9.3,3.1,10,13.1,7.1,0.8,0.4,4.9,3.9,34.1,113,114,randlju01
Precious Achiuwa,24,TOT,C,74,18,1624,7.2,14.4,0.8,3,6.4,11.4,2.1,3.4,5.9,9.1,14.9,3,1.4,2.1,2.5,4.4,17.3,114,112,achiupr01
Santi Aldama,23,MEM,PF,61,35,1618,7.5,17.2,3.2,9.2,4.3,8,1.6,2.6,2.2,8.5,10.6,4.2,1.3,1.6,2.1,2.7,19.8,109,114,aldamsa01
Cameron Johnson,27,BKN,PF,58,47,1599,8.5,19.2,4.3,10.9,4.3,8.2,2.7,3.4,1.7,6.1,7.8,4.3,1.5,0.5,1.8,3.3,24,118,117,johnsca02
Malaki Branham,20,SAS,PG,75,29,1594,8.1,18.7,2.8,8,5.3,10.7,1.6,1.9,0.8,3.6,4.4,4.6,0.8,0.2,2.7,2.8,20.5,101,121,branhma01
Paul Reed,24,PHI,C,82,24,1590,8,14.9,0.6,1.8,7.4,13.1,1.9,2.6,6,9.1,15.1,3.4,2.1,2.6,2.1,6.1,18.6,123,110,reedpa01
Ausar Thompson,21,DET,SF,63,38,1583,7.1,14.6,0.6,3.4,6.4,11.2,2.2,3.6,3.9,8.3,12.2,3.6,2.1,1.8,2.6,5.3,16.9,107,115,thompau01
Anfernee Simons,24,POR,SG,46,46,1582,11.2,26.1,4.9,12.6,6.4,13.5,5.1,5.6,0.7,4.5,5.2,8,0.7,0.2,3.9,3.1,32.4,113,121,simonan01
Kevin Huerter,25,SAC,SG,64,59,1562,7.7,17.4,3.8,10.6,3.9,6.8,1.1,1.5,1.2,5.8,7,5.2,1.4,0.7,1.6,4.2,20.4,116,116,huertke01
Bennedict Mathurin,21,IND,SF,59,19,1538,9.1,20.3,2.5,6.6,6.6,13.8,5.6,6.9,1.8,5.3,7.2,3.7,1.1,0.4,3,3.6,26.3,110,121,mathube01
Evan Mobley,22,CLE,PF,50,50,1532,10.3,17.8,0.7,1.9,9.6,15.9,4,5.5,3.6,11.5,15.1,5.2,1.5,2.3,2.9,4.3,25.3,122,109,mobleev01
Chris Paul,38,GSW,PG,58,18,1531,6.5,14.8,2.5,6.6,4,8.1,1.4,1.6,0.6,6.5,7.1,12.4,2.2,0.2,2.4,3.4,16.8,124,115,paulch01
Russell Westbrook,35,LAC,PG,68,11,1529,9.7,21.4,1.4,5,8.4,16.4,3.6,5.2,3,8.1,11.1,9.9,2.4,0.7,4.6,3.9,24.3,107,113,westbru01
Nicolas Batum,35,TOT,PF,60,38,1529,3.7,8.2,2.3,6,1.4,2.3,0.5,0.7,2.3,5.7,8,4.1,1.5,1.2,1.3,3.5,10.3,126,115,batumni01
Zach Collins,26,SAS,C,69,29,1526,9.3,19.2,1.8,5.6,7.5,13.5,3.8,5,3.7,7.8,11.5,6,1.1,1.6,4.1,6.4,24.1,108,116,colliza01
Josh Green,23,DAL,SG,57,33,1505,5.7,11.9,2.3,6,3.4,6,1.2,1.8,1.3,4.6,5.9,4.1,1.5,0.3,1.9,3.4,15,115,117,greenjo02
Walker Kessler,22,UTA,C,64,22,1493,7.4,11.3,0.1,0.6,7.3,10.7,1.8,3,5.3,10.2,15.5,1.9,1,5,2.1,4.3,16.7,128,114,kesslwa01
Draymond Green,33,GSW,PF,55,52,1490,6,12.1,1.7,4.2,4.4,7.9,1.8,2.4,2.5,10.5,12.9,10.8,1.8,1.5,4.4,5.4,15.4,116,112,greendr01
Peyton Watson,21,DEN,SF,80,4,1488,6.9,14.9,1.5,5.1,5.4,9.8,2.4,3.5,1.9,6.7,8.6,2.9,1.4,2.9,1.9,4.8,17.7,108,111,watsope01
Matisse Thybulle,26,POR,SF,65,19,1487,4.2,10.5,2.7,7.7,1.5,2.9,0.7,1,1,3.5,4.5,3,3.8,1.6,1.3,3.1,11.8,111,114,thybuma01
Khris Middleton,32,MIL,SF,55,55,1487,10.2,20.8,3,8,7.2,12.8,3.2,3.9,1.3,7,8.3,9.4,1.6,0.5,4.1,4.6,26.8,115,116,middlkh01
Bojan Bogdanović,34,TOT,PF,57,27,1478,10.2,22.6,4.4,11.1,5.8,11.5,3.9,4.9,0.7,4.3,5,3.2,1,0.2,3.3,3.1,28.8,108,120,bogdabo02
Julian Champagnie,22,SAS,SF,74,59,1468,5.3,13,3.3,9,2,4,2.4,3,1.4,5.3,6.7,3.3,1.6,1.4,1.8,2.5,16.3,111,117,champju02
Patrick Beverley,35,TOT,PG,73,13,1462,5.3,12.6,2,6,3.2,6.6,2.5,3,1.6,6.3,8,7.1,1.4,1,2.2,4.3,15,116,115,beverpa01
Amir Coffey,26,LAC,SF,70,13,1460,5.6,11.9,2.4,6.2,3.2,5.7,2.1,2.4,1,4,5,2.6,1.4,0.5,1.1,3.4,15.7,122,118,coffeam01
Isaiah Joe,24,OKC,SG,78,1,1445,7.4,16.1,4.9,11.7,2.5,4.4,1.5,1.7,1.1,4.9,6,3.3,1.5,0.7,1.6,2.9,21.2,121,115,joeis01
Desmond Bane,25,MEM,SG,42,42,1443,12.2,26.3,4.6,12.2,7.6,14.1,4.7,5.5,1.2,5,6.3,7.8,1.5,0.7,3.8,4.1,33.8,114,116,banede01
Vince Williams Jr.,23,MEM,SG,52,33,1436,5.8,12.9,2.7,7.1,3.1,5.8,3.5,4.4,2,7.9,9.9,6,1.6,1.2,3.1,4.6,17.7,114,114,willivi01
Isaiah Stewart,22,DET,PF,46,45,1423,6.3,12.9,2.3,5.9,4,7,2.2,2.9,2.5,7.8,10.3,2.5,0.6,1.3,2.2,3.3,17,114,119,stewais01
Moritz Wagner,26,ORL,C,80,1,1415,11.6,19.3,1.3,4,10.3,15.3,5.8,7.1,4.1,8,12.1,3.4,1.4,0.7,3.4,5.6,30.4,126,112,wagnemo01
Tyler Herro,24,MIA,SG,42,40,1407,11.5,26.1,4.7,11.8,6.8,14.3,3.4,3.9,0.7,7.2,7.9,6.7,1.1,0.1,3.3,2.2,31,108,114,herroty01
Wendell Carter Jr.,24,ORL,C,55,48,1406,7.9,15,2.3,6,5.6,8.9,3.3,4.7,3.9,9.5,13.4,3.3,1.2,1,2.4,4.3,21.2,122,111,cartewe01
Onyeka Okongwu,23,ATL,C,55,8,1405,7.6,12.5,0.8,2.4,6.8,10.1,3.1,4,4.9,7.9,12.8,2.5,0.9,2,1.5,5.5,19.2,138,118,okongon01
Amen Thompson,21,HOU,SF,62,23,1388,8.4,15.6,0.3,2,8.1,13.6,3.7,5.4,5.2,9.1,14.3,5.7,2.7,1.3,3.1,4.9,20.7,118,109,thompam01
Haywood Highsmith,27,MIA,PF,66,26,1366,5.6,12,2.8,7,2.8,5,0.8,1.3,2.4,5.3,7.7,2.6,1.9,1.1,1.2,4.3,14.8,118,112,highsha01
Dyson Daniels,20,NOP,PG,61,16,1358,5,11.2,1.5,4.9,3.5,6.4,1.2,1.9,2.2,6.3,8.5,5.9,3.1,0.9,2.1,3.6,12.8,113,110,daniedy01
Andre Drummond,30,CHI,C,79,10,1351,9.9,17.7,0,0.1,9.9,17.6,4.8,8,9.8,16.3,26.1,1.4,2.7,1.8,3,5.2,24.5,119,107,drumman01
Marcus Sasser,23,DET,PG,71,11,1351,7.8,18.2,3.2,8.5,4.6,9.7,2.1,2.4,0.4,4.1,4.5,8.4,1.6,0.4,3.2,3.7,20.9,108,120,sassema01
Kris Murray,23,POR,SF,62,29,1348,5.3,13.4,1.8,6.7,3.5,6.7,1.4,2.1,3.1,5.1,8.2,2.9,1.9,0.8,2,3.4,13.8,103,118,murrakr01
Miles McBride,23,NYK,PG,68,14,1328,7.8,17.2,4.1,10.1,3.6,7.1,1.6,1.9,1.2,2.6,3.8,4.3,1.9,0.3,1.1,4.1,21.3,126,116,mcbrimi01
Jakob Poeltl,28,TOR,C,50,50,1319,9.1,13.8,0,0,9.1,13.8,2.2,3.9,5.3,10.4,15.7,4.6,1.3,2.8,2.8,5.5,20.3,125,115,poeltja01
Joel Embiid,29,PHI,C,39,39,1309,16.9,32,2,5.2,14.9,26.8,15,17,3.6,12.6,16.2,8.2,1.7,2.5,5.6,4.2,50.9,124,109,embiijo01
Jeff Green,37,HOU,PF,78,6,1307,6.2,13.6,2,5.9,4.2,7.6,4.5,5.5,1.7,4.9,6.6,2.6,0.6,1.2,1.7,3.7,18.9,119,117,greenje02
Cameron Payne,29,TOT,PG,78,10,1304,7.7,17.9,3.9,9.9,3.9,8,2.2,2.5,0.8,3.6,4.4,7.6,1.6,0.4,2.5,4.7,21.5,116,118,payneca01
Gary Harris,29,ORL,SG,54,27,1297,5,11.3,2.9,7.8,2.1,3.5,1.3,1.7,0.9,2.6,3.5,3.3,1.9,0.5,1.2,3.5,14.2,120,114,harriga01
Dereck Lively II,19,DAL,C,55,42,1294,8.2,11,0,0.1,8.2,10.9,1.5,3,5,9,14,2.2,1.3,2.9,1.9,5.3,17.9,139,112,livelde01
T.J. McConnell,31,IND,PG,71,4,1291,12.1,21.7,0.7,1.6,11.4,20.1,1.8,2.3,1.3,5.7,7,14.3,2.6,0.3,3.9,2.9,26.6,121,117,mccontj01
Aaron Holiday,27,HOU,PG,78,1,1269,7.1,15.9,3.2,8.3,3.9,7.6,2.2,2.4,0.9,3.8,4.7,5.4,1.6,0.2,2,4.8,19.6,117,116,holidaa01
Cedi Osman,28,SAS,SF,72,3,1269,6.9,14.4,3.2,8.3,3.7,6.1,1.3,1.9,0.9,5.8,6.7,4.5,1.3,0.4,1.8,4,18.3,115,118,osmande01
Gradey Dick,20,TOR,SG,60,17,1268,7.2,16.9,3.4,9.2,3.8,7.8,1.7,1.9,1,4,5,2.6,1.3,0.1,1.9,3.3,19.4,105,122,dickgr01
Naji Marshall,26,NOP,SF,66,1,1257,6.6,14.3,2.3,5.9,4.4,8.5,2.7,3.4,2.1,7.3,9.4,5,1.9,0.5,2.5,3.5,18.2,115,113,marshna01
Kris Dunn,29,UTA,PG,66,32,1249,5.7,12.1,1.6,4.3,4.1,7.8,0.8,1.2,1.9,5.4,7.3,9.8,2.6,1.1,3.1,5.2,13.8,116,118,dunnkr01
Gordon Hayward,33,TOT,SF,51,28,1245,7.3,15.8,1.5,3.5,5.9,12.3,3.5,4.7,1.5,5.6,7.1,6.2,1.6,0.5,2.6,2.6,19.6,111,118,haywago01
GG Jackson II,19,MEM,PF,48,18,1233,9.6,22.3,4,11.3,5.5,11,4.6,6.1,2.1,5.7,7.8,2.3,1.1,1,2.6,2.5,27.7,107,117,jacksgg01
Aaron Wiggins,25,OKC,SG,78,4,1228,8.3,14.8,2.4,4.9,5.9,9.8,2.2,2.8,2.3,4.9,7.3,3.4,2.2,0.7,2.2,3.6,21.2,125,113,wiggiaa01
Larry Nance Jr.,31,NOP,C,61,0,1216,5.6,9.7,1.1,2.6,4.5,7.1,1.9,2.5,3.8,8.6,12.4,4.6,2.5,0.8,2,4,14.1,131,111,nancela02
Duop Reath,27,POR,C,68,20,1214,9.4,20.3,3.6,10,5.8,10.3,2.8,3.8,3.8,6.4,10.2,2.7,1.3,1.5,2.1,6.5,25.1,116,117,reathdu01
Alec Burks,32,TOT,SG,66,1,1212,8.4,22.9,5,13.3,3.5,9.6,5.8,6.7,1,5.1,6,3.5,1.1,0.5,1.9,3,27.7,111,120,burksal01
Kevon Looney,27,GSW,C,74,36,1195,5.6,9.4,0,0,5.6,9.4,2.3,3.4,5.8,11.2,17,5.4,1.1,1.2,2,6.3,13.5,134,113,looneke01
David Roddy,22,TOT,PF,65,13,1177,6.9,17,2,6.8,4.9,10.2,2,2.8,2.2,6.6,8.8,3.3,1.1,0.5,2.4,3,17.6,98,117,roddyda01
Vasilije Micić,30,TOT,PG,60,21,1176,6.6,15.4,1.8,6.4,4.8,9,2.5,3.1,0.6,3.1,3.7,10.9,1.3,0.3,4.1,2.8,17.6,105,121,micicva01
Patrick Williams,22,CHI,PF,43,30,1174,6.8,15.2,2.5,6.3,4.2,9,2.2,2.8,2,5.1,7,2.8,1.7,1.4,2.4,3.7,18.2,107,117,willipa01
John Konchar,27,MEM,SF,55,23,1173,3.7,8.7,1.6,5,2.1,3.7,0.9,1,3,7.7,10.7,4.6,2.1,2.1,1.9,3.2,9.8,114,112,konchjo01
Drew Eubanks,26,PHX,C,75,6,1169,6.3,10.6,0.1,0.1,6.2,10.4,3,3.9,4.3,9.1,13.4,2.6,1.1,2.5,2.5,4.8,15.8,123,113,eubandr01
Joe Ingles,36,ORL,SF,68,0,1169,4.2,9.6,3,6.8,1.2,2.8,1.2,1.4,0.8,5.3,6,8.6,1.8,0.2,2.8,3.7,12.5,119,113,inglejo01
Anthony Black,20,ORL,PG,69,33,1164,4.9,10.5,1.6,4,3.3,6.5,2.1,3.4,1.4,4.5,5.9,3.9,1.5,0.9,2.4,4.7,13.4,108,113,blackan01
Jordan Hawkins,21,NOP,SG,67,10,1160,7.4,19.3,4.6,12.6,2.7,6.7,2.8,3.4,1.2,5,6.3,3,0.8,0.3,1.7,3,22.1,109,117,hawkijo01
Trey Lyles,28,SAC,PF,58,0,1158,6,13.5,3.5,9.2,2.5,4.3,2.1,2.9,2.6,8.2,10.8,3,0.7,0.8,1.6,3.6,17.6,120,116,lylestr01
Moses Moody,21,GSW,SG,66,9,1156,8.1,17.6,3,8.4,5.1,9.2,3.1,3.9,2.7,5.5,8.2,2.4,1.8,1,1.8,3.8,22.3,117,115,moodymo01
Jae Crowder,33,MIL,PF,50,25,1156,4.7,11.2,2.4,6.9,2.3,4.3,1.1,1.5,1.3,5.4,6.7,2.7,1.6,0.4,1,3.1,13,114,117,crowdja01
Trayce Jackson-Davis,23,GSW,PF,68,16,1130,10,14.2,0,0,10,14.2,3.2,5.7,5.8,8.8,14.6,3.5,1.2,3.3,2.1,4.6,23.1,136,112,jackstr02
Malcolm Brogdon,31,POR,PG,39,25,1121,9.6,21.8,3.6,8.8,6,13.1,4.2,5.1,1.2,5.3,6.5,9.4,1.2,0.4,2.6,2.6,27,120,120,brogdma01
Dean Wade,27,CLE,PF,54,32,1108,4.3,10.3,3.5,9,0.8,1.3,0.9,1.2,1.6,8.1,9.7,1.9,1.8,1.1,0.9,4.1,13,121,111,wadede01
Josh Richardson,30,MIA,SG,43,6,1103,7,15.7,3,8.6,4,7.1,2.3,2.4,0.8,4.7,5.5,4.7,1.1,0.6,1.6,3.4,19.2,115,115,richajo01
Davion Mitchell,25,SAC,PG,72,4,1101,6.4,14.2,2.5,7,3.9,7.3,1.3,1.9,0.8,3.4,4.2,5.9,0.7,0.1,1.9,3.7,16.7,114,120,mitchda01
Dario Šarić,29,GSW,C,64,9,1098,8,17.1,3.3,8.7,4.7,8.4,3.5,4.1,3.2,9.3,12.5,6.3,1.4,0.4,3.4,4.9,22.7,119,115,saricda01
James Wiseman,22,DET,C,63,6,1091,8.2,13.4,0,0.1,8.2,13.4,3.2,4.5,4.9,10,14.8,2.4,0.5,1.7,2.9,6.2,19.7,119,118,wisemja01
Danté Exum,28,DAL,PG,55,17,1088,7.1,13.3,2.3,4.8,4.8,8.6,2.3,3,1.1,5.5,6.6,6.9,1,0.2,2.2,3.7,18.9,128,118,exumda01
Sam Merrill,27,CLE,SG,61,1,1069,7.3,18.2,6.6,16.4,0.7,1.8,1.2,1.3,1,4.5,5.5,5,0.9,0.2,0.9,3.3,22.4,125,117,merrisa01
Dennis Smith Jr.,26,BKN,PG,56,2,1059,6.9,15.8,1.5,5.1,5.4,10.7,2,2.7,2.3,5.3,7.7,9.5,3.2,0.6,3.2,5.7,17.3,110,114,smithde03
Shaedon Sharpe,20,POR,SG,32,25,1059,8.2,20.2,2.8,8.4,5.4,11.8,4.6,5.5,2,5.5,7.5,4.4,1.3,0.6,3.4,4.1,23.8,105,119,sharpsh01
Jordan Goodwin,25,TOT,PG,57,12,1055,6.5,17.7,1.9,6.5,4.6,11.2,2,2.7,4.1,7.6,11.7,7.2,2.2,0.8,2.6,3.5,17,105,113,goodwjo01
Marvin Bagley III,24,TOT,C,50,25,1053,10.8,18.4,0.4,1,10.3,17.3,4.3,5.7,5.8,8.2,14,2.5,0.9,1.5,2.7,3.6,26.2,122,119,baglema01
Torrey Craig,33,CHI,SF,53,14,1049,5.1,11.9,2.9,7.3,2.3,4.7,1.3,1.7,3.3,7,10.3,2.8,1.4,1,1.5,5.2,14.4,119,117,craigto01
Jalen Smith,23,IND,C,61,14,1047,10.5,17.8,2.7,6.5,7.8,11.3,3.2,4.7,5,10.1,15.2,2.8,0.8,1.7,2,5.6,27.1,133,117,smithja04
Dalano Banton,24,TOT,PG,54,9,1047,9.5,23.6,2.8,9.4,6.7,14.2,4.4,5.7,1.9,6.5,8.4,6,1.6,0.9,3.6,3,26.3,103,117,bantoda01
Ziaire Williams,22,MEM,SF,51,15,1038,7.1,17.8,2.7,8.9,4.3,8.9,2.9,3.5,1.6,6.8,8.5,3.5,1.7,0.4,3.1,4,19.8,98,115,willizi02
Jae'Sean Tate,28,HOU,SF,65,9,1031,5.1,10.8,1.1,3.6,4,7.2,1.2,1.8,2.9,6.4,9.3,3,2,0.7,1.7,6.4,12.5,112,113,tateja01
Kenrich Williams,29,OKC,PF,69,1,1029,6.1,13.1,2.6,6.6,3.5,6.5,0.3,0.7,2.9,6.9,9.8,4.3,1.8,0.4,1.5,4.7,15.2,120,113,willike04
Jose Alvarado,25,NOP,PG,56,0,1028,6.8,16.5,3.7,9.9,3.1,6.6,1.7,2.5,1.2,4.9,6.1,5.6,2.8,0.7,1.9,4.2,18.9,112,112,alvarjo01
Quentin Grimes,23,TOT,SG,51,18,1025,6,16,4,11.7,2,4.3,1.7,2.2,0.7,4.2,4.9,3.2,1.7,0.3,1.4,3.7,17.6,109,116,grimequ01
De'Anthony Melton,25,PHI,SG,38,33,1023,6.7,17.3,3.7,10.3,3,7,3.2,3.8,1.3,5.4,6.8,5.5,2.9,0.8,1.9,4,20.3,113,113,meltode01
Daniel Theis,31,TOT,C,60,3,1015,7.6,14.2,1.3,3.5,6.3,10.8,1.8,2.4,4.1,7.7,11.9,3,1,2.5,2,6.2,18.3,121,114,theisda01
Lonnie Walker IV,25,BKN,SG,58,0,1011,10.2,24.1,5.1,13.3,5.1,10.8,2.2,2.9,0.6,5.6,6.2,3.6,1.6,1,2.5,3.5,27.7,105,117,walkelo01
Talen Horton-Tucker,23,UTA,PG,51,11,1009,8.8,22.2,2.9,8.7,5.9,13.5,4.2,5.2,1,4.8,5.8,8.5,2.2,0.9,3.1,4.5,24.7,108,120,hortota01
Killian Hayes,22,DET,PG,42,31,1008,5.6,13.5,1.1,3.5,4.5,10,1.6,2.4,0.5,5.2,5.7,9.8,1.7,1,2.4,3.6,13.8,106,119,hayeski01
Jevon Carter,28,CHI,PG,72,0,1004,6.9,18.1,3.8,11.6,3,6.5,0.2,0.3,0.5,2.4,3,4.7,1.8,0.8,1.8,3.5,17.7,101,119,carteje01
Luke Kennard,27,MEM,SG,39,22,999,6.9,15.4,5.2,11.6,1.7,3.8,2,2.2,0.5,5,5.5,6.7,1,0.1,2.6,1.9,21,121,119,kennalu01
Garrison Mathews,27,ATL,SG,66,5,992,5,10.9,4.1,9.3,0.9,1.6,1.6,2,0.8,3.6,4.4,1.8,1,0.4,0.9,5.6,15.7,131,123,mathega01
Jaden Hardy,21,DAL,SG,73,7,989,9.5,23.2,3.9,10.9,5.5,12.4,2.9,3.7,1,5.4,6.4,5.3,1.1,0.2,3,3.9,25.7,103,118,hardyja02
Tre Mann,22,TOT,PG,41,28,987,7.2,15.7,2.3,6.3,4.9,9.5,2.2,2.9,1,6.4,7.4,8.2,2.5,0.1,3.2,2.4,19,110,118,manntr01
Cam Reddish,24,LAL,SF,48,26,984,4.4,11.3,1.8,5.3,2.6,6,2,2.6,1.3,3.5,4.8,2.3,2.3,0.7,1.5,3.1,12.6,102,116,reddica01
Luke Kornet,28,BOS,C,63,7,983,7.1,10.2,0.1,0.1,7.1,10.2,2.5,2.7,5.9,7.2,13.1,3.4,1.2,3.1,1.1,3.9,16.8,157,110,kornelu01
Keon Ellis,24,SAC,SG,57,21,978,5.3,11.5,3.5,8.3,1.8,3.2,1.3,1.7,1.6,4.6,6.2,4.2,2.5,1.4,1.8,5.6,15.4,122,113,elliske01
Xavier Tillman Sr.,25,TOT,PF,54,15,974,6.1,14,1,4.1,5.1,10,1.1,2.5,3.5,7.1,10.6,3.9,2.6,2.2,1.7,3.8,14.3,105,110,tillmxa01
Josh Okogie,25,PHX,SG,60,11,960,4.4,10.5,1.5,4.8,2.9,5.7,3.9,5.2,3.8,4.1,7.8,3.3,2.4,1.2,1.8,3.5,14.1,119,114,okogijo01
Goga Bitadze,24,ORL,C,62,33,957,6.5,10.8,0.1,0.7,6.4,10.1,2.9,4.5,5.6,9.2,14.8,4.1,1.7,3.7,2.3,5.5,16.1,128,107,bitadgo01
Max Christie,20,LAL,SG,67,7,944,5.2,12.1,2.1,5.9,3.1,6.2,1.8,2.3,0.8,6.4,7.2,3,1,0.9,1.8,2.9,14.3,105,117,chrisma02
Kevin Love,35,MIA,PF,55,5,924,8.5,19.4,4.5,13.2,4,6.2,4.6,5.8,3.2,15.1,18.2,6.2,1,0.5,2.6,5.2,26.2,121,109,loveke01
Day'Ron Sharpe,22,BKN,C,61,1,921,9,15.8,0.2,0.8,8.8,15,4,6.6,8.7,12.3,20.9,4.6,1.3,2.4,3.8,7,22.3,120,112,sharpda01
Jonathan Isaac,26,ORL,PF,58,2,914,7.9,15.5,2.3,6.1,5.6,9.4,3.2,4.4,4,10.1,14.1,1.6,2.3,3.8,1.5,3.5,21.3,124,105,isaacjo01
Markelle Fultz,25,ORL,PG,43,18,910,8.4,17.7,0.2,1,8.2,16.8,1.3,1.8,3,4.5,7.5,6.5,2.3,0.8,2.7,3.5,18.2,106,112,fultzma01
Doug McDermott,32,TOT,SF,64,0,904,6.4,14.9,4.9,12,1.5,2.9,0.6,1,0.5,2.6,3.1,3.7,0.8,0.1,1.5,3.4,18.4,114,122,mcderdo01
Jaylin Williams,21,OKC,C,69,1,897,5.1,12.2,2.8,7.7,2.3,4.5,1.8,2.2,1.9,10.6,12.5,5.9,1.5,1.4,1.8,5.3,14.8,119,110,willija07
Nikola Jović,20,MIA,PF,46,38,896,7.1,15.6,3.6,9.1,3.5,6.6,1.8,2.6,1.4,9.3,10.7,5,1.4,0.8,2.3,4.6,19.6,113,111,jovicni01
Bryce McGowens,21,CHA,SG,59,14,882,5.7,12.9,1.9,5.7,3.7,7.2,3.7,4.8,1,4.8,5.7,2.9,1.2,0.6,1.7,4.1,16.9,111,122,mcgowbr01
Cam Whitmore,19,HOU,SF,47,2,880,11.7,25.7,4.4,12.1,7.3,13.6,4.2,6.2,2.4,7.5,9.9,1.8,1.7,0.9,2.5,3.5,31.9,109,113,whitmca01
Jaxson Hayes,23,LAL,C,70,5,877,6.8,9.5,0,0.4,6.8,9.1,2.8,4.4,3.7,7.7,11.4,1.8,1.8,1.6,2.3,6.7,16.4,128,113,hayesja02
Blake Wesley,20,SAS,SG,61,3,876,5.5,11.7,0.7,3,4.9,8.7,2.8,4.2,1,4.1,5.1,9,1.6,0.5,3,4.8,14.5,110,118,weslebl01
Malachi Flynn,25,TOT,PG,69,0,876,7.5,17.9,3.1,9.3,4.4,8.6,2.9,3.9,1.2,5.1,6.3,7.2,2.1,0.4,3.5,3.6,21,105,119,flynnma01
Christian Wood,28,LAL,PF,50,1,872,6.7,14.4,1.9,6.2,4.8,8.2,3.6,5.1,2.1,11.7,13.9,2.7,0.9,1.8,2.7,3.9,18.9,107,113,woodch01
Zach LaVine,28,CHI,SG,25,23,872,9.7,21.5,3.4,9.7,6.3,11.8,5,5.9,0.5,6.9,7.4,5.6,1.2,0.5,3,3.3,27.8,113,118,lavinza01
Maxi Kleber,32,DAL,C,43,7,871,3.5,8,1.8,5.1,1.7,3,1.8,2.6,1.7,6.2,7.9,3.7,0.9,1.7,1.5,4.4,10.5,118,116,klebima01
Justin Holiday,34,DEN,SG,58,9,862,5.1,11.2,3.2,7.8,1.9,3.3,0.2,0.2,0.5,3.6,4.1,3.9,2.1,0.5,0.8,4,13.5,124,115,holidju01
Chimezie Metu,26,TOT,C,51,12,859,6.9,13.8,1.6,5.3,5.4,8.5,3.3,3.6,2.3,8.6,10.9,2.6,2.4,0.9,2.9,4,18.7,112,114,metuch01
Trendon Watford,23,BKN,PF,63,2,856,9.5,18,1.6,3.9,7.9,14.1,4.5,5.6,3,8.2,11.2,4.7,1.3,1.1,3.6,6.1,25,115,115,watfotr01
Taylor Hendricks,20,UTA,PF,40,23,856,6.1,13.5,3,7.9,3.1,5.6,1.3,1.6,2.6,7.8,10.4,1.8,1.6,1.7,1.5,4.3,16.5,117,119,hendrta01
Dwight Powell,32,DAL,C,63,9,836,4.1,6.1,0.1,0.2,4.1,5.9,3.6,5.1,5.6,6.7,12.3,4.8,1.5,1.1,1.8,6.5,11.9,147,115,poweldw01
Troy Brown Jr.,24,TOT,SF,59,15,827,5,13.3,2.8,8.3,2.2,5,1.9,2.2,1.5,7,8.5,3.5,1.4,0.2,1.8,2.5,14.6,105,115,browntr01
Marcus Morris,34,TOT,PF,49,7,817,7,15.9,2.9,7.2,4.1,8.7,2.2,2.7,1.4,6.7,8.1,2.2,0.9,0.8,1.8,4.5,19.1,109,116,morrima03
Caleb Houstan,21,ORL,SF,59,13,815,4.9,12.5,4.4,11.7,0.5,0.8,1.3,1.6,1.7,3.4,5.1,1.8,0.9,0.2,1,3.7,15.4,119,116,houstca01
Ben Sheppard,22,IND,SG,57,1,814,5.2,13.3,2.8,9,2.4,4.2,1.3,1.5,0.9,4.3,5.2,3.1,1.9,0.1,0.9,5.1,14.6,112,120,sheppbe01
Jake LaRavia,22,MEM,PF,35,6,806,7.2,18.4,3.2,9.5,3.9,8.9,5.5,6.6,3.1,4.7,7.8,3.5,1.8,0.7,2.7,4.2,23,109,116,laravja01
Bismack Biyombo,31,TOT,C,40,27,791,4.6,8.1,0,0,4.6,8.1,1.6,3.3,3.8,9.1,12.9,3.3,0.7,2.3,2.6,5.5,10.7,108,114,biyombi01
JT Thor,21,CHA,PF,63,3,781,5.1,11.6,1.8,5.1,3.3,6.4,0.7,1.3,2.7,6.5,9.2,1.8,0.7,1.7,0.9,3.8,12.6,110,121,thorjt01
Isaiah Jackson,22,IND,C,59,3,771,9.5,14.3,0,0.2,9.5,14,4.5,6.2,5.8,8.8,14.6,3.1,2.1,3.7,2.4,8.4,23.4,135,112,jacksis01
Mitchell Robinson,25,NYK,C,31,21,768,4.8,8.3,0,0,4.8,8.3,1.8,4.3,9.3,7.9,17.3,1.2,2.4,2.3,1.6,3.6,11.4,128,109,robinmi01
Jock Landale,28,HOU,C,56,3,763,6.7,13.1,0.6,2.5,6.1,10.6,3.3,4.1,5.6,5.3,10.9,4.1,1.3,2.1,2,4.7,17.4,126,114,landajo01
Cody Martin,28,CHA,SF,28,22,753,5.4,14.1,1.8,5.6,3.6,8.5,1.3,2.2,1.2,5.9,7.1,6.8,2.1,1.2,2.9,3.1,13.8,96,118,martico01
KJ Martin,23,TOT,SF,60,2,746,6.4,11.9,0.5,1.8,5.9,10.1,1.5,2.7,2.7,5.9,8.6,3.4,1.5,0.8,2.1,6.6,14.8,112,115,martike04
Delon Wright,31,TOT,PG,47,1,742,4.8,12.1,1.6,4.4,3.2,7.7,2.4,2.9,1.2,4.3,5.6,7.7,3.5,0.7,0.9,2.1,13.6,120,114,wrighde01
Ish Smith,35,CHA,PG,43,5,741,4.4,10.5,0.3,0.5,4.1,10,0.2,0.3,0.7,4.3,5.1,9.7,1.1,0.3,3.1,3.3,9.3,97,123,smithis01
Mo Bamba,25,PHI,C,57,17,740,6.5,13.2,1.7,4.3,4.8,8.9,2.3,3.3,5.1,10.7,15.8,2.7,1.5,4,2.6,6.7,16.8,116,109,bambamo01
Nick Smith Jr.,19,CHA,SG,51,0,729,7.6,19.6,4.3,9.9,3.4,9.7,0.9,1,1.2,3.7,4.9,4,0.7,0.5,2.6,3.7,20.4,98,124,smithni01
Landry Shamet,26,WAS,SG,46,5,726,7.6,17.6,3.4,10.1,4.2,7.5,2.4,3,1,3,4,3.5,1.6,0.6,1.9,4.9,21.1,107,122,shamela01
Chris Duarte,26,SAC,SF,59,11,719,5.4,14.2,3,8.6,2.4,5.6,1.8,2.2,1.8,5.4,7.2,3,1.9,0.5,1.8,5.4,15.5,106,116,duartch01
Jordan Nwora,25,TOT,SF,52,1,712,9.3,20.2,3,8.8,6.3,11.3,3,3.6,1.9,8.2,10,4.2,1.8,0.9,3.6,3.2,24.5,105,117,nworajo01
LaMelo Ball,22,CHA,PG,22,22,711,12.7,29.4,4.9,13.7,7.8,15.7,6.2,7.2,2,5.8,7.8,12.2,2.8,0.3,5.8,5.5,36.5,110,118,ballla01
Chris Boucher,31,TOR,PF,50,0,705,7.5,14.9,2.1,6.4,5.4,8.4,4.9,6.3,4.2,9.9,14.2,1.6,1,1.6,1.9,4.7,22.1,124,117,bouchch01
Jacob Gilyard,25,TOT,PG,41,14,699,4.2,10.5,3.6,8.8,0.6,1.7,0.1,0.1,0.6,2.6,3.2,9.6,2.3,0.3,2.1,2.7,12.1,122,117,gilyaja01
Bruno Fernando,25,ATL,C,45,2,682,7.7,13.2,0,0.3,7.7,12.9,4.5,6.8,4.1,9.4,13.6,3.2,1.8,2,3.1,7.5,19.8,118,116,fernabr01
Dalen Terry,21,CHI,SG,59,2,681,5.1,11.5,1.2,5.4,3.8,6.1,1.8,3.1,2.1,6.1,8.3,5.9,2,1.3,2.3,5.9,13.2,109,115,terryda01
Gary Payton II,31,GSW,SG,44,0,680,7.3,13,1.4,3.9,5.9,9.1,1,1.6,3.3,4.8,8,3.4,2.8,1.3,1.9,5.5,17.1,123,113,paytoga02
Mason Plumlee,33,LAC,C,46,11,674,6.4,11.2,0,0.4,6.4,10.8,5.1,7.3,4.4,12.7,17.1,4,1,1.2,2.6,5,17.9,125,113,plumlma01
Dāvis Bertāns,31,TOT,PF,43,1,674,6.7,17.1,5.5,14.6,1.2,2.5,2.2,2.4,0.7,3.8,4.5,2.6,1.9,0.9,1.3,4.1,21.2,114,120,bertada01
Keita Bates-Diop,28,TOT,SF,53,8,665,5.3,12.2,1.5,5.1,3.8,7.1,2.4,3.1,2.3,5.8,8.1,2.8,1.8,1.6,1.1,2.6,14.5,116,114,bateske01
Jalen Wilson,23,BKN,PF,43,3,664,5.7,13.4,1.8,5.5,3.9,7.8,2.8,3.4,3.5,6.3,9.8,3.4,0.8,0.3,1.4,3.6,16,118,119,wilsoja03
Craig Porter Jr.,23,CLE,PG,51,6,649,8.8,17.4,0.9,2.6,7.9,14.8,3.1,4.3,1.6,6.7,8.3,9,1.6,1.1,3.4,3,21.7,114,113,portecr01
Rayan Rupert,19,POR,SG,39,12,633,4.2,12.6,2.2,6.1,2,6.5,1.5,2,1.9,5.3,7.2,4.8,0.9,0.2,2.4,4.4,12.1,98,120,ruperra01
Oshae Brissett,25,BOS,SF,55,1,630,5.3,12,1.2,4.3,4.2,7.7,3.9,6.5,4.8,7.8,12.5,3.5,1.5,0.6,1.6,4.2,15.8,121,112,brissos01
Danilo Gallinari,35,TOT,SF,49,0,630,6.2,14.3,2.3,7,4,7.3,6.3,7.4,1.5,6.6,8.1,4.1,1.1,0.5,1.7,3.8,21,122,120,gallida01
Jordan McLaughlin,27,MIN,PG,56,0,626,5.5,11.4,3.3,7,2.2,4.4,1,1.4,1.4,4.3,5.7,8.7,2.8,0.6,1.5,2.4,15.4,136,109,mclaujo01
Seth Curry,33,TOT,SG,44,4,616,6.3,16,3,8.5,3.3,7.5,2.2,2.4,1.4,3.9,5.3,3.5,1.7,0.5,1.6,3.1,17.7,107,118,curryse01
A.J. Green,24,MIL,SG,56,0,614,6.5,15.3,5.4,13.2,1.1,2.1,1.3,1.5,0.7,4.3,5,2.3,0.7,0.3,0.9,3.8,19.7,122,120,greenaj01
Johnny Davis,21,WAS,SG,50,6,613,4.7,11.7,1.1,3.1,3.7,8.7,1.1,1.8,1.4,4.1,5.5,2.4,1.4,0.8,1,4.3,11.6,98,121,davisjo06
MarJon Beauchamp,23,MIL,SF,48,1,608,6.4,13.1,2.4,5.9,4,7.2,1.5,2.2,1.7,6.1,7.8,2.5,1,0.6,2.1,4.3,16.7,111,118,beaucma01
Marcus Smart,29,MEM,PG,20,20,605,8.2,19.1,3.4,10.8,4.8,8.3,3.5,4.5,0.5,3.8,4.3,6.9,3.3,0.4,5,4.3,23.4,100,113,smartma01
Mike Muscala,32,TOT,C,53,6,600,4.4,12.3,2.2,7.6,2.2,4.7,1.3,2,3.1,6.8,9.9,2.8,0.7,1,1.7,4.1,12.4,102,120,muscami01
Jericho Sims,25,NYK,C,45,11,585,3.3,4.7,0,0,3.3,4.7,1.4,2.1,4.8,7.8,12.7,2.2,0.7,1.6,1.4,3.9,7.9,141,114,simsje01
Brice Sensabaugh,20,UTA,SF,32,11,584,7,18,2.8,9.5,4.2,8.5,3.1,3.4,1.3,7.1,8.4,4.5,1.1,0.5,3.9,3.6,19.9,99,122,sensabr01
Jarred Vanderbilt,24,LAL,PF,29,6,581,4.8,9.3,0.7,2.2,4.2,7.1,2,2.9,3.4,7.9,11.3,2.9,2.9,0.4,2.3,3.5,12.3,113,112,vandeja01
Shake Milton,27,TOT,SG,48,0,581,6.7,16.6,1.5,5.4,5.2,11.1,3.4,4.2,1.2,5.2,6.4,5.1,1.6,0.5,2.6,4.6,18.3,102,112,miltosh01
Evan Fournier,31,TOT,SG,32,0,580,6.6,18.4,2.7,10.8,3.8,7.6,2.4,3,0.4,4.4,4.8,4,2.4,0.6,1.7,4,18.3,98,118,fournev01
Zeke Nnaji,23,DEN,PF,58,0,576,5.9,12.8,0.5,2,5.4,10.8,3.6,5.3,5.2,5.6,10.8,2.8,1.3,3.3,2.3,7,16,113,112,nnajize01
Trey Jemison,24,TOT,C,25,14,573,6.4,11.6,0,0,6.4,11.6,1.8,2.1,5.5,6,11.4,2.3,1,2.4,2.9,5.9,14.6,111,115,jemistr01
Andre Jackson Jr.,22,MIL,SG,57,8,572,4.2,8.4,1.4,3.9,2.8,4.5,0.7,0.9,3.6,5.9,9.5,4.2,1.3,0.5,2.4,7.7,10.5,119,117,jacksan01
Jared Butler,23,WAS,SG,40,0,566,8.1,16.6,2,6.4,6.1,10.2,2.6,3,0.7,4,4.8,10.4,2.4,0.7,4.1,4.8,20.7,111,119,butleja02
Kevin Knox,24,DET,SF,31,11,560,7.4,16,2.7,8.1,4.7,7.9,1.7,1.9,1.5,4.9,6.4,2,1.1,0.6,1.9,4.3,19.2,109,121,knoxke01
Lamar Stevens,26,TOT,PF,38,3,559,9.5,21,1.2,4,8.2,17,3.7,4.7,3.2,8,11.1,2.5,2,1.9,2.1,3.9,23.8,106,111,stevela01
Richaun Holmes,30,TOT,C,40,10,555,7,12.5,0.1,0.3,6.9,12.3,2.9,4,6,9.5,15.5,2.1,0.9,1.6,2,6.3,16.9,123,116,holmeri01
Tristan Thompson,32,CLE,C,49,0,549,6.6,10.8,0,0.1,6.6,10.7,1.3,4.7,6.6,9.1,15.7,4.6,1.1,1.3,2.6,5.3,14.5,118,112,thomptr01
Julian Strawther,21,DEN,SF,50,0,545,7.5,20.2,3.7,12.6,3.7,7.6,2,2.8,0.5,5.1,5.5,4.3,1.5,0.6,2.1,4.9,20.6,99,115,strawju01
Omer Yurtseven,25,UTA,C,48,12,545,8.8,16.3,0.4,2.1,8.3,14.2,1.7,2.5,6.4,12,18.4,2.6,0.7,1.6,3.3,4.6,19.7,112,118,yurtsom01
Vít Krejčí,23,ATL,PG,22,14,541,4.5,9.2,2.5,6,2,3.2,0.4,0.5,1,3.6,4.6,4.4,1.2,0.5,1.8,4.3,12,122,122,krejcvi01
Bones Hyland,23,LAC,PG,37,5,540,8.9,22.9,4,12.3,4.8,10.6,1.6,2.1,0.5,4.6,5,8.5,2.4,0.4,4,4.7,23.4,100,116,hylanbo01
Jalen McDaniels,26,TOR,SF,50,1,538,5.8,17,1.1,6.4,4.8,10.6,2.4,3.3,1.6,5.5,7.1,3.3,1.7,0.5,2.7,4.7,15.2,86,120,mcdanja01
Scotty Pippen Jr.,23,MEM,PG,21,16,527,9.3,18.8,2.8,6.7,6.5,12.2,3.8,5.1,2,4.2,6.2,9.1,3.3,0.9,5.2,5.6,25.1,110,112,pippesc02
Sasha Vezenkov,28,SAC,PF,42,0,511,8,18.2,4.3,11.4,3.7,6.7,1.1,1.4,2.9,6.3,9.1,1.8,1.9,0.7,1.1,4,21.4,117,115,vezenal01
Danuel House Jr.,30,PHI,SF,34,4,509,4.5,10.2,1.5,4.8,3.1,5.3,3.4,4.4,1.5,4.1,5.6,2.7,1.5,0.5,1.8,4.4,13.9,114,117,houseda01
Mark Williams,22,CHA,C,19,19,508,9.5,14.7,0,0,9.5,14.7,4.5,6.2,7.4,10.5,17.9,2.1,1.6,1.9,1.7,4.9,23.5,138,116,willima07
Jaden Springer,21,TOT,SG,49,2,507,5.7,14.4,1,4.7,4.8,9.7,3.4,4.1,3.2,4.4,7.6,4.3,3.5,1.5,3.3,6.4,15.8,101,110,sprinja01
Patrick Baldwin Jr.,21,WAS,SF,38,7,493,5.6,14.7,2.9,9.2,2.7,5.5,1.8,2.7,1.6,10.1,11.7,2.8,1.7,1.4,1.8,5.3,15.9,100,116,baldwpa01
Robert Covington,33,TOT,SF,29,6,488,4.3,9.9,1.9,5.6,2.4,4.2,2.2,2.6,3.1,6.7,9.8,2.4,3.9,1.8,1.1,5.6,12.8,125,108,covinro01
P.J. Tucker,38,TOT,PF,31,10,486,1.8,5.1,1.3,3.6,0.5,1.5,0.3,0.3,2.8,5.8,8.6,1.6,1.6,0.7,0.8,5.5,5.3,120,116,tuckepj01
Tari Eason,22,HOU,PF,22,0,480,8.9,19.1,1.8,5.1,7.1,14,2.1,3.3,4.6,10.8,15.5,2.7,3.1,1.9,2,5.2,21.7,111,106,easonta01
Monte Morris,28,TOT,PG,33,0,476,6.4,15.8,2.8,7.2,3.6,8.6,1.3,2,0.7,5.2,5.9,7.1,2,0.9,0.7,1.4,17,118,111,morrimo01
Bol Bol,24,PHX,PF,43,0,469,9.7,15.7,2.3,5.4,7.4,10.3,1.6,2,3.3,10.9,14.3,1.8,1,2.6,2,4.4,23.2,130,112,bolbo01
Isaiah Livers,25,DET,PF,23,6,469,4.1,11.9,2.3,7.9,1.8,4,1.2,1.8,1.5,3.4,4.9,2.6,1.3,0.5,1.6,4.4,11.7,96,121,liveris01
Anthony Gill,31,WAS,PF,50,3,466,7.5,16.1,1,4.1,6.5,11.9,2.9,3.6,3.7,5.7,9.4,3.4,1.3,1.1,2.3,4.8,19,109,120,gillan01
Yuta Watanabe,29,TOT,SF,34,0,464,4.3,12.2,2.6,8.9,1.7,3.3,1.1,1.8,1.2,4.5,5.7,1.6,1.3,0.7,2,4.1,12.3,92,117,watanyu01
Nassir Little,23,PHX,SF,45,2,458,6.1,13.2,2.2,7.5,3.8,5.8,1.8,2.1,1.5,6.5,8,2.2,1.1,1.1,1.5,4.2,16.2,114,116,littlna01
Sandro Mamukelashvili,24,SAS,C,46,5,451,7.7,16.3,2,6.7,5.7,9.6,2.6,3.6,4.7,10.7,15.5,5.2,0.7,1.3,2,3.7,20,119,116,mamuksa01
Alex Len,30,SAC,C,48,0,444,5.5,8.9,0,0.3,5.5,8.5,2.2,3.7,5,9,14,5.5,1.2,3.6,3,7.2,13.1,123,111,lenal01
Thomas Bryant,26,MIA,C,38,4,441,9.7,16.9,0.5,2.5,9.3,14.4,4.6,5.3,4.5,11.4,16,2.6,1.1,1.8,2.4,5.2,24.5,125,109,bryanth01
Thaddeus Young,35,TOT,PF,33,6,439,7.2,11.9,0.1,0.8,7.1,11.1,0.7,1.7,5.1,6.3,11.4,6.3,2.5,0.6,1.7,5.4,15.1,130,116,youngth01
Skylar Mays,26,TOT,PG,38,5,433,7.1,18,1.8,6.1,5.3,11.9,1.5,1.9,1.1,3.7,4.9,9.6,2.4,0.5,2.3,2.9,17.6,107,118,mayssk01
Chuma Okeke,25,ORL,SF,47,8,432,4.6,12.8,2.6,9.4,1.9,3.4,0.5,0.8,2.1,7.1,9.2,2.3,1,0.8,1.8,2.2,12.3,97,113,okekech01
Dominick Barlow,20,SAS,PF,33,1,420,6.3,12.8,0.3,1,6,11.8,3.3,4.7,5.1,7.7,12.8,4.1,1.4,1.6,1,5.3,16.3,125,116,barlodo01
Reggie Bullock,32,HOU,SF,44,0,417,4,9.5,3.1,7.8,0.8,1.7,0.1,0.1,0.7,7.8,8.5,1.7,1.4,0.6,1.2,3.4,11.2,112,114,bullore01
Patty Mills,35,TOT,PG,32,5,415,5.4,15.4,2.8,10.3,2.6,5.2,1.3,1.3,1.1,3.1,4.1,4,2.4,0.1,1.9,3.8,15,98,117,millspa02
Trent Forrest,25,ATL,SG,38,0,414,3.9,10.4,0.2,1.2,3.7,9.3,1.5,2,1.3,4.6,5.9,10.7,1.3,0.3,2.3,2.9,9.6,109,122,forretr01
Svi Mykhailiuk,26,BOS,SF,41,2,413,6.8,16.4,5,12.9,1.8,3.5,0.7,1.1,1.3,4.8,6.1,4.2,1.3,0.1,1.4,2.3,19.4,119,115,mykhasv01
Wesley Matthews,37,ATL,SG,36,3,413,3.9,11.3,2.8,8,1.2,3.3,2.1,2.8,1,5.1,6.2,2.7,1.9,1.3,0.9,5,12.8,112,119,matthwe02
Aleksej Pokusevski,22,TOT,PF,28,0,405,5.9,14.7,2.2,6.7,3.8,8,3.6,5,2.1,8.7,10.8,4.2,1.8,1.6,2.3,2.7,17.7,107,116,pokusal01
Luka Šamanić,24,UTA,PF,43,7,404,7.2,18.9,1.6,7.6,5.6,11.2,5.3,6.7,2.6,9.6,12.2,2.3,0.6,0.8,3.3,3.8,21.1,97,121,samanlu01
Javon Freeman-Liberty,24,TOR,PG,22,6,403,6.6,14.9,1.2,5,5.4,9.8,4,4.3,1.9,6.5,8.4,4.8,1.2,0.5,3,3.4,18.3,107,120,freemja01
Derrick Rose,35,MEM,PG,24,7,399,9.3,20.2,1.8,5,7.5,15.2,2.9,3.3,0.9,4.7,5.5,9.6,1,0.2,3.8,2.6,23.4,108,119,rosede01
DeAndre Jordan,35,DEN,C,36,2,396,7.3,11.6,0,0,7.3,11.6,3.3,6.6,6.8,12.9,19.7,3.3,0.8,2,2.9,7,17.8,121,110,jordade01
Kobe Brown,24,LAC,PF,44,0,394,4.6,11.3,1.8,6,2.9,5.3,0.1,0.3,2.5,5.3,7.8,3.1,1.5,0.8,1.1,6.1,11.2,111,117,brownko01
Lester Quiñones,23,GSW,SG,37,0,394,6.9,17.3,3.9,10.8,2.9,6.5,2.5,3.6,2.6,6.3,8.8,4.4,0.7,0.2,2.1,5.4,20.1,113,118,quinole01
Eugene Omoruyi,26,WAS,SF,43,0,393,9.6,19.9,1.5,5.5,8.1,14.4,3.8,5.8,4.2,5.9,10.1,4.2,3.2,0.6,2.5,7.4,24.6,111,116,omorueu01
Matt Ryan,26,NOP,SF,28,1,390,6.2,14.2,5.2,11.4,1,2.8,1.6,1.8,0.8,4.3,5,2.3,0.8,0.1,2.4,4,19.1,113,118,ryanma01
Justin Minaya,24,POR,SF,34,1,381,2.9,9.6,1.6,6.4,1.3,3.2,0.6,1.2,3.9,3.4,7.3,2.7,1.2,1.3,1.2,4.5,7.9,100,120,minayju01
Johnny Juzang,22,UTA,SG,20,5,372,6.6,14.3,4.2,10,2.5,4.3,1.3,1.8,0.9,3.8,4.7,3,0.5,0.3,1.7,3.8,18.7,120,125,juzanjo01
Noah Clowney,19,BKN,PF,23,4,370,6.7,12.4,1.6,4.4,5.1,8,2.8,4,3.5,7.4,10.8,2.4,1.1,2.1,2,3.3,17.8,122,115,clownno01
Tosan Evbuomwan,22,TOT,SF,17,8,367,4.7,9.3,1.6,4.2,3.2,5.1,2.2,3.3,2.4,5.5,7.9,2.1,0.8,0.7,1.2,3,13.3,123,120,evbuoto01
Ousmane Dieng,20,OKC,PF,33,0,365,6.5,15.3,2.8,9.2,3.7,6.1,1.8,2.1,1.3,5.4,6.7,4.9,1.1,0.7,2.5,2.9,17.5,107,115,diengou01
Jontay Porter,24,TOR,PF,26,5,360,5.4,14,2.7,8,2.7,5.9,2,2.4,3.5,7.5,11,8,2.7,2.7,2.8,4.7,15.4,112,114,portejo01
Ben Simmons,27,BKN,PG,15,12,359,5.9,10.2,0,0,5.9,10.2,0.8,2.1,4.3,12.1,16.4,11.9,1.7,1.2,3.7,5,12.7,121,112,simmobe01
Brandon Boston Jr.,22,LAC,SF,32,0,345,9.3,23,2,7.4,7.3,15.6,3.3,4.7,2.7,4.7,7.4,1.9,1.6,1.1,3.4,5.7,23.9,93,117,bostobr01
Jarace Walker,20,IND,PF,33,0,340,6.2,15.3,3.1,7.6,3.2,7.6,1.1,1.2,1.7,7.1,8.7,5.6,2.1,1.5,2.4,4,16.7,109,116,walkeja02
JaVale McGee,36,SAC,C,46,0,339,11.3,18.9,0.1,1,11.2,17.9,3.7,6.4,6,12,18.1,2.4,2,2.9,4.9,6.6,26.5,109,109,mcgeeja01
Olivier-Maxence Prosper,21,DAL,PF,40,1,336,5.7,14.8,1.9,6.4,3.9,8.4,4,5.9,3.6,7.7,11.3,3.1,1,0.6,1.1,2.9,17.3,113,116,prospol01
Jeremiah Robinson-Earl,23,NOP,PF,39,1,334,6.6,13.9,1.9,5.7,4.7,8.2,1.8,2.3,3.4,7.8,11.2,3.1,1.5,0.6,2.3,3.5,16.9,112,113,robinje02
Neemias Queta,24,BOS,C,28,0,333,9.9,15.4,0,0,9.9,15.4,3,4.2,7.9,10.2,18.1,3,1.9,3.1,1.9,7.4,22.8,139,106,quetane01
Julian Phillips,20,CHI,SF,40,0,323,4.9,11.9,1.9,5.9,3.1,6,2,2.9,1.9,3.7,5.6,2,1.1,1.1,1.5,6.2,13.7,107,119,phillju01
Cody Zeller,31,NOP,C,43,0,320,4,9.5,0.2,0.5,3.8,9,3.5,5.8,7.4,9.8,17.2,6,1.4,0.8,2.5,6.9,11.6,119,112,zelleco01
Ja Morant,24,MEM,PG,9,9,318,12.3,26.1,2.2,7.8,10.1,18.3,8,9.8,0.9,6.8,7.7,11.2,1.1,0.8,4.2,2.9,34.7,116,116,moranja01
Ashton Hagans,24,POR,PG,19,1,316,4.5,11.1,1.3,3.9,3.3,7.2,2.2,2.7,2.2,4.8,7,8.4,1.7,1.4,4.7,6.3,12.5,99,117,haganas01
Devonte' Graham,28,SAS,PG,23,0,313,5.8,16.4,3.8,12.6,2,3.8,2,2.4,0.8,4.7,5.5,7.4,1.4,0.3,2.6,2.1,17.3,104,119,grahade01
A.J. Lawson,23,DAL,SG,42,0,311,8.3,18.7,2,7.7,6.3,11,2.3,3.5,2.2,5.6,7.7,3.1,1.5,0.5,2.2,3.4,21,105,117,lawsoaj01
Nathan Mensah,25,CHA,C,25,0,307,1.9,4.5,0,0,1.9,4.5,1.4,1.9,4.7,5.8,10.4,1.4,1,2.3,2.3,10.3,5.3,104,119,mensana01
Stanley Umude,24,DET,SG,24,2,307,5.8,13.2,3.8,8.3,2,4.9,4.5,5,1.3,6.7,8,1.7,1.3,1.1,2.2,6.3,19.9,119,119,umudest01
Orlando Robinson,23,MIA,C,36,7,304,5.9,11.8,1.3,2.5,4.6,9.4,3.1,4.1,4.6,9.2,13.8,5.6,1.1,1.3,3,5.7,16.2,120,111,robinor01
Furkan Korkmaz,26,PHI,SG,35,0,300,4.9,12.5,2.3,6.6,2.6,5.9,2.3,3.3,0.7,4.3,4.9,4.1,2.3,0.5,1.6,2.8,14.4,108,115,korkmfu01
Cory Joseph,32,GSW,PG,26,0,296,3.8,10.5,2.1,6.9,1.6,3.6,0.7,1.1,1,3.9,4.9,6.9,0.7,0.5,2,4.1,10.3,108,119,josepco01
Ricky Council IV,22,PHI,SG,32,0,289,9.2,19.1,2,5.4,7.2,13.6,9,12.1,2.4,5.4,7.8,2.7,1.4,0.2,0.9,2.9,29.5,129,117,councri01
Garrett Temple,37,TOR,SG,27,2,289,4.8,13,2,6.7,2.8,6.3,3,3.7,3,4.5,7.5,4.7,2,0.5,2.3,4.7,14.7,107,120,templga01
Leaky Black,24,CHA,SF,26,3,284,4.3,9,1.6,3.5,2.8,5.6,1.7,2.6,1.6,6.8,8.3,4.2,1.4,1.9,1,3.3,12,124,119,blackle01
Lindy Waters III,26,OKC,SG,38,0,280,8.4,17.9,6.4,14.6,2.1,3.3,0.3,0.3,1.2,5.7,6.9,4.1,0.9,1.2,1.2,3.9,23.5,128,115,waterli01
Kessler Edwards,23,SAC,SF,54,0,275,6,14.5,3.5,9.2,2.5,5.3,0.9,1.6,1.6,5.8,7.4,2.6,1.8,0.7,0.7,4.6,16.4,115,115,edwarke02
Damian Jones,28,CLE,C,39,0,270,7.9,13.2,0.5,2.6,7.3,10.6,3.3,3.8,3.7,7.7,11.3,2.7,1.3,2.4,2.4,4.9,19.6,125,111,jonesda03
Onuralp Bitim,24,CHI,SG,23,1,268,6,15.6,2.2,8.2,3.7,7.4,0.7,0.9,1.1,4.8,6,2.4,0.6,0.4,1.9,4.5,14.9,94,121,bitimon01
Kira Lewis Jr.,22,TOT,PG,28,0,265,6.2,16.9,0.7,6.1,5.5,10.8,3.1,3.7,1.7,3.1,4.8,6.8,1.7,0.4,2.6,2.4,16.3,100,119,lewiski01
Jamal Cain,24,MIA,PF,26,1,259,6.5,15.2,2.1,6,4.4,9.2,3.5,4.4,2.9,4.2,7.1,1.9,1.9,1,1.5,4.2,18.7,112,113,cainja01
Jared Rhoden,24,DET,SG,17,0,245,6.5,13,2.4,6.1,4.1,6.9,1,1.6,0.6,5.9,6.5,2.7,0.6,2.6,1.4,5.5,16.3,115,119,rhodeja01
Justin Champagnie,22,WAS,SF,15,1,235,6.4,15.5,2.6,9,3.8,6.6,2.4,3,3.8,6.8,10.5,3.8,2,1.8,2,2.8,17.7,110,117,champju01
Javonte Green,30,CHI,SF,9,5,230,9.8,16.3,2.2,5.9,7.6,10.4,2.2,2.8,4.3,10.2,14.5,1.1,2.2,1.7,1.5,4.1,23.8,132,112,greenja02
Ibou Badji,21,POR,C,22,1,226,3.1,4.8,0,0,3.1,4.8,1.3,2.6,4.4,6.8,11.1,2.8,0.7,4.4,3.3,10,7.4,104,115,badjiib01
Collin Gillespie,24,DEN,PG,24,0,225,7,15.2,3.3,8.4,3.7,6.8,1.8,2.6,0.2,4.4,4.6,5.9,2.9,0,3.1,5.3,19.2,109,113,gilleco01
Gabe Vincent,27,LAL,PG,11,0,218,3.3,10.7,0.7,6.1,2.6,4.6,0.2,0.4,0.9,1.1,2,4.6,2,0,1.1,4.1,7.4,86,119,vincega01
Markieff Morris,34,DAL,PF,26,1,216,5.1,15.1,3.3,9.3,1.8,5.8,1.1,1.3,0.9,7.8,8.7,3.6,1.1,0.7,2.7,2.7,14.7,92,116,morrima02
Jaylen Nowell,24,TOT,SG,13,1,214,7.7,17.7,1.4,6.6,6.4,11.1,1.6,2,1.4,4.1,5.5,4.3,0.9,0.5,1.6,3.4,18.4,104,120,nowelja01
Théo Maledon,22,TOT,PG,17,1,213,4.6,16.2,1.2,6.9,3.5,9.3,3.2,3.5,0.9,4.6,5.6,6.5,1.6,0,4.2,4.9,13.7,81,121,maledth01
Charles Bassey,23,SAS,C,19,0,205,6.7,9.3,0,0.2,6.7,9,1.2,1.4,5.3,12.3,17.6,4.9,1.9,3.9,3.5,7.2,14.6,126,109,bassech01
Taj Gibson,38,TOT,PF,20,1,204,3.7,9.1,0.5,2.4,3.2,6.6,0.5,0.5,2.9,6.1,9.1,2.7,0.7,1.7,1.2,7.6,8.3,105,116,gibsota01
Moses Brown,24,POR,C,22,5,200,8.1,16,0,0,8.1,16,2.2,7.7,9.1,12.1,21.2,1.7,1.2,1.7,2.7,6.7,18.5,103,114,brownmo01
Kenneth Lofton Jr.,21,TOT,PF,21,0,199,8.8,19.1,1.7,5.9,7.1,13.2,4.2,6.4,2.9,6.4,9.3,8.1,1.5,1.2,3.4,5.9,23.4,111,117,loftoke01
Kobe Bufkin,20,ATL,SG,17,0,196,8.3,22.5,2.2,9.8,6.1,12.7,1,2,1.5,6.6,8.1,6.6,1.7,1.2,2.4,4.9,19.8,95,118,bufkiko01
Colby Jones,21,SAC,SG,30,0,192,7.1,18,0.5,5.6,6.6,12.4,1.5,2.8,4.3,5.8,10.1,5.1,1.8,1.3,2.5,7.3,16.2,97,115,jonesco02
Gui Santos,21,GSW,PF,23,0,192,7.1,13.9,2.5,6.8,4.5,7.1,4,4.3,4.3,8.1,12.3,3.5,1,0.5,1.8,5.8,20.7,135,116,santogu01
Terry Taylor,24,CHI,PF,31,0,188,5.3,10.3,0.5,2.4,4.8,8,1.1,1.3,4.5,5.3,9.8,2.7,1.3,0.5,1.9,4.5,12.2,117,118,taylote01
Micah Potter,25,UTA,PF,16,0,186,4.9,10.4,2.3,5.4,2.6,4.9,1.6,2.1,2.6,8.6,11.2,1.6,1,1.6,1.3,3.6,13.7,123,120,pottemi01
Saben Lee,24,PHX,PG,24,0,185,5.3,14.5,0.5,4.2,4.8,10.3,7.7,10.3,2.4,5.8,8.2,7.9,1.8,0.8,2.1,3.4,18.7,115,115,leesa01
Otto Porter Jr.,30,TOR,SF,15,1,174,3.9,9.2,2.2,6.4,1.7,2.8,0.8,0.8,1.7,6.4,8,2.2,1.4,1.4,0.6,5.3,10.8,123,119,porteot01
AJ Griffin,20,ATL,SF,20,0,171,5,17.4,2.8,10.9,2.2,6.5,0.6,0.6,0.6,4.5,5,1.4,0.3,0.6,2.2,1.7,13.5,77,124,griffaj01
Joe Harris,32,DET,SG,16,0,170,4,11,2.8,8.5,1.1,2.5,0.3,0.6,0.8,2.8,3.7,2.8,0.8,0.6,1.1,5.4,11,102,122,harrijo01
Trevelin Queen,26,ORL,SG,14,0,165,4.2,11.4,0.9,5.1,3.3,6.3,2.7,3.6,0.9,5.1,6,5.4,2.1,1.5,2.1,4.5,12,101,111,queentr01
Zavier Simpson,26,MEM,PG,7,0,161,5.2,16.4,1.5,5.2,3.6,11.2,0.9,1.2,1.2,4.9,6.1,7.6,2.1,0.9,3,3.3,12.8,86,115,simpsza01
Thanasis Antetokounmpo,31,MIL,PF,34,0,155,5,9.3,0,0.3,5,9,0,0.6,2.2,1.9,4,5.3,2.2,1.2,4.3,7.4,9.9,92,117,antetth01
Tristan Vukcevic,20,WAS,C,10,4,153,8.9,20.5,3.1,11,5.8,9.5,5.2,6.7,1.8,9.2,11,4,1.5,2.1,3.1,8.6,26,106,116,vukcetr01
Darius Bazley,23,TOT,PF,9,0,152,5.7,9.5,0.6,2.5,5.1,7,3.2,3.8,2.5,6.4,8.9,2.2,1.9,2.2,2.5,1,15.3,121,118,bazleda01
DeJon Jarreau,26,MEM,SG,9,0,150,5.5,16.3,1.3,4.2,4.2,12.1,1.6,3.6,2.6,11.7,14.3,8.5,2,0.7,2.9,4.6,14,93,111,jarrede01
Jules Bernard,24,WAS,SG,19,0,149,9.1,20.1,3.5,9.1,5.6,11,1.6,2.8,3.1,5,8.2,5,0.9,0.3,2.5,4.4,23.2,109,122,bernaju01
Jeff Dowtin Jr.,26,PHI,PG,12,0,142,6.9,12.5,3.1,6.6,3.8,5.9,1,1.4,1,5.9,6.9,9.4,2.4,0.3,1.7,0.3,18,141,114,dowtije01
Sidy Cissoko,19,SAS,SF,12,0,141,5.4,11.1,0.3,4,5.1,7.1,4,5.1,2.7,4.7,7.4,3.4,2.4,1,1,6.1,15.2,124,116,cissosi01
Brandon Clarke,27,MEM,PF,6,1,134,12,21.5,0.4,2.2,11.7,19.3,0.4,2.6,4.7,6.9,11.7,3.3,1.8,2.2,1.1,2.9,24.8,114,113,clarkbr01
Emoni Bates,20,CLE,SF,15,0,133,5.6,18.2,3.7,12.3,1.9,5.9,0.4,1.5,0.4,4.8,5.2,3.7,0.4,0.7,3,1.9,15.2,80,117,batesem01
Dru Smith,26,MIA,SG,9,0,131,5.7,12.6,2.7,6.5,3,6.1,0.8,0.8,2.3,3,5.3,5.3,3.4,1.1,1.9,4.6,14.9,118,110,smithdr01
Nate Williams,24,HOU,SG,22,0,129,10.2,18.8,0.8,1.9,9.4,16.9,2.6,4.9,4.5,4.1,8.6,2.6,1.5,0.4,1.5,3.8,23.7,118,116,willije02
T.J. Warren,30,MIN,SF,11,0,125,7.1,16.2,0.8,5.1,6.3,11.1,1.2,1.6,2,6.7,8.7,3.6,1.6,0.4,1.6,4.3,16.2,102,110,warretj01
Timmy Allen,24,MEM,SF,5,0,125,2.3,9,0,2.7,2.3,6.3,0.4,0.8,1.6,5.1,6.6,2,1.6,0,0.8,7,5.1,73,117,allenti01
Jalen Pickett,24,DEN,SG,27,0,122,6.1,14.2,3.7,10.2,2.4,4.1,1.2,1.6,0.4,5.3,5.7,8.5,1.6,0,3.7,5.3,17.1,109,115,pickeja02
Luka Garza,25,MIN,C,25,0,122,14.6,30.4,3.6,13,10.9,17.4,7.3,10.1,7.7,4.9,12.6,1.6,1.6,0.4,2.4,9.7,40.1,117,111,garzalu01
Mãozinha Pereira,23,MEM,SF,7,1,122,7.2,14,2,5.2,5.2,8.8,2.8,4,4.4,10.4,14.8,0.8,2.4,1.6,2,4,19.2,117,110,pereima01
Jahmi'us Ramsey,22,TOR,SG,7,1,121,7.2,16.4,2.4,8.8,4.8,7.6,2,2.4,1.6,7.2,8.8,3.2,2.8,0,2.8,4,18.8,102,117,ramseja01
Marques Bolden,25,TOT,C,11,2,121,6.9,10.2,0,0.4,6.9,9.8,1.2,1.6,4.1,9.8,13.9,1.6,1.2,2.9,1.2,4.1,15.1,136,116,boldema01
Mouhamadou Gueye,25,TOR,PF,11,0,120,4.4,15.3,0,1.2,4.4,14.1,1.6,3.6,4.8,4.4,9.3,2,1.2,7.2,4.8,6,10.5,67,113,gueyemo01
Xavier Moon,29,LAC,SG,14,1,119,6.2,19.1,0.8,7.1,5.4,12,0.4,0.8,3.3,4.1,7.5,8.7,1.2,1.2,2.1,3.3,13.7,95,118,moonxa01
Robert Williams,26,POR,C,6,0,119,7.1,10.8,0,0,7.1,10.8,2.9,3.7,4.6,11.2,15.8,2.1,2.9,2.9,2.9,7.1,17,122,109,williro04
Brandon Williams,24,DAL,PG,17,0,113,8.5,22.9,1.3,6.4,7.2,16.6,4.7,7.2,1.7,3.8,5.5,7.2,0.4,0.4,3,1.7,22.9,97,120,willibr03
Udoka Azubuike,24,PHX,C,16,0,113,6.9,9.9,0,0,6.9,9.9,1.3,5.6,4.8,9.1,13.8,1.3,0.4,2.6,1.7,7.3,15.1,118,114,azubuud01
Matthew Hurt,23,MEM,PF,8,0,113,5.2,14.7,2.2,8.7,3,6.1,1.3,1.3,3.9,3,6.9,1.7,1.3,1.3,0.9,3.5,13.8,104,117,hurtma01
Jalen Hood-Schifino,20,LAL,SG,21,0,109,4.4,19.6,0.9,6.5,3.5,13.1,5.2,8.7,0.9,4.8,5.7,3.5,1.3,0.9,3.9,5.7,14.8,66,117,hoodsja01
Dylan Windler,27,TOT,SF,17,0,108,6.7,13.3,5.8,12,0.9,1.3,0,0,1.3,5.8,7.1,4.4,0.9,0,0.9,2.7,19.1,143,121,windldy01
Malik Williams,25,TOR,C,7,2,107,4.1,15.3,0.5,2.3,3.6,13.1,0,0.9,6.8,10.4,17.1,0.9,1.4,1.8,1.4,6.8,8.6,79,116,willima11
Armoni Brooks,25,BKN,PG,10,0,104,7.1,21.9,5.2,15.2,1.9,6.7,0.5,1,3.3,5.2,8.6,2.4,0.5,0.5,1.4,1.4,20,98,120,brookar01
Maxwell Lewis,21,LAL,SF,34,0,103,1.8,9.7,0.5,4.2,1.4,5.5,0.9,1.4,0.9,0.9,1.8,2.8,0.9,0.5,4.6,2.3,5.1,50,121,lewisma05
Harry Giles,25,TOT,C,23,0,100,11.3,24.6,1.5,6.9,9.8,17.7,3.4,6.4,5.9,8.8,14.7,2.9,1,1.5,2.9,7.4,27.5,103,115,gilesha01
Olivier Sarr,24,OKC,C,15,0,98,5.4,9.3,1,2.9,4.4,6.4,4.9,7.4,4.9,12.8,17.7,1,0,3.4,1.5,8.8,16.7,135,109,sarrol01
Jamaree Bouyea,24,TOT,PG,9,0,95,5.1,14.3,0.5,4.6,4.6,9.7,0,0,1.5,8.2,9.7,5.6,0.5,0,4.6,5.1,10.7,73,120,bouyeja01
Josh Minott,21,MIN,SF,32,0,91,9.2,19.6,2.2,5.4,7.1,14.1,6.5,7.6,2.2,7.1,9.2,4.3,2.7,2.7,1.1,5.4,27.2,127,105,minotjo01
Chris Livingston,20,MIL,SF,21,0,90,5.9,11.7,0.5,2.7,5.3,9.1,1.6,2.1,1.6,9.6,11.2,2.7,1.1,0,2.7,8,13.9,101,116,livinch01
Cole Swider,24,MIA,SF,18,0,87,8.6,21.8,5.7,17.2,2.9,4.6,1.1,1.1,0.6,3.4,4,2.9,0.6,0.6,4.6,2.3,24.1,91,117,swideco01
Admiral Schofield,26,ORL,PF,23,0,84,5.9,15.3,3.5,9.4,2.4,5.9,0,1.2,1.8,8.3,10,4.1,0.6,0,2.9,5.3,15.3,95,114,schofad01
Terquavion Smith,21,PHI,PG,16,0,84,10.5,26.9,7.6,20.5,2.9,6.4,1.8,2.9,0,2.3,2.3,7,4.7,0,4.1,4.7,30.5,103,111,smithte01
Buddy Boeheim,24,DET,SF,10,0,84,5.2,16.6,4.6,14.3,0.6,2.3,4.6,5.7,1.7,4,5.7,1.7,0,0.6,0,2.9,19.5,116,124,boehebu01
Jordan Walsh,19,BOS,SF,9,1,83,3.6,8.9,1.2,5.4,2.4,3.6,0.6,1.2,3,8.9,11.9,3,3,0.6,1.8,6.5,8.9,106,108,walshjo01
Jerome Robinson,26,GSW,SG,22,0,81,6.6,19.7,1.2,10.2,5.4,9.6,4.2,6.6,0.6,3,3.6,3,0.6,1.8,1.2,3,18.5,92,118,robinje01
James Bouknight,23,CHA,SG,14,0,81,11,25,7.9,18.3,3,6.7,0.6,1.2,0.6,4.9,5.5,3.7,0.6,0.6,1.2,1.8,30.5,115,123,bouknja01
Wenyen Gabriel,26,MEM,PF,5,0,81,4.8,13.3,0.6,3.6,4.2,9.7,0,3,4.2,10.9,15.1,1.8,1.2,1.2,4.8,6,10.3,68,113,gabriwe01
Ryan Rollins,21,TOT,PG,13,0,78,8.4,16.3,1.8,2.4,6.6,13.8,7.8,10.2,1.2,6.6,7.8,8.4,6,1.8,4.8,4.8,26.5,116,108,rolliry01
R.J. Hampton,22,MIA,PG,8,2,76,2.6,9.2,0.7,5.3,2,3.9,0.7,1.3,1.3,2.6,3.9,5.3,0,0,2,5.3,6.6,84,119,hamptrj01
Wendell Moore Jr.,22,MIN,SG,25,0,75,5.9,11.9,0,4,5.9,7.9,0,0,0,7.9,7.9,4,3.3,0.7,2.6,3.3,11.9,92,106,moorewe01
Nate Hinton,24,HOU,SG,15,0,75,7.1,16.8,4.5,9.1,2.6,7.8,2.6,3.2,4.5,9.7,14.2,6.5,1.9,1.3,1.9,7.1,21.3,128,110,hintona01
Mouhamed Gueye,21,ATL,PF,6,0,73,5.3,15.1,2,5.9,3.3,9.2,3.3,3.9,6.6,7.9,14.5,2.6,3.3,2.6,0.7,8.5,15.8,120,112,gueyemo02
Isaiah Mobley,24,CLE,PF,10,0,72,6.9,16.5,2.1,6.9,4.8,9.6,0,0.7,2.1,4.8,6.9,4.1,1.4,0,1.4,4.1,15.8,102,116,mobleis01
Boban Marjanović,35,HOU,C,14,0,71,12.3,23.2,0,1.4,12.3,21.9,6.1,9.6,4.8,17.1,21.9,4.1,0.7,1.4,3.4,3.4,30.7,112,109,marjabo01
Jason Preston,24,UTA,PG,7,0,71,4.1,12.9,0,2,4.1,10.9,0,0,4.1,7.5,11.6,10.9,1.4,0.7,1.4,2,8.2,107,121,prestja01
Jett Howard,20,ORL,SF,18,0,67,7.4,22.2,5.2,18.5,2.2,3.7,1.5,3,0.7,4.4,5.2,4.4,1.5,1.5,2.2,3,21.4,96,113,howarje01
Kobi Simmons,26,TOR,PG,4,0,67,6.5,15.1,1.4,5.8,5,9.4,0,0,0.7,4.3,5,8.6,4.3,1.4,0.7,3.6,14.4,116,113,simmoko01
Keyontae Johnson,23,OKC,SF,9,0,66,3.6,11.7,0.7,2.2,2.9,9.5,0,0,2.9,4.4,7.3,2.9,0.7,0,2.9,3.6,8,78,118,johnske08
Adama Sanogo,21,CHI,PF,9,0,66,10.6,20.4,0,0,10.6,20.4,6,9.1,14.4,12.8,27.2,0,0.8,0,3.8,3.8,27.2,118,116,sanogad01
Robin Lopez,35,MIL,C,16,2,65,5.2,14,1.5,5.9,3.7,8.1,1.5,1.5,2.2,1.5,3.7,3,0.7,2.2,1.5,5.2,13.3,100,119,lopezro01
Amari Bailey,19,CHA,PG,10,0,65,6.1,18.2,0.8,6.1,5.3,12.1,4.6,5.3,4.6,2.3,6.8,5.3,2.3,0,3,1.5,17.5,96,122,baileam01
Moussa Diabaté,22,LAC,C,11,0,64,7.7,14.7,0,0,7.7,14.7,6.9,10.8,11.6,6.9,18.5,3.1,3.9,0.8,1.5,3.1,22.4,136,111,diabamo01
Jack White,26,MEM,SF,4,0,64,1.5,12.2,1.5,7.6,0,4.6,0,0,3.1,6.1,9.2,0.8,3.1,0.8,1.5,2.3,4.6,54,112,whiteja03
Kendall Brown,20,IND,SG,15,0,63,6,11.2,0,1.5,6,9.7,3.7,6,2.2,1.5,3.7,3.7,0,0,1.5,6.7,15.7,119,126,brownke03
Ish Wainright,29,TOT,SF,11,0,62,5.6,19.1,5.6,15.9,0,3.2,1.6,1.6,2.4,8.7,11.1,0.8,3.2,0.8,1.6,6.4,18.3,98,112,wainris01
Keon Johnson,21,BKN,SG,5,0,61,6.5,17,3.2,8.1,3.2,8.9,8.9,9.7,2.4,3.2,5.7,2.4,2.4,0.8,4.1,4.1,25.2,110,116,johnske07
Braxton Key,26,DEN,SF,20,0,60,5.8,14,1.7,4.1,4.1,9.9,5,6.6,2.5,12.4,14.9,7.4,1.7,0.8,0.8,4.1,18.2,128,110,keybr01
Jermaine Samuels,25,HOU,SF,14,0,60,7.3,11.3,0,1.6,7.3,9.7,1.6,1.6,2.4,8.1,10.5,2.4,0.8,1.6,0,4,16.2,149,114,samueje01
Colin Castleton,23,LAL,C,16,0,59,7.3,12.9,0,0,7.3,12.9,4.8,4.8,4.8,4.8,9.7,2.4,1.6,0,2.4,8.9,19.3,126,118,castlco01
TyTy Washington Jr.,22,MIL,PG,11,0,56,5.1,17.2,1.7,5.1,3.4,12,0,0,0.9,3.4,4.3,4.3,2.6,0,1.7,0.9,12,81,117,washity02
Dereon Seabron,23,NOP,SG,6,0,55,3.6,11.6,0.9,1.8,2.7,9.8,4.5,5.3,0.9,5.3,6.2,4.5,1.8,0.9,0,3.6,12.5,115,114,seabrde01
Juan Toscano-Anderson,30,SAC,SF,11,0,53,2.7,11,0.9,3.7,1.8,7.3,0,0,3.7,9.2,12.8,3.7,0.9,0.9,1.8,10.1,6.4,84,115,toscaju01
Leonard Miller,20,MIN,SF,17,0,52,12.4,19,1.9,4.8,10.5,14.3,1,1.9,4.8,14.3,19,7.6,1.9,1,1,4.8,27.6,148,104,millele01
Seth Lundy,23,ATL,SF,9,0,52,3.7,15.7,2.8,12,0.9,3.7,2.8,3.7,0.9,5.5,6.5,0,0,0,0.9,5.5,12.9,82,124,lundyse01
David Duke Jr.,24,SAS,SG,4,0,51,9.3,16.8,2.8,5.6,6.5,11.2,2.8,2.8,1.9,7.4,9.3,4.7,1.9,0,2.8,3.7,24.2,122,117,dukeda01
Daishen Nix,21,MIN,PG,15,0,50,8.9,23.7,5.9,16.8,3,6.9,3,5.9,1,2,3,5.9,4.9,0,4.9,2,26.7,95,106,nixda01
Jay Huff,25,DEN,C,20,0,49,9.1,15.2,3,9.1,6.1,6.1,2,2,2,9.1,11.1,2,2,3,1,9.1,23.3,140,108,huffja01
Hunter Tyson,23,DEN,PF,18,0,48,8.3,20.7,4.1,14.5,4.1,6.2,0,0,1,8.3,9.3,2.1,1,0,2.1,10.3,20.7,96,114,tysonhu01
James Johnson,36,IND,PF,9,0,47,3,10,0,2,3,8,2,2,1,3,4,8,5,1,5,9,8,79,112,johnsja01
DaQuan Jeffries,26,NYK,SG,17,0,46,6.6,18.6,2.2,11,4.4,7.7,0,2.2,0,5.5,5.5,5.5,0,1.1,3.3,2.2,15.3,82,118,jeffrda01
Ryan Arcidiacono,29,NYK,PG,20,0,45,0,6.7,0,6.7,0,0,0,0,0,9,9,4.5,2.2,0,2.2,5.6,0,33,112,arcidry01
Frank Ntilikina,25,CHA,PG,5,0,43,1.1,10.3,1.1,9.2,0,1.1,2.3,2.3,1.1,5.7,6.9,4.6,0,0,1.1,4.6,5.7,75,125,ntilila01
Oscar Tshiebwe,24,IND,PF,8,0,42,11.2,22.5,0,0,11.2,22.5,6.7,9,9,9,18,2.2,2.2,1.1,0,3.4,29.2,132,115,tshieos01
D'Moi Hodge,25,LAL,SG,7,0,41,5.8,17.4,3.5,13.9,2.3,3.5,1.2,2.3,0,0,0,5.8,1.2,1.2,1.2,4.6,16.2,97,120,hodgedm01
Greg Brown III,22,DAL,PF,6,0,40,6,13.2,1.2,3.6,4.8,9.6,4.8,10.8,3.6,7.2,10.8,4.8,0,4.8,4.8,6,18,96,114,browngr01
Taze Moore,25,POR,SG,4,0,40,9.9,23.5,1.2,8.6,8.6,14.8,1.2,2.5,4.9,4.9,9.9,6.2,2.5,0,3.7,4.9,22.2,98,117,mooreta02
Alex Fudge,20,TOT,SF,6,0,40,7.2,17.9,1.2,6,6,12,2.4,2.4,4.8,1.2,6,0,3.6,0,2.4,2.4,17.9,95,115,fudgeal01
JD Davison,21,BOS,SG,8,0,39,6.3,15.2,3.8,8.9,2.5,6.3,3.8,5.1,2.5,10.1,12.7,12.7,1.3,1.3,2.5,5.1,20.3,134,110,davisjd01
RaiQuan Gray,24,SAS,PF,3,0,39,12.2,20.7,3.7,8.5,8.5,12.2,0,0,2.4,6.1,8.5,7.3,1.2,1.2,1.2,0,28,136,117,grayra01
Jacob Toppin,23,NYK,SF,9,0,38,6.6,11.9,1.3,5.3,5.3,6.6,2.7,2.7,4,5.3,9.3,4,0,1.3,1.3,4,17.3,141,117,toppija01
Jalen Slawson,24,SAC,SF,12,0,37,5.3,7.9,0,2.6,5.3,5.3,0,0,1.3,7.9,9.2,2.6,1.3,1.3,2.6,10.5,10.5,107,114,slawsja01
Charlie Brown Jr.,26,NYK,SG,8,0,37,2.7,13.6,2.7,9.5,0,4.1,0,0,1.4,1.4,2.7,0,0,2.7,2.7,6.8,8.2,60,118,brownch02
D.J. Carton,23,TOR,SG,4,0,36,4,10.7,1.3,5.4,2.7,5.4,5.4,6.7,2.7,2.7,5.4,4,1.3,0,1.3,4,14.8,120,123,cartodj01
Dexter Dennis,24,DAL,SG,4,0,30,16,30.4,1.6,12.8,14.4,17.6,1.6,4.8,1.6,12.8,14.4,6.4,0,1.6,4.8,1.6,35.2,100,114,dennide01
Henri Drell,23,CHI,SF,4,0,30,6.6,16.6,3.3,10,3.3,6.6,1.7,3.3,1.7,5,6.6,6.6,3.3,1.7,3.3,10,18.3,102,112,drellhe01
Jordan Miller,24,LAC,SF,8,0,28,8.8,15.9,1.8,3.5,7.1,12.3,3.5,3.5,5.3,3.5,8.8,0,0,0,1.8,3.5,22.9,130,122,millejo02
Mason Jones,25,SAC,SG,5,0,28,3.5,13.9,3.5,12.1,0,1.7,1.7,3.5,1.7,6.9,8.7,8.7,1.7,0,3.5,5.2,12.1,93,116,jonesma05
Pete Nance,23,CLE,PF,8,0,27,1.8,11,1.8,1.8,0,9.1,0,3.7,0,5.5,5.5,0,1.8,0,1.8,3.7,5.5,40,114,nancepe01
Pat Spencer,27,GSW,PG,6,0,26,3.7,7.4,0,3.7,3.7,3.7,0,0,3.7,3.7,7.4,9.3,0,0,1.9,1.9,7.4,129,122,spencpa01
Dariq Whitehead,19,BKN,SF,2,0,24,2.1,10.3,0,6.2,2.1,4.1,2.1,4.1,0,8.3,8.3,6.2,0,2.1,0,0,6.2,83,118,whiteda01
Mamadi Diakite,27,TOT,PF,6,0,24,8.1,12.1,0,2,8.1,10.1,8.1,12.1,2,6.1,8.1,4,2,2,2,4,24.2,133,114,diakima01
E.J. Liddell,23,NOP,PF,8,0,23,2.1,12.8,0,10.7,2.1,2.1,4.3,4.3,0,10.7,10.7,2.1,4.3,4.3,4.3,4.3,8.5,56,101,liddeej01
Drew Peterson,24,BOS,PF,3,0,23,8.6,12.9,6.4,10.7,2.1,2.1,0,0,0,2.1,2.1,2.1,4.3,0,2.1,2.1,23.6,144,110,peterdr01
Jordan Ford,25,SAC,PG,6,0,22,8.8,15.5,4.4,6.6,4.4,8.8,4.4,4.4,0,4.4,4.4,4.4,0,0,2.2,0,26.5,138,121,fordjo01
Isaiah Thomas,34,PHX,PG,6,0,19,7.7,25.7,5.1,10.3,2.6,15.4,0,0,0,0,0,7.7,0,0,0,0,20.6,101,124,thomais02
Usman Garuba,21,GSW,PF,6,0,18,2.7,16.1,0,2.7,2.7,13.4,2.7,5.4,8.1,10.8,18.8,2.7,2.7,8.1,5.4,5.4,8.1,65,101,garubus01
Danny Green,36,PHI,SG,2,0,18,0,5.5,0,2.7,0,2.7,0,0,0,5.5,5.5,2.7,2.7,0,0,2.7,0,33,114,greenda02
Alondes Williams,24,MIA,SG,7,0,16,6.2,24.9,0,12.5,6.2,12.5,3.1,3.1,0,3.1,3.1,0,0,3.1,6.2,6.2,15.6,50,115,willial06
Ty Jerome,26,CLE,SG,2,0,15,6.6,13.2,0,3.3,6.6,9.9,0,0,3.3,0,3.3,9.9,0,0,3.3,6.6,13.2,111,121,jeromty01
D.J. Wilson,27,PHI,PF,2,0,15,13.1,19.7,6.6,6.6,6.6,13.1,0,0,3.3,3.3,6.6,6.6,0,6.6,0,3.3,32.8,173,114,wilsodj01
Adam Flagler,24,OKC,SG,2,0,14,3.4,24,3.4,20.6,0,3.4,0,0,0,0,0,13.7,0,0,0,0,10.3,78,122,flaglad01
Andrew Funk,24,CHI,SG,5,0,13,0,15.3,0,11.5,0,3.8,0,0,0,0,0,0,3.8,3.8,0,0,0,0,112,funkan01
Quenton Jackson,25,IND,PG,3,0,11,0,4.3,0,0,0,4.3,8.6,8.6,0,17.2,17.2,8.6,4.3,0,0,4.3,8.6,152,107,jacksqu01
Joshua Primo,21,LAC,SG,2,0,10,4.9,14.8,0,4.9,4.9,9.9,0,0,4.9,0,4.9,0,0,4.9,19.7,0,9.9,37,119,primojo01
Filip Petrušev,23,TOT,C,3,0,10,4.9,9.8,0,0,4.9,9.8,4.9,9.8,0,4.9,4.9,0,0,0,0,4.9,14.6,108,120,petrufi01
Lindell Wigginton,25,MIL,PG,3,0,8,12,30,0,12,12,18,12,12,0,0,0,0,0,0,6,6,36,89,124,wiggili01
Kaiser Gates,27,NOP,SF,1,0,7,0,28,0,14,0,14,0,0,0,7,7,0,0,0,0,0,0,0,118,gateska01
Shaquille Harrison,30,MEM,SG,3,0,6,8.1,16.3,0,0,8.1,16.3,0,0,0,16.3,16.3,0,0,8.1,0,0,16.3,100,104,harrish01
Kevon Harris,26,ORL,SG,2,0,6,16.5,24.8,0,0,16.5,24.8,0,0,0,16.5,16.5,8.3,0,0,8.3,24.8,33,101,110,harrike01
Hamidou Diallo,25,WAS,SG,2,0,5,9.4,18.7,0,0,9.4,18.7,0,0,18.7,0,18.7,9.4,18.7,0,9.4,9.4,18.7,106,86,diallha01
Ron Harper Jr.,23,TOR,PF,1,0,4,0,0,0,0,0,0,0,0,0,0,0,12.1,0,0,0,24.1,0,227,127,harpero02
Markquis Nowell,24,TOR,SG,1,0,4,0,12.1,0,0,0,12.1,24.1,24.1,24.1,0,24.1,24.1,12.1,0,0,0,24.1,169,100,nowelma01
Isaiah Wong,23,IND,SG,1,0,4,11.8,35.4,0,11.8,11.8,23.6,0,0,0,0,0,0,0,0,0,0,23.6,70,127,wongis01
Izaiah Brockington,24,NOP,PG,1,0,3,32.7,81.7,0,16.3,32.7,65.4,0,0,16.3,16.3,32.7,0,0,0,0,0,65.4,93,113,brockiz01
Malcolm Cazalon,22,DET,SG,1,0,3,0,0,0,0,0,0,0,0,0,0,0,0,0,0,0,0,0,0,127,cazalma01
Jalen Crutcher,24,NOP,PG,1,0,3,0,16.3,0,0,0,16.3,0,0,0,0,0,0,0,0,0,0,0,0,122,crutcja01
Dmytro Skapintsev,25,NYK,C,2,0,2,0,25.2,0,0,0,25.2,0,0,0,0,0,0,0,0,0,0,0,0,122,skapidm01
Justin Jackson,28,MIN,SF,2,0,1,0,0,0,0,0,0,0,0,0,0,0,0,0,0,0,0,0,0,119,jacksju01
Javonte Smart,24,PHI,PG,1,0,1,0,0,0,0,0,0,0,0,0,0,0,0,0,0,0,0,0,0,124,smartja01
