Player,Age,Team,Pos,G,GS,MP,TRB,AST,PTS,playerID
Joel Embiid,29,PHI,C,39,39,33.6,11,5.6,34.7,embiijo01
Luka Dončić,24,DAL,PG,70,70,37.5,9.2,9.8,33.9,doncilu01
Giannis Antetokounmpo,29,MIL,PF,73,73,35.2,11.5,6.5,30.4,antetgi01
Shai Gilgeous-Alexander,25,OKC,PG,75,75,34,5.5,6.2,30.1,gilgesh01
Jalen Brunson,27,NYK,PG,77,77,35.4,3.6,6.7,28.7,brunsja01
Devin Booker,27,PHX,PG,68,68,36,4.5,6.9,27.1,bookede01
Kevin Durant,35,PHX,PF,75,75,37.2,6.6,5,27.1,duranke01
Jayson Tatum,25,BOS,PF,74,74,35.7,8.1,4.9,26.9,tatumja01
De'Aaron Fox,26,SAC,PG,74,74,35.9,4.6,5.6,26.6,foxde01
Donovan Mitchell,27,CLE,SG,55,55,35.3,5.1,6.1,26.6,mitchdo01
Stephen Curry,35,GSW,PG,74,74,32.7,4.5,5.1,26.4,curryst01
Nikola Jokić,28,DEN,C,79,79,34.6,12.4,9,26.4,jokicni01
Anthony Edwards,22,MIN,SG,79,78,35.1,5.4,5.1,25.9,edwaran01
Tyrese Maxey,23,PHI,PG,70,70,37.5,3.7,6.2,25.9,maxeyty01
LeBron James,39,LAL,PF,71,71,35.3,7.3,8.3,25.7,jamesle01
Trae Young,25,ATL,PG,54,54,36,2.8,10.8,25.7,youngtr01
Kyrie Irving,31,DAL,SG,58,58,35,5,5.2,25.6,irvinky01
Ja Morant,24,MEM,PG,9,9,35.3,5.6,8.1,25.1,moranja01
Anthony Davis,30,LAL,C,76,76,35.5,12.6,3.5,24.7,davisan02
Damian Lillard,33,MIL,PG,73,73,35.3,4.4,7,24.3,lillada01
DeMar DeRozan,34,CHI,SF,79,79,37.8,4.3,5.3,24,derozde01
Julius Randle,29,NYK,PF,46,46,35.4,9.2,5,24,randlju01
LaMelo Ball,22,CHA,PG,22,22,32.3,5.1,8,23.9,ballla01
Desmond Bane,25,MEM,SG,42,42,34.4,4.4,5.5,23.7,banede01
Kawhi Leonard,32,LAC,SF,68,68,34.3,6.1,3.6,23.7,leonaka01
Lauri Markkanen,26,UTA,PF,55,55,33.1,8.2,2,23.2,markkla01
Jaylen Brown,27,BOS,SF,70,70,33.5,5.5,3.6,23,brownja02
Zion Williamson,23,NOP,PF,70,70,31.5,5.8,5,22.9,willizi01
Cade Cunningham,22,DET,PG,62,62,33.5,4.3,7.5,22.7,cunnica01
Paolo Banchero,21,ORL,PF,80,80,35,6.9,5.4,22.6,banchpa01
Paul George,33,LAC,PF,74,74,33.8,5.2,3.5,22.6,georgpa01
Anfernee Simons,24,POR,SG,46,46,34.4,3.6,5.5,22.6,simonan01
Jaren Jackson Jr.,24,MEM,C,66,66,32.2,5.5,2.3,22.5,jacksja02
Dejounte Murray,27,ATL,SG,78,78,35.7,5.3,6.4,22.5,murrade01
Cam Thomas,22,BKN,SG,66,51,31.4,3.2,2.9,22.5,thomaca02
Kyle Kuzma,28,WAS,PF,70,70,32.6,6.6,4.2,22.2,kuzmaky01
Karl-Anthony Towns,28,MIN,PF,62,62,32.7,8.3,3,21.8,townska01
Pascal Siakam,29,TOT,PF,80,80,33.2,7.1,4.3,21.7,siakapa01
Victor Wembanyama,20,SAS,C,71,71,29.7,10.6,3.9,21.4,wembavi01
Jamal Murray,26,DEN,PG,59,59,31.5,4.1,6.5,21.2,murraja01
Alperen Şengün,21,HOU,C,63,63,32.5,9.3,5,21.1,sengual01
Miles Bridges,25,CHA,SF,69,67,37.4,7.3,3.3,21,bridgmi02
Jerami Grant,29,POR,PF,54,54,33.9,3.5,2.8,21,grantje01
Jimmy Butler,34,MIA,PF,60,60,34,5.3,5,20.8,butleji01
Tyler Herro,24,MIA,SG,42,40,33.5,5.3,4.5,20.8,herroty01
Brandon Ingram,26,NOP,SF,64,64,32.9,5.1,5.7,20.8,ingrabr01
RJ Barrett,23,TOT,SG,58,58,31.7,5.4,3.3,20.2,barrerj01
Tyrese Haliburton,23,IND,PG,69,68,32.2,3.9,10.9,20.1,halibty01
Kristaps Porziņģis,28,BOS,C,57,57,29.6,7.2,2,20.1,porzikr01
CJ McCollum,32,NOP,PG,66,66,32.7,4.3,4.6,20,mccolcj01
Scottie Barnes,22,TOR,SG,60,60,34.9,8.2,6.1,19.9,barnesc01
Terry Rozier,29,TOT,SG,61,60,33.4,4,5.6,19.8,roziete01
Franz Wagner,22,ORL,SF,72,72,32.5,5.3,3.7,19.7,wagnefr01
Mikal Bridges,27,BKN,SF,82,82,34.8,4.5,3.6,19.6,bridgmi01
Jalen Green,21,HOU,SG,82,82,31.7,5.2,3.5,19.6,greenja05
Zach LaVine,28,CHI,SG,25,23,34.9,5.2,3.9,19.5,lavinza01
Devin Vassell,23,SAS,SG,68,62,33.1,3.8,4.1,19.5,vassede01
Domantas Sabonis,27,SAC,C,82,82,35.7,13.7,8.2,19.4,sabondo01
Bam Adebayo,26,MIA,C,71,71,34,10.4,3.9,19.3,adebaba01
Coby White,23,CHI,PG,79,78,36.5,4.5,5.1,19.1,whiteco01
Jalen Williams,22,OKC,PF,71,71,31.3,4,4.5,19.1,willija06
Collin Sexton,25,UTA,SG,78,51,26.6,2.6,4.9,18.7,sextoco01
Bradley Beal,30,PHX,SG,53,53,33.3,4.4,5,18.2,bealbr01
Darius Garland,24,CLE,PG,57,57,33.4,2.7,6.5,18,garlada01
D'Angelo Russell,27,LAL,PG,76,69,32.7,3.1,6.3,18,russeda01
Nikola Vučević,33,CHI,C,76,74,34.3,10.5,3.3,18,vucevni01
Klay Thompson,33,GSW,SF,77,63,29.7,3.3,2.3,17.9,thompkl01
Jordan Poole,24,WAS,SG,78,66,30.1,2.7,4.4,17.4,poolejo01
Fred VanVleet,29,HOU,PG,73,73,36.8,3.8,8.1,17.4,vanvlfr01
Brandon Miller,21,CHA,SF,74,68,32.2,4.3,2.4,17.3,millebr02
Tobias Harris,31,PHI,PF,70,70,33.8,6.5,3.1,17.2,harrito02
Jordan Clarkson,31,UTA,SG,55,19,30.6,3.4,5,17.1,clarkjo01
Myles Turner,27,IND,C,77,77,27,6.9,1.3,17.1,turnemy01
Immanuel Quickley,24,TOT,SG,68,38,29.2,3.8,4.9,17,quickim01
Bogdan Bogdanović,31,ATL,SG,79,33,30.4,3.4,3.1,16.9,bogdabo01
Deandre Ayton,25,POR,C,55,55,32.4,11.1,1.6,16.7,aytonde01
Michael Porter Jr.,25,DEN,SF,81,81,31.7,7,1.5,16.7,portemi01
James Harden,34,LAC,PG,72,72,34.3,5.1,8.5,16.6,hardeja01
Jarrett Allen,25,CLE,C,77,77,31.7,10.5,2.7,16.5,allenja01
Chet Holmgren,21,OKC,C,82,82,29.4,7.9,2.4,16.5,holmgch01
Jonathan Kuminga,21,GSW,PF,74,46,26.3,4.8,2.2,16.1,kuminjo01
Jalen Johnson,22,ATL,SF,56,52,33.7,8.7,3.6,16,johnsja05
Austin Reaves,25,LAL,SG,82,57,32.1,4.3,5.5,15.9,reaveau01
Shaedon Sharpe,20,POR,SG,32,25,33.1,5,2.9,15.9,sharpsh01
Malcolm Brogdon,31,POR,PG,39,25,28.7,3.8,5.5,15.7,brogdma01
Keldon Johnson,24,SAS,SF,69,27,29.5,5.5,2.8,15.7,johnske04
Evan Mobley,22,CLE,PF,50,50,30.6,9.4,3.2,15.7,mobleev01
De'Andre Hunter,26,ATL,SF,57,37,29.5,3.9,1.5,15.6,huntede01
Donte DiVincenzo,27,NYK,SG,81,63,29.1,3.7,2.7,15.5,divindo01
Jaden Ivey,21,DET,SG,77,61,28.8,3.4,3.8,15.4,iveyja01
Malik Monk,25,SAC,SG,72,0,26,2.9,5.1,15.4,monkma01
Kelly Oubre Jr.,28,PHI,SF,68,52,30.2,5,1.5,15.4,oubreke01
Bojan Bogdanović,34,TOT,PF,57,27,25.9,2.7,1.7,15.2,bogdabo02
Keegan Murray,23,SAC,SF,77,77,33.6,5.5,1.7,15.2,murrake02
Derrick White,29,BOS,SG,73,73,32.6,4.2,5.2,15.2,whitede01
John Collins,26,UTA,PF,68,66,28,8.5,1.1,15.1,collijo01
Khris Middleton,32,MIL,SF,55,55,27,4.7,5.3,15.1,middlkh01
Trey Murphy III,23,NOP,SF,57,23,29.6,4.9,2.2,14.8,murphtr02
OG Anunoby,26,TOT,SF,50,50,34,4.2,2.1,14.7,anunoog01
Deni Avdija,23,WAS,SF,75,75,30.1,7.2,3.8,14.7,avdijde01
GG Jackson II,19,MEM,PF,48,18,25.7,4.1,1.2,14.6,jacksgg01
Bennedict Mathurin,21,IND,SF,59,19,26.1,4,2,14.5,mathube01
Marcus Smart,29,MEM,PG,20,20,30.3,2.7,4.3,14.5,smartma01
Tim Hardaway Jr.,31,DAL,SF,79,12,26.8,3.2,1.8,14.4,hardati02
Dennis Schröder,30,TOT,PG,80,58,31.1,3,6.1,14,schrode01
Rudy Gobert,31,MIN,C,76,76,34.1,12.9,1.3,14,goberru01
Scoot Henderson,19,POR,PG,62,32,28.5,3.1,5.4,14,hendesc01
Caris LeVert,29,CLE,SG,68,10,28.8,4.1,5.1,14,leverca01
Aaron Gordon,28,DEN,PF,73,73,31.5,6.5,3.5,13.9,gordoaa01
Norman Powell,30,LAC,SG,76,3,26.2,2.6,1.1,13.9,powelno01
Jalen Duren,20,DET,C,61,60,29.1,11.6,2.4,13.8,durenja01
Bobby Portis,28,MIL,PF,82,4,24.5,7.4,1.3,13.8,portibo01
Saddiq Bey,24,ATL,SF,63,51,32.7,6.5,1.5,13.7,beysa01
Jabari Smith Jr.,20,HOU,PF,76,76,31.9,8.1,1.6,13.7,smithja05
Gary Trent Jr.,25,TOR,SG,71,41,28.1,2.6,1.7,13.7,trentga02
Rui Hachimura,25,LAL,PF,68,39,26.9,4.3,1.2,13.6,hachiru01
Grayson Allen,28,PHX,SG,75,74,33.5,3.9,3,13.5,allengr01
Naz Reid,24,MIN,PF,81,14,24.2,5.2,1.3,13.5,reidna01
Cameron Johnson,27,BKN,PF,58,47,27.6,4.3,2.4,13.4,johnsca02
Corey Kispert,24,WAS,SF,80,22,25.8,2.8,2,13.4,kispeco01
Andrew Wiggins,28,GSW,SF,71,59,27,4.5,1.7,13.2,wiggian01
Keyonte George,20,UTA,PG,75,44,27,2.8,4.4,13,georgke01
P.J. Washington,25,TOT,PF,73,45,30.4,5.6,1.9,12.9,washipj01
Scotty Pippen Jr.,23,MEM,PG,21,16,25.1,3.2,4.7,12.9,pippesc02
Duncan Robinson,29,MIA,SF,68,36,28,2.5,2.8,12.9,robindu01
Dillon Brooks,28,HOU,SF,72,72,30.9,3.4,1.7,12.7,brookdi01
Mark Williams,22,CHA,C,19,19,26.7,9.7,1.2,12.7,willima07
Jalen Suggs,22,ORL,SG,75,75,27,3.1,2.7,12.6,suggsja01
Jrue Holiday,33,BOS,PG,69,69,32.8,5.4,4.8,12.5,holidjr01
Brook Lopez,35,MIL,C,79,79,30.5,5.2,1.6,12.5,lopezbr01
Josh Giddey,21,OKC,SG,80,80,25.1,6.4,4.8,12.3,giddejo01
Cam Whitmore,19,HOU,SF,47,2,18.7,3.8,0.7,12.3,whitmca01
Harrison Barnes,31,SAC,PF,82,82,29,3,1.2,12.2,barneha02
Ayo Dosunmu,24,CHI,SG,76,37,29.1,2.8,3.2,12.2,dosunay01
Javonte Green,30,CHI,SF,9,5,25.6,7.4,0.6,12.2,greenja02
Aaron Nesmith,24,IND,SF,72,47,27.7,3.8,1.5,12.2,nesmiaa01
Max Strus,27,CLE,SF,70,70,32,4.8,4,12.2,strusma01
Jonas Valančiūnas,31,NOP,C,82,82,23.5,8.8,2.1,12.2,valanjo01
Buddy Hield,31,TOT,SF,84,42,25.7,3.2,2.8,12.1,hieldbu01
Tyus Jones,27,WAS,PG,66,66,29.3,2.7,7.3,12,jonesty01
Jaime Jaquez Jr.,22,MIA,SF,75,20,28.2,3.8,2.6,11.9,jaqueja01
Nic Claxton,24,BKN,C,71,71,29.8,9.9,2.1,11.8,claxtni01
Marvin Bagley III,24,TOT,C,50,25,21.1,6.2,1.1,11.7,baglema01
Ivica Zubac,26,LAC,C,68,68,26.4,9.2,1.4,11.7,zubaciv01
Cole Anthony,23,ORL,PG,81,0,22.4,3.8,2.9,11.6,anthoco01
Jeremy Sochan,20,SAS,PF,74,73,29.6,6.4,3.4,11.6,sochaje01
Clint Capela,29,ATL,C,73,73,25.8,10.6,1.2,11.5,capelca01
Mike Conley,36,MIN,PG,76,76,28.9,2.9,5.9,11.4,conlemi01
Malik Beasley,27,MIL,SG,79,77,29.6,3.7,1.4,11.3,beaslma01
Brandon Clarke,27,MEM,PF,6,1,22.3,5.3,1.5,11.3,clarkbr01
Zach Collins,26,SAS,C,69,29,22.1,5.4,2.8,11.2,colliza01
De'Anthony Melton,25,PHI,SG,38,33,26.9,3.7,3,11.1,meltode01
Jakob Poeltl,28,TOR,C,50,50,26.4,8.6,2.5,11.1,poeltja01
Russell Westbrook,35,LAC,PG,68,11,22.5,5,4.5,11.1,westbru01
Daniel Gafford,25,TOT,C,74,66,24.5,7.6,1.6,11,gaffoda01
Wendell Carter Jr.,24,ORL,C,55,48,25.6,6.9,1.7,11,cartewe01
Eric Gordon,35,PHX,SG,68,24,27.8,1.8,2,11,gordoer01
Herbert Jones,25,NOP,SF,76,76,30.5,3.6,2.6,11,joneshe01
Luke Kennard,27,MEM,SG,39,22,25.6,2.9,3.5,11,kennalu01
Luguentz Dort,24,OKC,SF,79,79,28.4,3.6,1.4,10.9,dortlu01
Jusuf Nurkić,29,PHX,C,76,76,27.3,11,4,10.9,nurkiju01
Isaiah Stewart,22,DET,PF,46,45,30.9,6.6,1.6,10.9,stewais01
Moritz Wagner,26,ORL,C,80,1,17.7,4.3,1.2,10.9,wagnemo01
Bruce Brown,27,TOT,SG,67,44,27.9,4.2,2.9,10.8,brownbr01
Jake LaRavia,22,MEM,PF,35,6,23,3.7,1.7,10.8,laravja01
Santi Aldama,23,MEM,PF,61,35,26.5,5.8,2.3,10.7,aldamsa01
Simone Fontecchio,28,TOT,SF,66,43,24.9,3.7,1.5,10.5,fontesi01
Spencer Dinwiddie,30,TOT,PG,76,52,28.3,2.7,4.7,10.5,dinwisp01
Jaden McDaniels,23,MIN,SF,72,71,29.2,3.1,1.4,10.5,mcdanja02
Alec Burks,32,TOT,SG,66,1,18.4,2.3,1.3,10.4,burksal01
Dalano Banton,24,TOT,PG,54,9,19.4,3.3,2.4,10.3,bantoda01
Grant Williams,25,TOT,PF,76,43,28,4.2,2.3,10.3,willigr01
Obi Toppin,25,IND,PF,82,28,21.1,3.9,1.6,10.3,toppiob01
Kevin Huerter,25,SAC,SG,64,59,24.4,3.5,2.6,10.2,huertke01
Reggie Jackson,33,DEN,PG,82,23,22.2,1.9,3.8,10.2,jacksre01
T.J. McConnell,31,IND,PG,71,4,18.2,2.7,5.5,10.2,mccontj01
Onyeka Okongwu,23,ATL,C,55,8,25.5,6.8,1.3,10.2,okongon01
Kentavious Caldwell-Pope,30,DEN,SG,76,76,31.6,2.4,2.4,10.1,caldwke01
Alex Caruso,29,CHI,SG,71,57,28.7,3.8,3.5,10.1,carusal01
Talen Horton-Tucker,23,UTA,PG,51,11,19.8,2.4,3.5,10.1,hortota01
Tre Jones,24,SAS,PG,77,48,27.8,3.8,6.2,10,jonestr01
Caleb Martin,28,MIA,SF,64,23,27.4,4.4,2.2,10,martica02
Patrick Williams,22,CHI,PF,43,30,27.3,3.9,1.5,10,willipa01
Vince Williams Jr.,23,MEM,SG,52,33,27.6,5.6,3.4,10,willivi01
Josh Richardson,30,MIA,SG,43,6,25.7,2.8,2.4,9.9,richajo01
Jalen Smith,23,IND,C,61,14,17.2,5.5,1,9.9,smithja04
Gordon Hayward,33,TOT,SF,51,28,24.4,3.5,3.1,9.8,haywago01
Kelly Olynyk,32,TOT,C,78,27,22.6,5.3,4.4,9.8,olynyke01
Tari Eason,22,HOU,PF,22,0,21.8,7,1.2,9.8,easonta01
Nick Richards,26,CHA,C,67,51,26.3,8,0.8,9.7,richani01
Lonnie Walker IV,25,BKN,SG,58,0,17.4,2.2,1.3,9.7,walkelo01
Payton Pritchard,26,BOS,PG,82,5,22.3,3.2,3.4,9.6,pritcpa01
Amen Thompson,21,HOU,SF,62,23,22.4,6.6,2.6,9.5,thompam01
Josh Hart,28,NYK,SF,81,42,33.4,8.3,4.1,9.4,hartjo01
Georges Niang,30,CLE,PF,82,10,22.3,3.4,1.2,9.4,niangge01
Isaac Okoro,23,CLE,SF,69,42,27.3,3,1.9,9.4,okorois01
Tre Mann,22,TOT,PG,41,28,24.1,3.6,4,9.3,manntr01
Malaki Branham,20,SAS,PG,75,29,21.3,2,2.1,9.2,branhma01
Andrew Nembhard,24,IND,PG,68,47,25,2.1,4.1,9.2,nembhan01
Chris Paul,38,GSW,PG,58,18,26.4,3.9,6.8,9.2,paulch01
Brandin Podziemski,20,GSW,SG,74,28,26.6,5.8,3.7,9.2,podzibr01
Duop Reath,27,POR,C,68,20,17.9,3.7,1,9.1,reathdu01
Sam Hauser,26,BOS,SF,79,13,22,3.5,1,9,hausesa01
Taurean Prince,29,LAL,PF,78,49,27,2.9,1.5,8.9,princta02
Jabari Walker,21,POR,PF,72,23,23.6,7.1,1,8.9,walkeja01
Dereck Lively II,19,DAL,C,55,42,23.5,6.9,1.1,8.8,livelde01
Kevin Love,35,MIA,PF,55,5,16.8,6.1,2.1,8.8,loveke01
Terance Mann,27,LAC,SG,75,71,25,3.4,1.6,8.8,mannte01
Ausar Thompson,21,DET,SF,63,38,25.1,6.4,1.9,8.8,thompau01
Draymond Green,33,GSW,PF,55,52,27.1,7.2,6,8.6,greendr01
Al Horford,37,BOS,C,65,33,26.8,6.4,2.6,8.6,horfoal01
Derrick Jones Jr.,26,DAL,SF,76,66,23.5,3.3,1,8.6,jonesde02
Gradey Dick,20,TOR,SG,60,17,21.1,2.2,1.1,8.5,dickgr01
Dorian Finney-Smith,30,BKN,PF,68,56,28.4,4.7,1.6,8.5,finnedo01
Tristan Vukcevic,20,WAS,C,10,4,15.3,3.6,1.3,8.5,vukcetr01
Bilal Coulibaly,19,WAS,SF,63,15,27.2,4.1,1.7,8.4,coulibi01
Andre Drummond,30,CHI,C,79,10,17.1,9,0.5,8.4,drumman01
Miles McBride,23,NYK,PG,68,14,19.5,1.5,1.7,8.3,mcbrimi01
Marcus Sasser,23,DET,PG,71,11,19,1.8,3.3,8.3,sassema01
Josh Green,23,DAL,SG,57,33,26.4,3.2,2.3,8.2,greenjo02
Isaiah Joe,24,OKC,SG,78,1,18.5,2.3,1.3,8.2,joeis01
Ziaire Williams,22,MEM,SF,51,15,20.4,3.5,1.5,8.2,willizi02
Kyle Lowry,37,TOT,PG,60,55,28.2,3.2,4.2,8.1,lowryky01
Walker Kessler,22,UTA,C,64,22,23.3,7.5,0.9,8.1,kesslwa01
Moses Moody,21,GSW,SG,66,9,17.5,3,0.9,8.1,moodymo01
Nickeil Alexander-Walker,25,MIN,SG,82,20,23.4,2,2.5,8,alexani01
Sam Merrill,27,CLE,SG,61,1,17.5,2,1.8,8,merrisa01
Derrick Rose,35,MEM,PG,24,7,16.6,1.9,3.3,8,rosede01
Dario Šarić,29,GSW,C,64,9,17.2,4.4,2.3,8,saricda01
Trayce Jackson-Davis,23,GSW,PF,68,16,16.6,5,1.2,7.9,jackstr02
Danté Exum,28,DAL,PG,55,17,19.8,2.7,2.9,7.8,exumda01
Markelle Fultz,25,ORL,PG,43,18,21.2,3.2,2.8,7.8,fultzma01
Isaiah Hartenstein,25,NYK,C,75,49,25.3,8.3,2.5,7.8,harteis01
Jordan Hawkins,21,NOP,SG,67,10,17.3,2.2,1,7.8,hawkijo01
Royce O'Neale,30,TOT,SF,79,14,24.7,4.8,2.8,7.7,onealro01
RaiQuan Gray,24,SAS,PF,3,0,13,2.3,2,7.7,grayra01
Nikola Jović,20,MIA,PF,46,38,19.5,4.2,2,7.7,jovicni01
Precious Achiuwa,24,TOT,C,74,18,21.9,6.6,1.3,7.6,achiupr01
Toumani Camara,23,POR,PF,70,49,24.8,4.9,1.2,7.5,camarto01
Cody Martin,28,CHA,SF,28,22,26.9,3.9,3.7,7.5,martico01
Brice Sensabaugh,20,UTA,SF,32,11,18.3,3.2,1.7,7.5,sensabr01
Cameron Payne,29,TOT,PG,78,10,16.7,1.5,2.6,7.4,payneca01
Christian Braun,22,DEN,SG,82,4,20.2,3.7,1.6,7.3,braunch01
Jaden Hardy,21,DAL,SG,73,7,13.5,1.8,1.5,7.3,hardyja02
Taylor Hendricks,20,UTA,PF,40,23,21.4,4.6,0.8,7.3,hendrta01
Paul Reed,24,PHI,C,82,24,19.4,6,1.3,7.3,reedpa01
Lamar Stevens,26,TOT,PF,38,3,14.7,3.3,0.7,7.2,stevela01
Johnny Juzang,22,UTA,SG,20,5,18.6,1.8,1.2,7.2,juzanjo01
Kevin Knox,24,DET,SF,31,11,18.1,2.4,0.7,7.2,knoxke01
Trey Lyles,28,SAC,PF,58,0,20,4.4,1.2,7.2,lylestr01
Jose Alvarado,25,NOP,PG,56,0,18.4,2.3,2.1,7.1,alvarjo01
Naji Marshall,26,NOP,SF,66,1,19,3.6,1.9,7.1,marshna01
Landry Shamet,26,WAS,SG,46,5,15.8,1.3,1.2,7.1,shamela01
James Wiseman,22,DET,C,63,6,17.3,5.3,0.9,7.1,wisemja01
Vasilije Micić,30,TOT,PG,60,21,19.6,1.5,4.4,7,micicva01
Jordan Nwora,25,TOT,SF,52,1,13.7,2.9,1.2,7,nworajo01
Quentin Grimes,23,TOT,SG,51,18,20.1,2,1.3,7,grimequ01
Javon Freeman-Liberty,24,TOR,PG,22,6,18.3,3.2,1.8,7,freemja01
Evan Fournier,31,TOT,SG,32,0,18.1,1.8,1.5,6.9,fournev01
Gary Harris,29,ORL,SG,54,27,24,1.7,1.6,6.9,harriga01
Killian Hayes,22,DET,PG,42,31,24,2.8,4.9,6.9,hayeski01
Bones Hyland,23,LAC,PG,37,5,14.6,1.5,2.5,6.9,hylanbo01
Mãozinha Pereira,23,MEM,SF,7,1,17.4,5.3,0.3,6.9,pereima01
Trendon Watford,23,BKN,PF,63,2,13.6,3.1,1.3,6.9,watfotr01
Aaron Wiggins,25,OKC,SG,78,4,15.7,2.4,1.1,6.9,wiggiaa01
Christian Wood,28,LAL,PF,50,1,17.4,5.1,1,6.9,woodch01
Trey Jemison,24,TOT,C,25,14,22.9,5.4,1.1,6.8,jemistr01
Julian Champagnie,22,SAS,SF,74,59,19.8,2.8,1.4,6.8,champju02
Jonathan Isaac,26,ORL,PF,58,2,15.8,4.5,0.5,6.8,isaacjo01
Cedi Osman,28,SAS,SF,72,3,17.6,2.5,1.7,6.8,osmande01
Day'Ron Sharpe,22,BKN,C,61,1,15.1,6.4,1.4,6.8,sharpda01
Cason Wallace,20,OKC,SG,82,13,20.6,2.3,1.5,6.8,wallaca01
Robert Williams,26,POR,C,6,0,19.8,6.3,0.8,6.8,williro04
Dāvis Bertāns,31,TOT,PF,43,1,15.7,1.4,0.8,6.7,bertada01
Jahmi'us Ramsey,22,TOR,SG,7,1,17.3,3.1,1.1,6.7,ramseja01
Peyton Watson,21,DEN,SF,80,4,18.6,3.2,1.1,6.7,watsope01
Amir Coffey,26,LAC,SF,70,13,20.9,2.1,1.1,6.6,coffeam01
Aaron Holiday,27,HOU,PG,78,1,16.3,1.6,1.8,6.6,holidaa01
Dennis Smith Jr.,26,BKN,PG,56,2,18.9,2.9,3.6,6.6,smithde03
Chimezie Metu,26,TOT,C,51,12,16.8,3.8,0.9,6.5,metuch01
Jordan Goodwin,25,TOT,PG,57,12,18.5,4.4,2.7,6.5,goodwjo01
David Roddy,22,TOT,PF,65,13,18.1,3.2,1.2,6.5,roddyda01
David Duke Jr.,24,SAS,SG,4,0,12.8,2.5,1.3,6.5,dukeda01
Jeff Green,37,HOU,PF,78,6,16.8,2.3,0.9,6.5,greenje02
Isaiah Jackson,22,IND,C,59,3,13.1,4,0.8,6.5,jacksis01
Marcus Morris,34,TOT,PF,49,7,16.7,2.7,0.7,6.4,morrima03
Kyle Anderson,30,MIN,PF,79,10,22.6,3.5,4.2,6.4,anderky01
Chris Boucher,31,TOR,PF,50,0,14.1,4.1,0.5,6.4,bouchch01
Jared Butler,23,WAS,SG,40,0,14.2,1.5,3.2,6.3,butleja02
Bruno Fernando,25,ATL,C,45,2,15.2,4.3,1,6.3,fernabr01
Daniel Theis,31,TOT,C,60,3,16.9,4.1,1,6.3,theisda01
Jaylen Nowell,24,TOT,SG,13,1,16.5,1.8,1.5,6.2,nowelja01
Patrick Beverley,35,TOT,PG,73,13,20,3.3,2.9,6.2,beverpa01
Jae Crowder,33,MIL,PF,50,25,23.1,3.2,1.3,6.2,crowdja01
Keon Johnson,21,BKN,SG,5,0,12.2,1.4,0.6,6.2,johnske07
Haywood Highsmith,27,MIA,PF,66,26,20.7,3.2,1.1,6.1,highsha01
Vít Krejčí,23,ATL,PG,22,14,24.6,2.4,2.3,6.1,krejcvi01
Kris Murray,23,POR,SF,62,29,21.7,3.6,1.3,6.1,murrakr01
Ben Simmons,27,BKN,PG,15,12,23.9,7.9,5.7,6.1,simmobe01
Zavier Simpson,26,MEM,PG,7,0,23,2.9,3.6,6,simpsza01
Tosan Evbuomwan,22,TOT,SF,17,8,21.6,3.5,0.9,5.9,evbuoto01
Justin Champagnie,22,WAS,SF,15,1,15.7,3.5,1.3,5.9,champju01
Nick Smith Jr.,19,CHA,SG,51,0,14.3,1.4,1.2,5.9,smithni01
Ochai Agbaji,23,TOT,SG,78,28,21,2.8,1.1,5.8,agbajoc01
Noah Clowney,19,BKN,PF,23,4,16.1,3.5,0.8,5.8,clownno01
Dyson Daniels,20,NOP,PG,61,16,22.3,3.9,2.7,5.8,daniedy01
Danilo Gallinari,35,TOT,SF,49,0,12.9,2.2,1.1,5.7,gallida01
Thomas Bryant,26,MIA,C,38,4,11.6,3.7,0.6,5.7,bryanth01
Torrey Craig,33,CHI,SF,53,14,19.8,4.1,1.1,5.7,craigto01
Larry Nance Jr.,31,NOP,C,61,0,19.9,5,1.9,5.7,nancela02
Pat Connaughton,31,MIL,SF,76,3,22.1,3.1,2.1,5.6,connapa01
Craig Porter Jr.,23,CLE,PG,51,6,12.7,2.1,2.3,5.6,portecr01
Mitchell Robinson,25,NYK,C,31,21,24.8,8.5,0.6,5.6,robinmi01
Malachi Flynn,25,TOT,PG,69,0,12.7,1.7,1.9,5.5,flynnma01
Doug McDermott,32,TOT,SF,64,0,14.1,0.9,1.1,5.5,mcderdo01
Dexter Dennis,24,DAL,SG,4,0,7.5,2.3,1,5.5,dennide01
Gary Payton II,31,GSW,SG,44,0,15.5,2.6,1.1,5.5,paytoga02
Neemias Queta,24,BOS,C,28,0,11.9,4.4,0.7,5.5,quetane01
Ricky Council IV,22,PHI,SG,32,0,9,1.4,0.5,5.4,councri01
Kris Dunn,29,UTA,PG,66,32,18.9,2.9,3.8,5.4,dunnkr01
Keon Ellis,24,SAC,SG,57,21,17.2,2.2,1.5,5.4,elliske01
Cam Reddish,24,LAL,SF,48,26,20.5,2.1,1,5.4,reddica01
Matt Ryan,26,NOP,SF,28,1,13.9,1.4,0.6,5.4,ryanma01
Matisse Thybulle,26,POR,SF,65,19,22.9,2.1,1.4,5.4,thybuma01
Sasha Vezenkov,28,SAC,PF,42,0,12.2,2.3,0.5,5.4,vezenal01
Dean Wade,27,CLE,PF,54,32,20.5,4,0.8,5.4,wadede01
Darius Bazley,23,TOT,PF,9,0,16.9,3.1,0.8,5.3,bazleda01
Xavier Tillman Sr.,25,TOT,PF,54,15,18,3.9,1.4,5.3,tillmxa01
Nicolas Batum,35,TOT,PF,60,38,25.5,4.1,2.1,5.3,batumni01
Luke Kornet,28,BOS,C,63,7,15.6,4.1,1.1,5.3,kornelu01
Davion Mitchell,25,SAC,PG,72,4,15.3,1.3,1.9,5.3,mitchda01
Mason Plumlee,33,LAC,C,46,11,14.7,5.1,1.2,5.3,plumlma01
Stanley Umude,24,DET,SG,24,2,12.8,2.1,0.5,5.3,umudest01
Aleksej Pokusevski,22,TOT,PF,28,0,14.5,3.2,1.3,5.2,pokusal01
Bol Bol,24,PHX,PF,43,0,10.9,3.2,0.4,5.2,bolbo01
Brandon Boston Jr.,22,LAC,SF,32,0,10.8,1.6,0.4,5.2,bostobr01
Jarred Vanderbilt,24,LAL,PF,29,6,20,4.8,1.2,5.2,vandeja01
Seth Curry,33,TOT,SG,44,4,14,1.5,1,5.1,curryse01
Drew Eubanks,26,PHX,C,75,6,15.6,4.3,0.8,5.1,eubandr01
Bryce McGowens,21,CHA,SG,59,14,14.9,1.7,0.9,5.1,mcgowbr01
Richaun Holmes,30,TOT,C,40,10,13.9,4.6,0.6,5,holmeri01
Monte Morris,28,TOT,PG,33,0,14.4,1.7,2.1,5,morrimo01
Goga Bitadze,24,ORL,C,62,33,15.4,4.6,1.3,5,bitadgo01
Jevon Carter,28,CHI,PG,72,0,13.9,0.8,1.3,5,carteje01
Devonte' Graham,28,SAS,PG,23,0,13.6,1.6,2.1,5,grahade01
Isaiah Livers,25,DET,PF,23,6,20.4,2.1,1.1,5,liveris01
Kobi Simmons,26,TOR,PG,4,0,16.8,1.8,3,5,simmoko01
D.J. Wilson,27,PHI,PF,2,0,7.5,1,1,5,wilsodj01
Jalen Wilson,23,BKN,PF,43,3,15.4,3,1,5,wilsoja03
Jock Landale,28,HOU,C,56,3,13.6,3.1,1.2,4.9,landajo01
Garrison Mathews,27,ATL,SG,66,5,15,1.4,0.6,4.9,mathega01
Jared Rhoden,24,DET,SG,17,0,14.4,1.9,0.8,4.9,rhodeja01
Kobe Bufkin,20,ATL,SG,17,0,11.5,1.9,1.6,4.8,bufkiko01
DeJon Jarreau,26,MEM,SG,9,0,16.7,4.9,2.9,4.8,jarrede01
Eugene Omoruyi,26,WAS,SF,43,0,9.1,2,0.8,4.8,omorueu01
Kenrich Williams,29,OKC,PF,69,1,14.9,3,1.3,4.7,willike04
Kenneth Lofton Jr.,21,TOT,PF,21,0,9.5,1.8,1.6,4.6,loftoke01
Anthony Black,20,ORL,PG,69,33,16.9,2,1.3,4.6,blackan01
Josh Okogie,25,PHX,SG,60,11,16,2.6,1.1,4.6,okogijo01
Omer Yurtseven,25,UTA,C,48,12,11.4,4.3,0.6,4.6,yurtsom01
Shake Milton,27,TOT,SG,48,0,12.1,1.6,1.3,4.5,miltosh01
Delon Wright,31,TOT,PG,47,1,15.8,1.8,2.5,4.5,wrighde01
A.J. Green,24,MIL,SG,56,0,11,1.1,0.5,4.5,greenaj01
Kevon Looney,27,GSW,C,74,36,16.1,5.7,1.8,4.5,looneke01
Taze Moore,25,POR,SG,4,0,10,2,1.3,4.5,mooreta02
Julian Strawther,21,DEN,SF,50,0,10.9,1.2,0.9,4.5,strawju01
Bismack Biyombo,31,TOT,C,40,27,19.8,5.2,1.3,4.4,biyombi01
Robert Covington,33,TOT,SF,29,6,16.8,3.3,0.8,4.4,covinro01
Patrick Baldwin Jr.,21,WAS,SF,38,7,13,3.2,0.8,4.4,baldwpa01
Mo Bamba,25,PHI,C,57,17,13,4.2,0.7,4.4,bambamo01
Dominick Barlow,20,SAS,PF,33,1,12.7,3.4,1.1,4.4,barlodo01
MarJon Beauchamp,23,MIL,SF,48,1,12.7,2.1,0.6,4.4,beaucma01
Joe Ingles,36,ORL,SF,68,0,17.2,2.1,3,4.4,inglejo01
Maxi Kleber,32,DAL,C,43,7,20.3,3.3,1.6,4.4,klebima01
Jontay Porter,24,TOR,PF,26,5,13.8,3.2,2.3,4.4,portejo01
Lester Quiñones,23,GSW,SG,37,0,10.6,1.9,1,4.4,quinole01
Ben Sheppard,22,IND,SG,57,1,14.3,1.6,0.9,4.4,sheppbe01
Blake Wesley,20,SAS,SG,61,3,14.4,1.5,2.7,4.4,weslebl01
Jeff Dowtin Jr.,26,PHI,PG,12,0,11.8,1.7,2.3,4.3,dowtije01
Jaxson Hayes,23,LAL,C,70,5,12.5,3,0.5,4.3,hayesja02
Caleb Houstan,21,ORL,SF,59,13,13.8,1.4,0.5,4.3,houstca01
John Konchar,27,MEM,SF,55,23,21.3,4.7,2,4.3,konchjo01
Dru Smith,26,MIA,SG,9,0,14.6,1.6,1.6,4.3,smithdr01
Thaddeus Young,35,TOT,PF,33,6,13.3,3.1,1.7,4.2,youngth01
Jacob Gilyard,25,TOT,PG,41,14,17,1.1,3.3,4.2,gilyaja01
Armoni Brooks,25,BKN,PG,10,0,10.4,1.8,0.5,4.2,brookar01
Troy Brown Jr.,24,TOT,SF,59,15,14,2.4,1,4.2,browntr01
Max Christie,20,LAL,SG,67,7,14.1,2.1,0.9,4.2,chrisma02
Ashton Hagans,24,POR,PG,19,1,16.6,2.4,2.8,4.2,haganas01
Danuel House Jr.,30,PHI,SF,34,4,15,1.7,0.8,4.2,houseda01
Skylar Mays,26,TOT,PG,38,5,11.4,1.1,2.2,4.1,mayssk01
Sandro Mamukelashvili,24,SAS,C,46,5,9.8,3.2,1.1,4.1,mamuksa01
Luka Šamanić,24,UTA,PF,43,7,9.4,2.4,0.4,4.1,samanlu01
Jae'Sean Tate,28,HOU,SF,65,9,15.9,3,1,4.1,tateja01
Patty Mills,35,TOT,PG,32,5,13,1.1,1.1,4,millspa02
Izaiah Brockington,24,NOP,PG,1,0,3,2,0,4,brockiz01
Ousmane Dieng,20,OKC,PF,33,0,11.1,1.5,1.1,4,diengou01
Luka Garza,25,MIN,C,25,0,4.9,1.2,0.2,4,garzalu01
Mouhamed Gueye,21,ATL,PF,6,0,12.2,3.7,0.7,4,gueyemo02
Justin Holiday,34,DEN,SG,58,9,14.9,1.2,1.2,4,holidju01
Matthew Hurt,23,MEM,PF,8,0,14.1,2,0.5,4,hurtma01
JaVale McGee,36,SAC,C,46,0,7.4,2.7,0.4,4,mcgeeja01
Svi Mykhailiuk,26,BOS,SF,41,2,10.1,1.2,0.9,4,mykhasv01
Rayan Rupert,19,POR,SG,39,12,16.2,2.4,1.6,4,ruperra01
Adama Sanogo,21,CHI,PF,9,0,7.3,4,0,4,sanogad01
Jaylin Williams,21,OKC,C,69,1,13,3.4,1.6,4,willija07
Jules Bernard,24,WAS,SG,19,0,7.8,1.4,0.8,3.9,bernaju01
Chris Duarte,26,SAC,SF,59,11,12.2,1.8,0.7,3.9,duartch01
DeAndre Jordan,35,DEN,C,36,2,11,4.4,0.7,3.9,jordade01
Sidy Cissoko,19,SAS,SF,12,0,11.8,1.8,0.8,3.8,cissosi01
Anthony Gill,31,WAS,PF,50,3,9.3,1.9,0.7,3.8,gillan01
KJ Martin,23,TOT,SF,60,2,12.4,2.2,0.9,3.7,martike04
Keita Bates-Diop,28,TOT,SF,53,8,12.5,2.1,0.7,3.7,bateske01
Oshae Brissett,25,BOS,SF,55,1,11.5,2.9,0.8,3.7,brissos01
Jamal Cain,24,MIA,PF,26,1,10,1.4,0.4,3.7,cainja01
Drew Peterson,24,BOS,PF,3,0,7.7,0.3,0.3,3.7,peterdr01
T.J. Warren,30,MIN,SF,11,0,11.4,2,0.8,3.7,warretj01
James Bouknight,23,CHA,SG,14,0,5.8,0.6,0.4,3.6,bouknja01
Collin Gillespie,24,DEN,PG,24,0,9.4,0.9,1.1,3.6,gilleco01
Gui Santos,21,GSW,PF,23,0,8.3,2.1,0.6,3.6,santogu01
Jarace Walker,20,IND,PF,33,0,10.3,1.9,1.2,3.6,walkeja02
Lindy Waters III,26,OKC,SG,38,0,7.4,1.1,0.6,3.6,waterli01
Théo Maledon,22,TOT,PG,17,1,12.5,1.4,1.6,3.5,maledth01
Onuralp Bitim,24,CHI,SG,23,1,11.7,1.4,0.6,3.5,bitimon01
Jordan McLaughlin,27,MIN,PG,56,0,11.2,1.3,2,3.5,mclaujo01
Marques Bolden,25,TOT,C,11,2,11,3.1,0.4,3.4,boldema01
Ryan Rollins,21,TOT,PG,13,0,6,1,1.1,3.4,rolliry01
Yuta Watanabe,29,TOT,SF,34,0,13.6,1.6,0.4,3.4,watanyu01
Buddy Boeheim,24,DET,SF,10,0,8.4,1,0.3,3.4,boehebu01
Moses Brown,24,POR,C,22,5,9.1,3.9,0.3,3.4,brownmo01
Wenyen Gabriel,26,MEM,PF,5,0,16.2,5,0.6,3.4,gabriwe01
Nassir Little,23,PHX,SF,45,2,10.2,1.7,0.5,3.4,littlna01
Jalen McDaniels,26,TOR,SF,50,1,10.8,1.6,0.7,3.4,mcdanja01
Jaden Springer,21,TOT,SG,49,2,10.3,1.6,0.9,3.3,sprinja01
Charles Bassey,23,SAS,C,19,0,10.8,4,1.1,3.3,bassech01
Micah Potter,25,UTA,PF,16,0,11.6,2.7,0.4,3.3,pottemi01
Dwight Powell,32,DAL,C,63,9,13.3,3.4,1.3,3.3,poweldw01
Terquavion Smith,21,PHI,PG,16,0,5.3,0.3,0.8,3.3,smithte01
Garrett Temple,37,TOR,SG,27,2,10.7,1.7,1,3.3,templga01
Tristan Thompson,32,CLE,C,49,0,11.2,3.6,1,3.3,thomptr01
Oscar Tshiebwe,24,IND,PF,8,0,5.3,2,0.3,3.3,tshieos01
Kira Lewis Jr.,22,TOT,PG,28,0,9.5,0.9,1.3,3.2,lewiski01
A.J. Lawson,23,DAL,SG,42,0,7.4,1.2,0.5,3.2,lawsoaj01
Boban Marjanović,35,HOU,C,14,0,5.1,2.3,0.4,3.2,marjabo01
Zeke Nnaji,23,DEN,PF,58,0,9.9,2.2,0.6,3.2,nnajize01
Ish Smith,35,CHA,PG,43,5,17.2,1.8,3.4,3.2,smithis01
JT Thor,21,CHA,PF,63,3,12.4,2.3,0.5,3.2,thorjt01
Brandon Williams,24,DAL,PG,17,0,6.6,0.8,1,3.2,willibr03
Wesley Matthews,37,ATL,SG,36,3,11.5,1.5,0.6,3.1,matthwe02
Dalen Terry,21,CHI,SG,59,2,11.5,1.9,1.4,3.1,terryda01
Gabe Vincent,27,LAL,PG,11,0,19.8,0.8,1.9,3.1,vincega01
Mike Muscala,32,TOT,C,53,6,11.3,2.4,0.7,3,muscami01
Johnny Davis,21,WAS,SG,50,6,12.3,1.4,0.6,3,davisjo06
Saben Lee,24,PHX,PG,24,0,7.7,1.3,1.3,3,leesa01
Olivier-Maxence Prosper,21,DAL,PF,40,1,8.4,2,0.6,3,prospol01
Trevelin Queen,26,ORL,SG,14,0,11.8,1.4,1.3,2.9,queentr01
Jeremiah Robinson-Earl,23,NOP,PF,39,1,8.6,1.9,0.5,2.9,robinje02
Nate Williams,24,HOU,SG,22,0,5.9,1,0.3,2.9,willije02
D.J. Carton,23,TOR,SG,4,0,9,1,0.8,2.8,cartodj01
Henri Drell,23,CHI,SF,4,0,7.5,1,1,2.8,drellhe01
Orlando Robinson,23,MIA,C,36,7,8.4,2.3,0.9,2.8,robinor01
Emoni Bates,20,CLE,SF,15,0,8.9,0.9,0.7,2.7,batesem01
Leaky Black,24,CHA,SF,26,3,10.9,1.8,0.9,2.7,blackle01
Damian Jones,28,CLE,C,39,0,6.9,1.6,0.4,2.7,jonesda03
Malik Williams,25,TOR,C,7,2,15.3,5.4,0.3,2.7,willima11
Timmy Allen,24,MEM,SF,5,0,25,3.4,1,2.6,allenti01
Moussa Diabaté,22,LAC,C,11,0,5.8,2.2,0.4,2.6,diabamo01
Otto Porter Jr.,30,TOR,SF,15,1,11.6,1.9,0.5,2.6,porteot01
Alex Fudge,20,TOT,SF,6,0,6.7,0.8,0,2.5,fudgeal01
Dylan Windler,27,TOT,SF,17,0,6.4,0.9,0.6,2.5,windldy01
Greg Brown III,22,DAL,PF,6,0,6.7,1.5,0.7,2.5,browngr01
Furkan Korkmaz,26,PHI,SG,35,0,8.6,0.9,0.7,2.5,korkmfu01
Alex Len,30,SAC,C,48,0,9.3,2.7,1,2.5,lenal01
Markieff Morris,34,DAL,PF,26,1,8.3,1.5,0.6,2.5,morrima02
Harry Giles,25,TOT,C,23,0,4.3,1.3,0.3,2.4,gilesha01
AJ Griffin,20,ATL,SF,20,0,8.6,0.9,0.3,2.4,griffaj01
Mouhamadou Gueye,25,TOR,PF,11,0,10.9,2.1,0.5,2.4,gueyemo01
Joe Harris,32,DET,SG,16,0,10.6,0.8,0.6,2.4,harrijo01
Cory Joseph,32,GSW,PG,26,0,11.4,1.2,1.6,2.4,josepco01
Xavier Moon,29,LAC,SG,14,1,8.5,1.3,1.5,2.4,moonxa01
Jamaree Bouyea,24,TOT,PG,9,0,10.6,2.1,1.2,2.3,bouyeja01
Amari Bailey,19,CHA,PG,10,0,6.5,0.9,0.7,2.3,baileam01
Isaiah Mobley,24,CLE,PF,10,0,7.2,1,0.6,2.3,mobleis01
Chuma Okeke,25,ORL,SF,47,8,9.2,1.7,0.4,2.3,okekech01
Olivier Sarr,24,OKC,C,15,0,6.5,2.4,0.1,2.3,sarrol01
Dereon Seabron,23,NOP,SG,6,0,9.2,1.2,0.8,2.3,seabrde01
Cole Swider,24,MIA,SF,18,0,4.8,0.4,0.3,2.3,swideco01
Udoka Azubuike,24,PHX,C,16,0,7.1,2,0.2,2.2,azubuud01
Reggie Bullock,32,HOU,SF,44,0,9.5,1.7,0.3,2.2,bullore01
Trent Forrest,25,ATL,SG,38,0,10.9,1.3,2.4,2.2,forretr01
Nate Hinton,24,HOU,SG,15,0,5,1.5,0.7,2.2,hintona01
Andre Jackson Jr.,22,MIL,SG,57,8,10,2,0.9,2.2,jacksan01
Julian Phillips,20,CHI,SF,40,0,8.1,0.9,0.3,2.2,phillju01
Ish Wainright,29,TOT,SF,11,0,5.6,1.3,0.1,2.1,wainris01
Colby Jones,21,SAC,SG,30,0,6.4,1.3,0.7,2.1,jonesco02
Mamadi Diakite,27,TOT,PF,6,0,4,0.7,0.3,2,diakima01
Kobe Brown,24,LAC,PF,44,0,9,1.4,0.6,2,brownko01
JD Davison,21,BOS,SG,8,0,4.9,1.3,1.3,2,davisjd01
Jordan Ford,25,SAC,PG,6,0,3.7,0.3,0.3,2,fordjo01
Kevon Harris,26,ORL,SG,2,0,3,1,0.5,2,harrike01
D'Moi Hodge,25,LAL,SG,7,0,5.9,0,0.7,2,hodgedm01
Ty Jerome,26,CLE,SG,2,0,7.5,0.5,1.5,2,jeromty01
Markquis Nowell,24,TOR,SG,1,0,4,2,2,2,nowelma01
Jericho Sims,25,NYK,C,45,11,13,3.3,0.6,2,simsje01
Lindell Wigginton,25,MIL,PG,3,0,2.7,0,0,2,wiggili01
Isaiah Wong,23,IND,SG,1,0,4,0,0,2,wongis01
Justin Minaya,24,POR,SF,34,1,11.2,1.6,0.6,1.8,minayju01
Daishen Nix,21,MIN,PG,15,0,3.3,0.2,0.4,1.8,nixda01
Cody Zeller,31,NOP,C,43,0,7.4,2.6,0.9,1.8,zelleco01
Taj Gibson,38,TOT,PF,20,1,10.2,1.9,0.6,1.7,gibsota01
P.J. Tucker,38,TOT,PF,31,10,15.7,2.7,0.5,1.7,tuckepj01
Kessler Edwards,23,SAC,SF,54,0,5.1,0.8,0.3,1.7,edwarke02
Leonard Miller,20,MIN,SF,17,0,3.1,1.2,0.5,1.7,millele01
Jason Preston,24,UTA,PG,7,0,10.1,2.4,2.3,1.7,prestja01
Jordan Walsh,19,BOS,SF,9,1,9.2,2.2,0.6,1.7,walshjo01
Jalen Hood-Schifino,20,LAL,SG,21,0,5.2,0.6,0.4,1.6,hoodsja01
Jett Howard,20,ORL,SF,18,0,3.7,0.4,0.3,1.6,howarje01
Seth Lundy,23,ATL,SF,9,0,5.8,0.8,0,1.6,lundyse01
Jordan Miller,24,LAC,SF,8,0,3.5,0.6,0,1.6,millejo02
Josh Minott,21,MIN,SF,32,0,2.8,0.5,0.3,1.6,minotjo01
Jalen Pickett,24,DEN,SG,27,0,4.5,0.5,0.8,1.6,pickeja02
Ibou Badji,21,POR,C,22,1,10.3,2.3,0.6,1.5,badjiib01
Colin Castleton,23,LAL,C,16,0,3.7,0.8,0.2,1.5,castlco01
Adam Flagler,24,OKC,SG,2,0,7,0,2,1.5,flaglad01
Dariq Whitehead,19,BKN,SF,2,0,12,2,1.5,1.5,whiteda01
Terry Taylor,24,CHI,PF,31,0,6.1,1.2,0.3,1.5,taylote01
Jack White,26,MEM,SF,4,0,16,3,0.3,1.5,whiteja03
Kendall Brown,20,IND,SG,15,0,4.2,0.3,0.3,1.4,brownke03
Mason Jones,25,SAC,SG,5,0,5.6,1,1,1.4,jonesma05
Jerome Robinson,26,GSW,SG,22,0,3.7,0.3,0.2,1.4,robinje01
Jermaine Samuels,25,HOU,SF,14,0,4.3,0.9,0.2,1.4,samueje01
Jacob Toppin,23,NYK,SF,9,0,4.2,0.8,0.3,1.4,toppija01
R.J. Hampton,22,MIA,PG,8,2,9.5,0.8,1,1.3,hamptrj01
Nathan Mensah,25,CHA,C,25,0,12.3,2.6,0.4,1.3,mensana01
Isaiah Thomas,34,PHX,PG,6,0,3.2,0,0.5,1.3,thomais02
TyTy Washington Jr.,22,MIL,PG,11,0,5.1,0.5,0.5,1.3,washity02
Jay Huff,25,DEN,C,20,0,2.5,0.6,0.1,1.2,huffja01
Keyontae Johnson,23,OKC,SF,9,0,7.3,1.1,0.4,1.2,johnske08
Chris Livingston,20,MIL,SF,21,0,4.3,1,0.2,1.2,livinch01
Braxton Key,26,DEN,SF,20,0,3,0.9,0.5,1.1,keybr01
Robin Lopez,35,MIL,C,16,2,4.1,0.3,0.3,1.1,lopezro01
Admiral Schofield,26,ORL,PF,23,0,3.7,0.7,0.3,1.1,schofad01
Hunter Tyson,23,DEN,PF,18,0,2.7,0.5,0.1,1.1,tysonhu01
Filip Petrušev,23,TOT,C,3,0,3.3,0.3,0,1,petrufi01
Hamidou Diallo,25,WAS,SG,2,0,2.5,1,0.5,1,diallha01
Frank Ntilikina,25,CHA,PG,5,0,8.6,1.2,0.8,1,ntilila01
Joshua Primo,21,LAC,SG,2,0,5,0.5,0,1,primojo01
Thanasis Antetokounmpo,31,MIL,PF,34,0,4.6,0.4,0.5,0.9,antetth01
James Johnson,36,IND,PF,9,0,5.2,0.4,0.9,0.9,johnsja01
Charlie Brown Jr.,26,NYK,SG,8,0,4.6,0.3,0,0.8,brownch02
DaQuan Jeffries,26,NYK,SG,17,0,2.7,0.3,0.3,0.8,jeffrda01
Shaquille Harrison,30,MEM,SG,3,0,2,0.7,0,0.7,harrish01
Quenton Jackson,25,IND,PG,3,0,3.7,1.3,0.7,0.7,jacksqu01
Wendell Moore Jr.,22,MIN,SG,25,0,3,0.5,0.2,0.7,moorewe01
Jalen Slawson,24,SAC,SF,12,0,3.1,0.6,0.2,0.7,slawsja01
Pat Spencer,27,GSW,PG,6,0,4.3,0.7,0.8,0.7,spencpa01
Alondes Williams,24,MIA,SG,7,0,2.3,0.1,0,0.7,willial06
Juan Toscano-Anderson,30,SAC,SF,11,0,4.8,1.3,0.4,0.6,toscaju01
Usman Garuba,21,GSW,PF,6,0,3,1.2,0.2,0.5,garubus01
E.J. Liddell,23,NOP,PF,8,0,2.9,0.6,0.1,0.5,liddeej01
Pete Nance,23,CLE,PF,8,0,3.4,0.4,0,0.4,nancepe01
Maxwell Lewis,21,LAL,SF,34,0,3,0.1,0.2,0.3,lewisma05
Ryan Arcidiacono,29,NYK,PG,20,0,2.3,0.4,0.2,0,arcidry01
Malcolm Cazalon,22,DET,SG,1,0,3,0,0,0,cazalma01
Jalen Crutcher,24,NOP,PG,1,0,3,0,0,0,crutcja01
Andrew Funk,24,CHI,SG,5,0,2.6,0,0,0,funkan01
Kaiser Gates,27,NOP,SF,1,0,7,1,0,0,gateska01
Danny Green,36,PHI,SG,2,0,9,1,0.5,0,greenda02
Ron Harper Jr.,23,TOR,PF,1,0,4,0,1,0,harpero02
Justin Jackson,28,MIN,SF,2,0,0.5,0,0,0,jacksju01
Dmytro Skapintsev,25,NYK,C,2,0,1,0,0,0,skapidm01
Javonte Smart,24,PHI,PG,1,0,1,0,0,0,smartja01
