Player,Age,Team,Pos,G,GS,MP,+/- Per 100 Poss_OnCourt,+/- Per 100 Poss_On-Off,BadPass,LostBall,Fouls Committed_Shoot,Fouls Committed_Off.,Fouls Drawn_Shoot,Fouls Drawn_Off.,PGA,And1,Blkd,playerID
CJ McCollum,28,POR,SG,70,70,2556,0.5,4.8,61,38,85,16,80,6,742,19,59,mccolcj01
Devin Booker,23,PHX,SG,70,70,2512,2.1,6,137,65,65,46,187,24,1109,37,68,bookede01
James Harden,30,HOU,SG,68,68,2483,5.7,9.1,145,95,80,51,326,12,1226,75,92,hardeja01
Harrison Barnes,27,SAC,PF,72,72,2482,-2.5,-1.4,36,26,46,15,122,20,407,22,40,barneha02
Damian Lillard,29,POR,PG,66,66,2474,1.7,8.7,134,38,51,9,166,23,1266,41,85,lillada01
Tobias Harris,27,PHI,PF,72,72,2469,2.8,1.4,36,26,87,17,104,3,540,33,60,harrito02
P.J. Tucker,34,HOU,PF,72,72,2467,3.3,1,35,9,121,15,11,42,286,2,13,tuckepj01
Shai Gilgeous-Alexander,21,OKC,SG,70,70,2428,2.7,3.4,61,40,53,15,148,9,561,35,62,gilgesh01
Bam Adebayo,22,MIA,PF,72,72,2417,4.9,6.1,94,53,99,32,174,7,928,42,60,adebaba01
Donovan Mitchell,23,UTA,SG,69,69,2364,2,-0.9,83,66,69,17,126,21,739,28,48,mitchdo01
Nikola Jokić,24,DEN,C,73,73,2336,4.4,6.2,135,54,98,20,107,19,1171,26,32,jokicni01
Rudy Gobert,27,UTA,C,68,68,2333,5.9,10.9,30,36,110,35,181,14,251,34,51,goberru01
DeMar DeRozan,30,SAS,SF,68,68,2316,-2.5,-4.1,60,62,84,19,216,11,972,51,64,derozde01
LeBron James,35,LAL,PG,67,67,2316,9,9.9,165,50,33,28,184,19,1602,68,59,jamesle01
Jayson Tatum,21,BOS,PF,66,66,2265,10.4,11.1,55,52,47,27,136,6,487,24,62,tatumja01
Buddy Hield,27,SAC,SG,72,44,2216,-2.8,-2,69,67,60,14,46,4,496,9,44,hieldbu01
Devonte' Graham,24,CHA,PG,63,53,2211,-4.8,8,111,43,28,7,85,20,1093,21,31,grahade01
Chris Paul,34,OKC,PG,70,70,2208,5.8,11.4,104,37,42,10,38,10,1132,17,9,paulch01
T.J. Warren,26,IND,SF,67,67,2202,3.3,2.5,29,23,74,16,107,21,230,40,33,warretj01
Duncan Robinson,25,MIA,SG,73,68,2166,7.5,11.7,24,10,103,12,23,17,236,7,9,robindu01
Terry Rozier,25,CHA,PG,63,63,2164,-10.1,-9.5,79,23,49,20,64,20,627,20,46,roziete01
Domantas Sabonis,23,IND,PF,62,62,2159,3.4,2.9,61,45,80,44,131,2,731,32,56,sabondo01
Collin Sexton,21,CLE,PG,65,65,2143,-9.1,-3.3,63,63,48,14,106,22,465,28,120,sextoco01
Joe Ingles,32,UTA,PF,72,45,2137,5.1,7.3,88,21,37,25,29,14,884,5,21,inglejo01
Robert Covington,29,TOT,C,70,68,2137,0.2,3.5,43,25,111,13,57,18,217,15,23,covinro01
Anthony Davis,26,LAL,PF,62,62,2131,4.7,-3,70,47,99,16,179,16,487,54,41,davisan02
Joe Harris,28,BKN,SF,69,69,2123,0.8,3.7,48,28,74,19,32,10,352,7,56,harrijo01
Dorian Finney-Smith,26,DAL,PF,71,68,2120,7,4.9,31,17,81,11,50,9,282,10,32,finnedo01
Trae Young,21,ATL,PG,60,60,2120,-5.5,7.4,186,68,43,15,203,29,1292,36,80,youngtr01
Jrue Holiday,29,NOP,SG,61,61,2117,0.8,5.4,116,44,56,10,81,25,994,24,59,holidjr01
Dillon Brooks,24,MEM,SG,73,73,2112,-1,-0.6,52,30,119,22,91,19,356,24,38,brookdi01
Pascal Siakam,25,TOR,PF,60,60,2110,9.1,6.2,58,37,59,30,141,2,533,38,60,siakapa01
Brandon Ingram,22,NOP,PF,62,62,2104,-1.4,0,74,51,72,35,173,18,631,45,52,ingrabr01
Kyle Lowry,33,TOR,PG,58,58,2098,6.5,-0.5,112,32,81,17,119,52,997,21,46,lowryky01
Tim Hardaway Jr.,27,DAL,SG,71,58,2091,5.6,1.7,31,22,50,8,68,25,335,17,45,hardati02
Zach LaVine,24,CHI,SF,60,60,2085,-5,-5,96,59,63,20,143,7,609,33,86,lavinza01
Bojan Bogdanović,30,UTA,SF,63,63,2083,5.5,8,79,46,38,10,110,9,324,27,72,bogdabo02
Julius Randle,25,NYK,PF,64,64,2080,-5.2,3.2,65,65,73,38,163,7,502,42,65,randlju01
Evan Fournier,27,ORL,SF,66,66,2076,-1.9,-2.1,52,40,51,19,89,16,470,25,30,fournev01
Ja Morant,20,MEM,PG,67,67,2074,-0.2,1.3,121,58,53,9,140,9,1161,26,92,moranja01
OG Anunoby,22,TOR,SF,69,68,2066,6.8,0.3,29,20,75,13,42,15,276,12,60,anunoog01
Bradley Beal,26,WAS,SG,57,57,2053,-4.7,-0.3,95,59,52,27,196,20,815,40,52,bealbr01
Royce O'Neale,26,UTA,SF,71,62,2049,5.8,8.5,21,17,89,9,16,19,454,4,11,onealro01
Russell Westbrook,31,HOU,PG,57,57,2049,2.8,-0.5,131,80,68,25,187,5,1014,46,81,westbru01
Luka Dončić,20,DAL,PG,61,61,2047,5.4,1.2,153,62,49,34,248,11,1320,80,67,doncilu01
Mikal Bridges,23,PHX,SF,73,32,2042,3.2,6.5,41,17,87,6,44,26,316,11,33,bridgmi01
Al Horford,33,PHI,C,67,61,2025,2.8,1.1,47,10,88,13,29,0,637,8,24,horfoal01
Lonzo Ball,22,NOP,PG,63,54,2025,-1,0.8,129,29,67,13,26,7,1045,4,34,balllo01
De'Andre Hunter,22,ATL,SF,63,62,2018,-6.2,4.7,37,34,81,16,67,18,278,14,54,huntede01
Aaron Gordon,24,ORL,PF,62,62,2017,-1.2,-0.4,42,27,55,19,105,7,536,27,42,gordoaa01
Ben Simmons,23,PHI,PG,57,57,2017,1.2,-2.6,115,25,55,38,124,25,1136,24,32,simmobe01
Ricky Rubio,29,PHX,PG,65,65,2016,3.1,6.3,123,25,54,5,91,49,1300,16,43,rubiori01
Nemanja Bjelica,31,SAC,PF,72,67,2011,-1.1,2.4,39,23,103,17,40,7,500,14,27,bjeline01
Hassan Whiteside,30,POR,C,67,61,2008,2.6,8,33,38,114,27,115,10,191,44,39,whiteha01
Dennis Schröder,26,OKC,PG,65,2,1999,5,7.8,93,42,46,16,90,24,602,20,55,schrode01
Nikola Vučević,29,ORL,C,62,62,1998,0.8,4.3,34,27,87,9,76,2,530,23,50,vucevni01
Markelle Fultz,21,ORL,PG,72,60,1996,-1.5,-1,79,43,59,16,69,10,899,19,49,fultzma01
Miles Bridges,21,CHA,SF,65,64,1995,-9.9,-7.5,47,18,61,15,58,7,285,13,44,bridgmi02
Spencer Dinwiddie,26,BKN,PG,64,49,1994,0.8,3.2,103,22,64,30,201,14,1033,40,53,dinwisp01
Kendrick Nunn,24,MIA,PG,67,67,1962,1.5,-3.3,57,32,82,12,36,14,521,6,58,nunnke01
Jimmy Butler,30,MIA,SF,58,58,1959,5.8,6.4,77,17,29,19,232,4,851,48,45,butleji01
Marcus Morris,30,TOT,PF,62,62,1936,1.1,5.3,39,25,84,20,84,8,202,26,24,morrima03
Jaylen Brown,23,BOS,SG,57,57,1934,6.1,-0.8,42,46,65,15,111,8,280,25,66,brownja02
Kelly Oubre Jr.,24,PHX,SF,56,55,1933,-0.1,-1.1,37,23,75,13,120,22,198,30,75,oubreke01
Fred VanVleet,25,TOR,SG,54,54,1928,5.2,-3.3,60,34,46,18,75,10,860,19,51,vanvlfr01
Marcus Smart,25,BOS,SG,60,40,1919,7.1,1.3,68,14,74,6,53,30,678,11,19,smartma01
Giannis Antetokounmpo,25,MIL,PF,63,63,1917,15.8,12.7,66,58,50,65,306,10,902,94,69,antetgi01
Will Barton,29,DEN,SF,58,58,1916,6,8.2,45,19,58,12,57,8,485,16,45,bartowi01
Danuel House Jr.,26,HOU,SF,63,52,1913,3.2,0.4,28,10,68,6,41,21,210,8,19,houseda01
Cedi Osman,24,CLE,SF,65,65,1910,-9,-2.4,40,21,73,12,46,27,379,14,36,osmande01
Jamal Murray,22,DEN,PG,59,59,1904,5.5,7,69,33,49,12,58,22,665,14,27,murraja01
Carmelo Anthony,35,POR,PF,58,58,1902,0.4,2.9,35,17,66,30,80,7,212,16,46,anthoca01
Jerami Grant,25,DEN,PF,71,24,1892,-1.5,-7.9,20,14,73,22,99,18,221,32,32,grantje01
Maxi Kleber,28,DAL,PF,74,21,1890,3.4,-3.1,17,15,103,15,42,12,215,14,14,klebima01
Terrence Ross,28,ORL,SG,69,0,1889,-2.8,-4,34,15,49,14,68,0,198,22,41,rosste01
Andre Drummond,26,TOT,C,57,56,1879,-5.8,-1.6,68,53,83,41,142,7,374,31,93,drumman01
Tomáš Satoranský,28,CHI,SG,65,64,1878,-2.5,2,88,25,60,6,51,21,852,15,31,satorto01
Jae Crowder,29,TOT,SF,65,53,1875,-2.1,-3.7,40,12,66,10,44,17,373,10,21,crowdja01
Lou Williams,33,LAC,PG,65,8,1864,3.5,-6.6,129,32,17,8,135,20,854,26,50,willilo02
Andrew Wiggins,24,TOT,SF,54,54,1858,-5.4,0.3,48,52,84,16,133,3,493,35,56,wiggian01
Taurean Prince,25,BKN,PF,64,61,1857,1.7,5,54,30,65,17,30,20,279,3,27,princta02
Khris Middleton,28,MIL,SF,62,59,1853,11.6,3.4,68,37,51,23,86,12,609,19,39,middlkh01
Jarrett Allen,21,BKN,C,70,64,1852,0.9,3.2,20,17,94,26,113,7,268,31,44,allenja01
Kawhi Leonard,28,LAC,SF,57,57,1848,12,11.5,59,42,37,24,167,7,684,45,40,leonaka01
Jonas Valančiūnas,27,MEM,C,70,70,1845,0.6,2.7,37,38,97,27,92,4,316,17,39,valanjo01
Danilo Gallinari,31,OKC,PF,62,62,1834,4.8,6.6,27,22,29,12,111,15,280,20,31,gallida01
Justin Holiday,30,IND,SF,73,6,1826,1.7,-1.4,22,12,77,4,24,20,222,5,24,holidju01
Myles Turner,23,IND,C,62,62,1826,0.7,-3.3,27,20,95,22,86,15,177,23,22,turnemy01
Darius Garland,20,CLE,SG,59,59,1824,-8.9,-2.1,90,32,49,5,32,15,550,5,38,garlada01
Brook Lopez,31,MIL,C,68,67,1817,12.4,4.9,24,7,106,21,77,3,249,17,22,lopezbr01
Kristaps Porziņģis,24,DAL,C,57,57,1814,6.3,3,36,24,106,22,122,2,256,29,33,porzikr01
Ish Smith,31,WAS,PG,68,23,1787,-3.5,2.2,62,20,71,3,33,12,828,10,27,smithis01
Glenn Robinson III,26,TOT,SF,62,52,1786,-7.7,-0.7,25,20,60,5,39,3,235,7,41,robingl02
Troy Brown Jr.,20,WAS,SF,69,22,1782,-6,-3,38,22,53,10,61,14,421,17,46,browntr01
Gary Harris,25,DEN,SG,56,55,1780,3.9,3.3,25,17,46,9,43,10,292,12,27,harriga01
Kevin Love,31,CLE,PF,56,56,1780,-8.8,-1.8,88,28,53,7,81,14,415,10,29,loveke01
Bogdan Bogdanović,27,SAC,SG,61,28,1766,-1.6,1,50,31,49,8,43,15,494,16,30,bogdabo01
Kentavious Caldwell-Pope,26,LAL,SG,69,26,1762,4.5,-2.6,39,15,65,3,41,21,267,9,15,caldwke01
Kevin Huerter,21,ATL,SG,56,48,1760,-6.9,2.3,56,16,61,7,26,4,511,6,18,huertke01
Cory Joseph,28,SAC,PG,72,26,1759,0.2,4.7,53,20,73,3,27,41,614,6,13,josepco01
P.J. Washington,21,CHA,PF,58,57,1759,-6.9,0.6,43,25,98,13,69,5,310,17,40,washipj01
Josh Hart,24,NOP,SF,65,16,1755,-2.5,-2.4,36,20,70,9,53,7,268,13,25,hartjo01
LaMarcus Aldridge,34,SAS,C,53,53,1754,-3.8,-5.3,13,20,70,29,83,1,309,23,20,aldrila01
Alec Burks,28,TOT,SF,66,19,1754,-6.3,0,57,14,48,13,120,18,438,27,43,burksal01
Montrezl Harrell,26,LAC,C,63,2,1749,6,-0.9,30,39,89,18,184,36,266,72,71,harremo01
Kemba Walker,29,BOS,PG,56,56,1742,6.1,-0.7,56,49,53,1,88,34,643,18,64,walkeke02
Gordon Hayward,29,BOS,SF,52,52,1740,8.5,4.1,41,33,34,18,64,3,505,17,39,haywago01
Garrett Temple,33,BKN,SG,62,35,1730,-1.6,-1.9,35,15,53,7,30,11,371,10,26,templga01
Tristan Thompson,28,CLE,C,57,51,1721,-9.9,-4.1,26,31,61,22,67,4,290,14,65,thomptr01
Jordan Clarkson,27,TOT,SG,71,2,1705,-0.3,2,38,31,44,11,71,4,341,25,52,clarkjo01
RJ Barrett,19,NYK,SG,56,55,1704,-9.2,-6.1,65,34,58,15,121,11,322,26,60,barrerj01
Langston Galloway,28,DET,SG,66,6,1702,-4.7,-1.1,26,9,31,3,32,13,240,13,14,gallola01
Josh Richardson,26,PHI,SG,55,53,1693,3,1.3,51,19,60,16,42,16,388,9,37,richajo01
Kent Bazemore,30,TOT,SF,68,21,1688,1.3,3.5,55,20,94,11,60,34,213,14,37,bazemke01
Danny Green,32,LAL,SG,68,68,1687,6.4,1.3,32,12,59,9,16,19,209,4,7,greenda02
Dejounte Murray,23,SAS,PG,66,58,1687,-4.4,-6.4,59,45,58,13,55,11,639,15,37,murrade01
Steven Adams,26,OKC,C,63,63,1680,4.5,5.3,33,27,62,20,87,5,336,17,32,adamsst01
Derrick White,25,SAS,SG,68,20,1677,0.5,3.2,48,24,84,4,94,53,555,26,27,whitede01
Coby White,19,CHI,PG,65,1,1674,-4.6,-2.6,48,36,46,10,62,16,427,16,61,whiteco01
Malcolm Brogdon,27,IND,PG,54,54,1666,2.8,0.8,72,36,42,14,58,9,870,12,53,brogdma01
Goran Dragić,33,MIA,PG,59,3,1663,3.3,0.8,87,24,46,17,77,18,718,14,27,dragigo01
Eric Paschall,23,GSW,PF,60,26,1654,-11,-4.5,33,31,54,21,113,6,307,31,54,pascher01
Eric Bledsoe,30,MIL,PG,61,61,1646,11.8,3.5,75,39,39,24,106,15,799,32,39,bledser01
Tony Snell,28,DET,SF,59,57,1641,-6.4,-4.5,19,8,50,4,8,6,301,2,9,snellto01
Monte Morris,24,DEN,PG,73,12,1636,1.1,-2,34,11,30,4,39,10,610,13,28,morrimo01
Wesley Matthews,33,MIL,SG,67,67,1635,13.1,5.8,20,16,36,3,27,28,222,4,19,matthwe02
Bruce Brown,23,DET,PG,58,43,1634,-3.8,0.6,61,25,85,9,54,9,550,11,43,brownbr01
De'Aaron Fox,22,SAC,PG,51,49,1634,-4.2,-4,83,53,53,16,169,23,884,35,48,foxde01
Dario Šarić,25,PHX,PF,66,51,1632,-1.3,-3.4,40,15,88,14,58,8,286,17,42,saricda01
Jaren Jackson Jr.,20,MEM,C,57,57,1622,-3,-4.3,21,21,116,36,81,13,185,17,64,jacksja02
Ben McLemore,26,HOU,SF,71,23,1619,5.3,4.3,22,10,79,9,26,8,155,3,21,mclembe01
Aaron Holiday,23,IND,PG,66,33,1617,3.5,2.3,56,13,56,5,36,29,534,9,27,holidaa01
Austin Rivers,27,HOU,SG,68,4,1594,2.6,-0.7,22,15,71,6,51,18,292,15,27,riverau01
Thaddeus Young,31,CHI,PF,64,16,1591,-6.2,-5.8,50,22,69,18,28,26,279,6,44,youngth01
Dāvis Bertāns,27,WAS,PF,54,4,1583,-0.3,7.9,41,11,68,5,35,29,221,8,19,bertada01
JJ Redick,35,NOP,SG,60,36,1581,-1.3,0.1,36,17,49,4,51,22,288,10,15,redicjj01
Bryn Forbes,26,SAS,SG,63,62,1579,-7,-10.6,22,17,59,7,38,4,246,8,28,forbebr01
Seth Curry,29,DAL,SG,64,25,1576,3.8,-2,24,19,39,7,28,11,306,10,14,curryse01
Delon Wright,27,DAL,PG,73,5,1570,2.1,-4.9,41,25,45,2,41,7,636,10,30,wrighde01
Daniel Theis,27,BOS,C,65,64,1566,6.8,0.5,20,9,114,17,49,19,275,15,29,theisda01
Furkan Korkmaz,22,PHI,SG,72,12,1559,2,-0.6,26,11,46,5,39,13,187,7,8,korkmfu01
Cam Reddish,20,ATL,SF,58,34,1551,-6.9,2,33,33,72,7,56,16,212,10,54,reddica01
Josh Okogie,21,MIN,SG,62,28,1547,-4.9,-0.6,35,30,57,12,84,19,245,14,35,okogijo01
Kyle Kuzma,24,LAL,PF,61,9,1526,5.7,-0.2,36,21,73,17,77,10,194,18,22,kuzmaky01
Donte DiVincenzo,23,MIL,SG,66,24,1520,13.3,5.8,49,22,47,11,32,21,360,4,27,divindo01
Tyler Herro,20,MIA,SG,55,8,1508,-1.9,-8.4,43,24,36,6,36,5,295,5,23,herroty01
Jarrett Culver,20,MIN,SG,63,35,1506,-3.4,2.3,32,20,69,15,55,4,266,10,53,culveja01
Joel Embiid,25,PHI,C,51,51,1506,5.2,5,50,56,80,31,177,9,361,44,42,embiijo01
Trevor Ariza,34,TOT,SF,53,21,1493,-0.2,1.7,28,10,33,5,36,15,223,8,11,arizatr01
Lauri Markkanen,22,CHI,PF,50,50,1492,-3,0.7,36,26,56,11,67,8,181,10,39,markkla01
Patty Mills,31,SAS,PG,66,1,1485,3.9,9,30,10,28,8,37,31,265,9,18,millspa02
Serge Ibaka,30,TOR,C,55,27,1485,3.8,-5,24,32,69,31,59,0,197,18,22,ibakase01
Norman Powell,26,TOR,SG,52,26,1479,5.3,-2.3,28,24,38,10,63,5,218,15,34,powelno01
Larry Nance Jr.,27,CLE,PF,56,10,1472,-5.2,5.3,34,10,40,8,24,10,312,4,15,nancela02
Jeff Teague,31,TOT,PG,59,17,1464,-6.9,-1.2,65,31,54,10,83,11,755,18,38,teaguje01
Rudy Gay,33,SAS,PF,67,5,1461,-0.4,1.3,32,36,55,7,60,8,263,11,22,gayru01
Landry Shamet,22,LAC,SG,53,30,1452,4.5,-3.3,22,10,63,3,28,11,239,4,14,shamela01
D'Angelo Russell,23,TOT,PG,45,45,1452,-8.6,-1.5,100,40,37,4,75,7,646,10,18,russeda01
Anfernee Simons,20,POR,SG,70,4,1449,-8,-11.9,30,16,61,7,41,6,242,10,38,simonan01
Rui Hachimura,21,WAS,PF,48,48,1444,-8.1,-6.1,13,21,42,9,65,7,218,11,53,hachiru01
Maurice Harkless,26,TOT,PF,62,48,1427,2.1,-2.7,26,7,97,12,31,2,162,6,13,harklma01
Damion Lee,27,GSW,SG,49,36,1423,-4.2,8.6,38,10,46,7,44,21,316,10,21,leeda03
D.J. Augustin,32,ORL,PG,57,13,1420,2.1,5.2,51,20,22,10,64,12,640,11,31,augusdj01
Paul George,29,LAC,SF,48,48,1419,8.3,3.1,70,33,50,18,84,17,448,17,38,georgpa01
Mitchell Robinson,21,NYK,C,61,7,1412,-3.1,5.9,5,11,121,14,74,4,82,18,20,robinmi01
Bobby Portis,24,NYK,PF,66,5,1393,-6.9,-0.9,14,19,51,20,44,4,237,13,28,portibo01
Derrick Jones Jr.,22,MIA,SF,59,16,1375,1.3,-2.6,7,10,69,3,55,20,155,14,14,jonesde02
Doug McDermott,28,IND,PF,69,0,1372,3.8,2.5,18,7,63,9,28,7,169,12,37,mcderdo01
Brad Wanamaker,30,BOS,PG,71,1,1369,5.5,-1.6,37,19,55,5,62,5,433,10,26,wanambr01
Mike Conley,32,UTA,PG,47,41,1363,2,-0.4,55,23,35,7,57,30,499,12,15,conlemi01
John Collins,22,ATL,PF,41,41,1363,-5.6,4.1,22,30,78,17,69,1,144,22,54,collijo01
Shabazz Napier,28,TOT,PG,56,32,1344,-3.7,1.1,81,34,32,4,57,19,651,7,15,napiesh01
Patrick Beverley,31,LAC,PG,51,50,1342,10.5,6.6,39,9,54,7,17,28,458,5,8,beverpa01
Cody Zeller,27,CHA,C,58,39,1341,-9.4,-3.9,24,20,62,22,90,8,211,26,44,zelleco01
Gary Trent Jr.,21,POR,SF,61,8,1332,-2.1,-1.9,8,6,27,4,19,14,151,4,11,trentga02
Kyle Anderson,26,MEM,SF,67,28,1330,-3,-3.7,35,17,59,6,40,12,369,7,17,anderky01
Caris LeVert,25,BKN,SG,45,31,1330,0.1,1.2,58,33,35,8,90,12,480,27,41,leverca01
Ivica Zubac,22,LAC,C,72,70,1326,9.2,4.4,18,13,113,20,75,1,196,11,28,zubaciv01
T.J. McConnell,27,IND,PG,71,3,1326,2.6,0.5,47,30,32,4,20,20,850,8,23,mccontj01
Christian Wood,24,DET,PF,62,12,1325,2.2,10.9,24,30,49,15,105,13,144,30,31,woodch01
JaMychal Green,29,LAC,PF,63,1,1307,5.2,-2,18,7,78,15,20,5,123,3,20,greenja01
Dwight Howard,34,LAL,C,69,2,1306,6.6,1.2,18,17,103,35,92,2,105,23,14,howardw01
Kelly Olynyk,28,MIA,C,67,9,1300,1.4,-2.5,24,13,80,20,29,16,288,4,14,olynyke01
Brandon Clarke,23,MEM,PF,58,4,1300,-0.2,0.8,21,14,55,12,54,6,182,19,20,clarkbr01
Derrick Rose,31,DET,PG,50,15,1298,-3.6,0.9,71,45,27,4,73,8,700,22,56,rosede01
Jeremy Lamb,27,IND,SG,46,42,1291,-0.3,-4,27,11,44,8,51,20,223,9,16,lambje01
Matisse Thybulle,22,PHI,SG,65,14,1287,2.9,0.8,26,11,73,5,17,13,190,3,8,thybuma01
Clint Capela,25,HOU,C,39,39,1279,2.4,-1,22,22,35,9,54,12,122,16,40,capelca01
Jordan Poole,20,GSW,SG,57,14,1274,-8.5,0.6,31,23,36,5,43,18,316,11,32,poolejo01
Trey Lyles,24,SAS,PF,63,53,1271,-2,-1.3,27,6,60,3,22,3,158,6,17,lylestr01
George Hill,33,MIL,PG,59,2,1271,11.8,2.7,30,14,42,4,29,19,434,4,20,hillge01
Kris Dunn,25,CHI,PG,51,32,1269,-0.6,4.6,37,12,65,11,23,8,420,8,20,dunnkr01
Svi Mykhailiuk,22,DET,SF,56,27,1265,-1.1,5.1,38,10,35,4,27,10,260,3,24,mykhasv01
James Ennis III,29,TOT,SG,69,18,1265,0.9,-0.2,21,17,64,15,46,11,149,8,21,ennisja01
Terrance Ferguson,21,OKC,SF,56,38,1257,-4.4,-9.4,14,6,67,6,9,17,127,2,5,fergute01
Wendell Carter Jr.,20,CHI,C,43,43,1256,-0.9,4,17,23,83,22,66,10,132,10,32,cartewe01
Cameron Johnson,23,PHX,PF,57,9,1255,0,-0.6,13,8,45,1,22,15,173,9,15,johnsca02
Isaac Bonga,20,WAS,SF,66,49,1250,0,7.1,29,14,89,6,43,26,190,15,14,bongais01
Elfrid Payton,25,NYK,PG,45,36,1246,-3.7,4.4,64,20,38,3,45,7,737,11,45,paytoel01
Pat Connaughton,27,MIL,SG,67,4,1243,5.1,-7.6,28,17,46,1,17,7,267,6,18,connapa01
Derrick Favors,28,NOP,C,51,49,1243,4.5,9,28,4,69,12,39,3,210,14,25,favorde01
Richaun Holmes,26,SAC,C,44,38,1242,1.1,5,14,11,74,18,55,2,97,10,15,holmeri01
Paul Millsap,34,DEN,PF,51,48,1240,8.8,10.1,19,24,78,19,66,5,197,16,35,millspa01
Deandre Ayton,21,PHX,C,38,32,1236,3.4,4.5,21,21,72,15,44,2,165,15,37,aytonde01
DeAndre Jordan,31,BKN,C,56,6,1234,-1.3,-1,40,11,58,14,49,6,245,18,19,jordade01
Tyus Jones,23,MEM,PG,65,6,1232,-1.8,-1.7,39,7,19,3,16,8,689,1,25,jonesty01
Draymond Green,29,GSW,PF,43,43,1222,-7.1,2.8,74,10,48,4,33,14,636,9,13,greendr01
Terence Davis,22,TOR,SG,72,4,1209,8.6,3,38,18,53,9,26,4,281,11,28,daviste02
Malik Beasley,23,TOT,SG,55,14,1209,-1.8,-1.6,23,18,32,8,26,7,187,5,29,beaslma01
Mike Scott,31,PHI,PF,68,11,1207,6.5,6.4,15,6,48,5,12,3,131,2,8,scottmi01
Marquese Chriss,22,GSW,PF,59,21,1196,-9,-0.2,29,17,57,21,68,7,270,12,23,chrisma01
Frank Ntilikina,21,NYK,PG,57,26,1187,-3.3,4.8,41,11,50,7,19,21,408,3,14,ntilila01
Karl-Anthony Towns,24,MIN,C,35,35,1187,-2.2,4,45,21,51,28,93,7,345,33,36,townska01
Markieff Morris,30,TOT,PF,58,17,1187,-5.7,-3.8,32,15,71,16,32,4,183,6,15,morrima02
Avery Bradley,29,LAL,SG,49,44,1186,7.6,2.8,26,11,41,4,9,7,141,2,23,bradlav01
Alex Caruso,25,LAL,PG,64,2,1175,10.4,7.1,34,15,37,3,34,26,291,9,24,carusal01
Jakob Poeltl,24,SAS,C,66,18,1171,5.1,9.6,27,8,83,14,40,16,276,14,24,poeltja01
Malik Monk,21,CHA,SG,55,1,1169,-10.5,-5.4,52,12,38,8,49,7,269,12,29,monkma01
De'Anthony Melton,21,MEM,PG,60,8,1167,5.4,9.2,47,21,51,2,36,14,403,8,24,meltode01
Kevin Knox,20,NYK,SF,65,4,1166,-8,-2.6,15,14,56,10,47,2,145,5,21,knoxke01
Kevin Porter Jr.,19,CLE,SF,50,3,1162,-11.6,-5.6,51,25,61,11,50,7,246,13,32,porteke02
Marc Gasol,35,TOR,C,44,43,1161,10.6,5.9,28,9,61,12,14,9,357,5,7,gasolma01
Thomas Bryant,22,WAS,C,46,36,1147,-7.4,-4.2,17,9,48,18,62,4,189,22,14,bryanth01
JaVale McGee,32,LAL,C,68,68,1130,5.7,-0.1,19,11,74,13,42,1,83,12,19,mcgeeja01
Darius Bazley,19,OKC,PF,61,9,1130,-2.8,-6.6,21,8,32,8,30,7,104,3,28,bazleda01
Marvin Williams,33,TOT,PF,58,1,1129,-2.6,-0.1,17,4,38,10,16,6,149,6,8,willima02
Nerlens Noel,25,OKC,C,61,7,1127,0.2,-2.2,28,13,85,13,41,15,134,10,9,noelne01
Rondae Hollis-Jefferson,25,TOR,PF,60,6,1122,4.5,-3.1,26,20,45,7,69,17,277,15,27,holliro01
Willie Cauley-Stein,26,TOT,C,54,39,1097,-5.5,2,13,13,67,7,34,4,165,8,18,caulewi01
Gorgui Dieng,30,TOT,C,63,17,1096,-3.3,0.1,17,10,61,10,38,20,177,8,23,dienggo01
Solomon Hill,28,TOT,PF,59,4,1088,-2.6,-3,32,8,43,7,21,7,250,3,9,hillso01
Jaxson Hayes,19,NOP,C,64,14,1080,-2.3,-1.4,19,5,100,24,93,10,143,23,14,hayesja02
Torrey Craig,29,DEN,SF,58,27,1072,-5.7,-11.3,11,4,77,4,15,5,110,6,10,craigto01
Dwight Powell,28,DAL,C,40,37,1061,8.4,4.9,12,6,53,10,51,12,144,13,13,poweldw01
Mason Plumlee,29,DEN,C,61,1,1057,-0.7,-4.1,43,9,61,15,69,9,366,16,22,plumlma01
Justin Jackson,24,DAL,PF,65,3,1045,1.4,-4.9,8,2,37,2,19,2,130,3,15,jacksju01
Grant Williams,21,BOS,PF,69,5,1043,7.2,1,22,6,85,19,22,12,161,7,14,willigr01
Nicolò Melli,29,NOP,C,60,8,1042,-4.6,-4.6,18,12,72,5,23,12,207,6,7,mellini01
Meyers Leonard,27,MIA,C,51,49,1034,4.4,2.1,17,6,67,9,15,7,135,8,10,leoname01
Bismack Biyombo,27,CHA,C,53,29,1029,-6.6,0.7,12,12,51,13,60,3,116,12,33,biyombi01
Taj Gibson,34,NYK,C,62,56,1025,-12,-8.3,7,12,56,19,29,3,131,10,17,gibsota01
Jalen Brunson,23,DAL,PG,57,16,1022,8.1,4.5,33,16,32,9,30,26,477,12,11,brunsja01
E'Twaun Moore,30,NOP,SG,56,6,1020,-2.3,-1.3,18,6,34,5,18,4,196,6,19,mooreet01
Eric Gordon,31,HOU,SF,36,15,1016,0.3,-3.8,15,16,35,5,50,4,144,15,29,gordoer01
Ky Bowman,22,GSW,PG,45,12,1015,-8.5,0.4,39,18,44,5,18,16,302,6,17,bowmaky01
Semi Ojeleye,25,BOS,PF,69,6,1011,-0.3,-9.5,9,4,38,4,16,18,85,7,11,ojelese01
Lonnie Walker IV,21,SAS,SG,61,12,988,0.3,2,15,14,38,6,32,4,166,8,21,walkelo01
Ersan İlyasova,32,MIL,PF,63,8,986,5.4,-6.4,20,4,51,5,34,17,122,7,13,ilyaser01
Rajon Rondo,33,LAL,PG,48,3,984,1.9,-5.5,67,7,16,6,13,11,566,1,15,rondora01
Enes Freedom,27,BOS,C,58,7,983,9.6,4.3,15,11,60,14,44,1,133,12,36,kanteen01
Jonathan Isaac,22,ORL,PF,34,32,980,1.2,3.1,19,15,44,7,37,6,120,10,10,isaacjo01
Jerome Robinson,22,TOT,SG,63,6,979,-1,-2.1,30,10,60,3,22,10,203,4,14,robinje01
Alex Len,26,TOT,C,55,12,970,-5.9,0.6,12,16,76,17,51,1,125,9,21,lenal01
Kyle Korver,38,MIL,SF,58,1,960,5.6,-6.1,26,7,41,7,9,8,155,2,5,korveky01
Jeff Green,33,TOT,C,48,4,960,-4.5,-8.4,9,12,42,17,42,8,126,5,14,greenje02
Robin Lopez,31,MIL,C,66,5,958,2.7,-10,10,12,55,25,23,5,114,7,9,lopezro01
Wes Iwundu,25,ORL,SF,52,21,953,1.5,3.5,9,9,33,3,44,1,147,6,16,iwundwe01
Jevon Carter,24,PHX,PG,58,2,945,1.2,1,15,6,47,3,7,9,201,2,11,carteje01
Aron Baynes,33,PHX,C,42,28,934,-1.4,-2.5,12,8,71,20,27,21,163,8,16,baynear01
Ryan Arcidiacono,25,CHI,PG,58,4,930,-4.2,-1.3,24,8,45,1,9,32,237,0,10,arcidry01
Treveon Graham,26,TOT,SF,55,20,929,-6.3,-1,7,4,45,5,27,18,109,5,23,grahatr01
Isaiah Thomas,30,WAS,PG,40,37,925,-10.6,-8.3,46,18,35,6,20,8,339,2,32,thomais02
Georges Niang,26,UTA,PF,66,1,923,-2.7,-6.7,14,5,36,4,10,5,109,0,9,niangge01
Khem Birch,27,ORL,C,48,24,922,-6.9,-8,6,9,48,12,47,6,126,5,10,birchkh01
Luke Kennard,23,DET,SG,28,25,922,-2.8,1.8,21,12,26,6,22,4,272,3,13,kennalu01
Jabari Parker,24,TOT,PF,38,23,917,-5.1,2.6,21,21,50,8,39,8,160,10,37,parkeja01
DeAndre' Bembry,25,ATL,SG,43,4,915,-11.6,-5.1,36,16,31,4,23,12,190,3,18,bembrde01
Patrick McCaw,24,TOR,SF,37,12,908,0.9,-7.8,11,11,32,2,10,1,194,2,8,mccawpa01
Michael Porter Jr.,21,DEN,SF,55,8,903,0.4,-2.4,18,10,54,9,34,3,101,10,27,portemi01
Cody Martin,24,CHA,SF,48,3,903,-2.8,6.1,21,13,33,5,32,31,231,9,10,martico01
Hamidou Diallo,21,OKC,SF,46,3,896,1,-1,16,16,47,13,34,19,92,10,21,diallha01
Damian Jones,24,ATL,C,55,27,887,-14,-8.3,4,4,84,10,38,4,82,5,25,jonesda03
Omari Spellman,22,GSW,C,49,3,886,-9.4,-0.9,31,9,33,6,43,2,107,12,17,spellom01
Marco Belinelli,33,SAS,SG,57,0,883,1.1,3.1,7,6,27,1,20,6,160,4,9,belinma01
Mo Bamba,21,ORL,C,62,0,878,1.6,3.5,9,9,77,14,21,2,108,4,25,bambamo01
Vince Carter,43,ATL,PF,60,0,876,-9.4,-2,21,3,44,5,9,4,115,2,6,cartevi01
Anthony Tolliver,34,TOT,PF,55,13,872,-5.6,-5.9,19,5,34,6,14,9,109,3,7,tollian01
Rodney McGruder,28,LAC,SG,56,4,871,1.4,-6.8,14,5,36,1,16,11,92,4,17,mcgruro01
Mario Hezonja,24,POR,PF,53,4,871,-8.8,-10.5,19,10,49,7,28,7,124,5,18,hezonma01
Abdel Nader,26,OKC,SF,55,6,867,-5.2,-9.2,16,8,39,7,33,2,92,10,10,naderab01
Timothé Luwawu-Cabarrot,24,BKN,SF,47,2,853,-1.7,-1.4,16,13,43,7,34,7,67,5,24,luwawti01
Emmanuel Mudiay,23,UTA,PG,54,2,850,-2.6,-6.5,34,18,28,12,38,3,299,5,23,mudiaem01
Damyean Dotson,25,NYK,SG,48,0,836,-4.6,2.4,13,4,28,1,13,5,144,2,7,dotsoda01
Moritz Wagner,22,WAS,C,45,5,835,-4.8,-0.3,14,12,70,24,40,38,137,6,23,wagnemo01
Michael Carter-Williams,28,ORL,SG,45,0,833,1.8,3.7,32,14,33,3,47,32,258,13,20,cartemi01
Juancho Hernangómez,24,TOT,PF,48,14,833,-3.7,-2.9,16,6,28,7,35,11,94,7,15,hernaju01
Kenrich Williams,25,NOP,PF,39,18,832,-1.4,-0.1,11,7,46,3,10,16,143,4,5,willike04
Matthew Dellavedova,29,CLE,PG,57,4,821,0.3,11.2,43,12,26,3,11,19,419,3,7,dellama01
Luguentz Dort,20,OKC,SF,36,28,820,3.6,2.5,10,4,43,2,26,21,64,9,12,dortlu01
Chris Boucher,27,TOR,C,62,0,819,7.4,1,12,8,72,3,58,7,68,16,19,bouchch01
Ian Mahinmi,33,WAS,C,38,35,808,-4.7,-0.2,11,13,60,11,53,9,113,15,21,mahinia01
Shake Milton,23,PHI,SG,40,24,805,-0.1,-3.2,27,9,51,7,33,6,254,4,14,miltosh01
Frank Jackson,21,NOP,PG,59,2,797,-3.5,-2.8,16,8,35,12,31,6,152,9,18,jacksfr01
Jordan McRae,28,TOT,SG,37,4,784,-4.4,0,19,16,34,3,42,7,223,9,23,mcraejo01
Frank Kaminsky,26,PHX,C,39,13,777,-0.7,-1.4,12,9,42,5,41,7,182,9,19,kaminfr01
Thon Maker,22,DET,C,60,14,776,-9.3,-6.8,22,10,64,8,47,3,107,10,13,makerth01
Patrick Patterson,30,LAC,PF,59,18,776,3.3,-4.1,9,2,24,9,14,8,99,3,5,pattepa01
Dewayne Dedmon,30,TOT,C,44,18,774,-2,2,22,10,68,17,18,7,51,8,13,dedmode01
Sterling Brown,24,MIL,SF,52,1,767,4.8,-6.6,21,9,27,7,21,2,123,7,30,brownst02
Sekou Doumbouya,19,DET,PF,38,19,754,-10.9,-8.9,3,9,29,10,28,3,45,10,27,doumbse01
Keita Bates-Diop,24,TOT,SF,44,0,744,-11.2,-9.1,7,5,28,2,39,0,77,9,19,bateske01
Reggie Jackson,29,TOT,PG,31,16,743,6.9,6.6,30,11,22,5,17,6,296,9,17,jacksre01
Wilson Chandler,32,BKN,PF,35,3,734,-7,-8,11,7,46,5,9,1,99,2,4,chandwi01
Elie Okobo,22,PHX,PG,55,3,719,-4.6,-6.3,23,8,30,3,27,3,273,6,6,okoboel01
Grayson Allen,24,MEM,SG,38,0,718,-5.7,-6.3,19,8,34,1,19,10,127,4,9,allengr01
Bruno Fernando,21,ATL,C,56,13,713,-6.4,2,20,13,65,6,24,3,119,8,20,fernabr01
Tyler Johnson,27,TOT,SG,39,7,709,-5.5,-6.6,16,7,26,2,20,9,184,0,16,johnsty01
Dwayne Bacon,24,CHA,SG,39,11,687,-7.8,-0.9,12,11,21,6,29,4,137,9,20,bacondw01
Rodions Kurucs,21,BKN,PF,47,9,684,-2,-1.7,19,13,37,6,12,7,131,2,14,kurucro01
Reggie Bullock,28,NYK,SG,29,19,684,-5.4,1.2,10,5,25,1,9,6,96,4,9,bullore01
Raul Neto,27,PHI,PG,54,3,668,2,-0.4,29,13,30,2,16,23,228,4,13,netora01
Zion Williamson,19,NOP,PF,24,24,668,4.7,7.6,19,25,16,9,88,4,126,18,39,willizi01
Harry Giles,21,SAC,C,46,17,667,-8.8,-8.2,16,12,68,13,21,4,137,3,16,gilesha01
Tony Bradley,22,UTA,C,58,3,663,-1.3,-4.4,4,2,75,17,21,1,62,6,20,bradlto01
Kyrie Irving,27,BKN,PG,20,20,658,-0.3,0.5,30,16,16,2,37,6,310,7,16,irvinky01
Allen Crabbe,27,TOT,SF,37,1,653,-16.5,-10.6,5,6,29,2,7,2,81,2,7,crabbal01
Rodney Hood,27,POR,SF,21,21,619,1.1,2.4,8,4,16,2,15,7,84,3,4,hoodro01
James Johnson,32,TOT,PF,32,1,619,-5.6,-5,22,11,38,7,26,1,185,6,13,johnsja01
Daniel Gafford,21,CHI,C,43,7,609,-2.3,1.3,9,9,54,8,27,14,50,6,8,gaffoda01
John Henson,29,TOT,C,40,8,600,-1.6,5.9,20,6,42,3,15,6,134,4,11,hensojo01
Alfonzo McKinnie,27,CLE,SF,40,1,593,-6.6,1.7,7,5,29,6,13,4,36,2,14,mckinal01
Nickeil Alexander-Walker,21,NOP,SG,47,1,591,-4.2,-3.4,38,8,33,3,19,15,210,3,20,alexani01
Jordan McLaughlin,23,MIN,PG,30,2,590,-7.1,-3.1,20,7,17,2,16,5,306,7,16,mclaujo01
Nassir Little,19,POR,PF,48,5,573,-3.1,-2.5,8,2,47,3,20,2,55,6,12,littlna01
Mike Muscala,28,OKC,C,47,2,572,-1.8,-4.2,4,4,39,7,7,7,96,2,7,muscami01
Skal Labissière,23,POR,C,33,1,567,1.7,3.1,8,7,45,10,13,3,102,1,7,labissk01
Gary Clark,25,TOT,PF,42,5,567,-3.4,-4.4,5,3,29,1,5,3,43,2,1,clarkga01
Luke Kornet,24,CHI,C,36,14,559,-5,-2,6,2,35,4,13,3,75,2,6,kornelu01
Wayne Ellington,32,NYK,SG,36,1,558,-2.1,5.1,7,6,20,3,4,3,106,1,5,ellinwa01
Dennis Smith Jr.,22,NYK,PG,34,3,537,-16.8,-12.5,34,13,32,4,23,6,239,5,11,smithde03
Troy Daniels,28,TOT,SG,47,0,532,2.4,-3.3,3,3,19,2,7,1,42,4,4,danietr01
Yogi Ferrell,26,SAC,PG,50,0,530,-2.6,-0.6,14,4,11,3,13,16,170,1,10,ferreyo01
Victor Oladipo,27,IND,SG,19,16,528,0,-2.7,23,21,14,3,23,17,124,4,10,oladivi01
Chandler Hutchison,23,CHI,SF,28,10,527,-12.6,-11.2,17,3,30,3,39,10,64,9,16,hutchch01
Trey Burke,27,TOT,PG,33,1,520,2.5,-0.7,12,2,10,6,10,3,199,3,15,burketr01
Blake Griffin,30,DET,PF,18,18,512,-2.3,2.2,22,9,18,1,45,10,151,12,19,griffbl01
Quinn Cook,26,LAL,PG,44,1,508,5,-1,16,11,11,1,7,4,119,2,12,cookqu01
Jake Layman,25,MIN,SF,23,2,505,1.5,7.3,10,3,21,4,17,4,34,6,4,laymaja01
Nicolas Batum,31,CHA,SF,22,3,505,-2.9,5.1,11,3,13,0,4,13,158,1,4,batumni01
Kelan Martin,24,MIN,SF,31,4,495,-2.3,2.7,3,5,32,2,14,2,59,4,3,martike03
Naz Reid,20,MIN,C,30,11,495,-0.5,4.9,6,7,54,4,30,4,87,8,16,reidna01
Denzel Valentine,26,CHI,SF,36,5,488,-5.6,-2.7,18,2,26,1,3,1,106,0,2,valende01
Džanan Musa,20,BKN,SF,40,0,487,-3,-2.8,18,11,7,3,18,8,109,4,14,musadz01
Danté Exum,24,TOT,SG,35,1,485,-9.6,-3.6,18,6,14,3,21,8,93,3,9,exumda01
Marko Gudurić,24,MEM,SG,44,0,484,-2.9,-2.6,16,5,22,2,13,4,106,8,11,gudurma01
Shaquille Harrison,26,CHI,SG,43,10,484,7,12.2,11,3,20,2,23,4,122,3,13,harrish01
Cheick Diallo,23,PHX,C,47,2,479,-5.7,-7,13,6,33,5,17,3,50,3,11,diallch01
Goga Bitadze,20,IND,C,54,2,471,-0.7,-3.4,7,5,38,8,13,1,54,1,3,bitadgo01
JaKarr Sampson,26,IND,PF,34,12,471,1.3,-1.2,5,3,29,5,14,4,48,5,5,sampsja02
Javonte Green,26,BOS,SG,48,2,468,-1.4,-9.1,11,6,24,1,20,1,59,2,5,greenja02
Jahlil Okafor,24,NOP,C,30,9,467,-10.6,-10.6,6,8,36,16,29,0,89,9,15,okafoja01
Brandon Knight,28,TOT,SG,25,3,462,-8.9,-2.9,20,11,13,4,5,4,175,1,8,knighbr03
J.J. Barea,35,DAL,PG,29,6,450,0.7,-4.8,28,7,8,2,11,17,264,2,7,bareajo01
Edmond Sumner,24,IND,SG,31,3,447,-1.9,-4.9,9,7,17,1,15,5,131,2,12,sumneed01
Matt Thomas,25,TOR,SG,41,1,440,7,0.4,8,1,22,1,4,1,54,1,13,thomama02
Anžejs Pasečņiks,24,WAS,C,27,0,437,-0.6,4.5,7,5,35,10,14,11,42,5,3,pasecan01
Thabo Sefolosha,35,HOU,PF,41,0,436,3.3,0.4,8,0,21,1,3,2,66,2,5,sefolth01
Gary Payton II,27,WAS,SF,29,17,432,-15.2,-12.1,9,4,22,1,4,1,116,2,7,paytoga02
Brandon Goodwin,24,ATL,PG,34,1,430,-14.9,-7.9,19,6,15,2,13,2,119,3,12,goodwbr01
Boban Marjanović,31,DAL,C,44,5,422,6,1.3,10,9,23,8,29,1,44,9,15,marjabo01
Andre Iguodala,36,MIA,SF,21,0,418,-0.5,-3.9,15,5,21,4,7,4,125,2,1,iguodan01
Jacob Evans,22,TOT,SG,29,1,418,-10.5,-2.1,17,3,27,2,14,6,74,1,11,evansja02
PJ Dozier,23,DEN,SG,29,0,412,-4.9,-8.1,16,4,14,5,13,6,153,2,9,doziepj01
Chris Chiozza,24,TOT,PG,28,2,401,10.7,13.3,23,6,10,2,3,7,208,1,7,chiozch01
Robert Williams,22,BOS,C,29,1,388,5.1,-1.6,8,5,29,5,14,3,63,6,1,williro04
Cristiano Felício,27,CHI,C,22,0,386,-8.4,-5.7,8,4,14,4,12,0,42,3,7,feliccr01
Josh Jackson,22,MEM,SF,22,0,381,4,5.3,19,2,21,4,21,8,78,5,11,jacksjo02
Al-Farouq Aminu,29,ORL,PF,18,2,380,-5.4,-5,7,3,13,4,14,3,46,1,4,aminual01
Noah Vonleh,24,TOT,C,36,1,377,-8.1,-4.3,7,4,18,7,10,1,68,1,10,vonleno01
Willy Hernangómez,25,CHA,C,31,0,375,-4.4,3.1,11,7,18,7,22,2,71,3,9,hernawi01
Romeo Langford,20,BOS,SG,32,2,370,10.6,4.6,4,5,19,1,9,10,32,0,11,langfro01
Admiral Schofield,22,WAS,PF,33,2,368,-7.6,-3.4,2,3,25,1,5,4,33,0,4,schofad01
Theo Pinson,24,BKN,SG,33,0,365,-4.3,-4.1,19,8,20,3,10,5,141,4,15,pinsoth01
Jared Dudley,34,LAL,PF,45,1,364,3.7,-2.3,6,1,19,0,0,5,67,0,2,dudleja01
D.J. Wilson,23,MIL,PF,37,1,363,-4.7,-16.3,6,3,21,2,7,3,62,2,3,wilsodj01
Terance Mann,23,LAC,SF,41,6,362,1.3,-5.8,12,2,18,3,14,2,135,3,7,mannte01
Deonte Burton,26,OKC,SF,39,0,356,-11.7,-15,8,3,18,3,7,1,44,4,7,burtode02
Tim Frazier,29,DET,PG,27,11,355,-7.1,-3.3,19,11,16,3,8,11,226,0,3,fraziti01
Justise Winslow,23,MIA,SG,11,5,352,7.5,5.1,16,4,15,2,10,3,104,1,4,winslju01
Carsen Edwards,21,BOS,SG,37,0,351,-6.1,-14,10,0,18,2,6,4,54,1,7,edwarca01
Chris Silva,23,MIA,PF,44,0,346,-5.4,-9.2,10,8,49,12,22,7,61,1,13,silvach01
Courtney Lee,34,DAL,SG,24,9,345,7.5,2.9,6,2,14,0,3,0,32,1,0,leeco01
Marvin Bagley III,20,SAC,C,13,6,334,-14,-13.2,3,6,21,2,18,4,24,7,16,baglema01
Otto Porter Jr.,26,CHI,SF,14,9,331,3.2,7.3,8,2,18,0,14,2,58,6,5,porteot01
Ty Jerome,22,PHX,SG,31,0,328,-12.8,-14.5,14,0,12,1,3,4,110,0,9,jeromty01
Caleb Martin,24,CHA,SF,18,1,317,-0.2,7.7,9,2,15,1,10,8,56,1,3,martica02
Kyle O'Quinn,29,PHI,C,29,2,313,-5.3,-8.3,13,1,21,4,8,2,118,4,2,oquinky01
Ed Davis,30,UTA,C,28,1,303,-16.5,-20.5,4,1,38,4,4,0,31,2,6,davised01
Keldon Johnson,20,SAS,SF,17,1,301,10.7,13.1,1,6,12,2,20,0,37,4,5,johnske04
Jalen McDaniels,22,CHA,SF,16,0,293,-4.2,3.2,9,1,20,1,9,6,32,3,3,mcdanja01
Chris Clemons,22,HOU,SG,33,0,291,-11,-15.3,11,2,14,2,2,6,64,0,4,clemoch01
Allonzo Trier,24,NYK,SG,24,1,291,-12.2,-6.5,12,3,10,4,13,2,70,0,7,trieral01
Zach Collins,22,POR,PF,11,11,290,7.3,8.9,5,3,23,4,3,2,34,0,6,colliza01
DeMarre Carroll,33,TOT,C,24,0,290,0.5,-0.6,6,5,16,4,20,2,65,2,4,carrode01
Caleb Swanigan,22,TOT,PF,27,1,288,-6.1,-5.3,20,5,26,8,3,4,76,1,2,swanica01
Dragan Bender,22,TOT,C,16,3,286,0,2.8,12,2,29,4,8,1,64,2,8,bendedr01
Michael Kidd-Gilchrist,26,TOT,PF,25,0,281,5,7.3,5,4,17,1,6,1,37,2,5,kiddgmi01
Drew Eubanks,22,SAS,C,22,3,272,-11.5,-11.3,9,5,24,5,11,2,38,1,8,eubandr01
Juan Toscano-Anderson,26,GSW,SG,13,6,272,-15,-6.8,8,4,15,1,3,2,62,1,7,toscaju01
David Nwaba,27,BKN,SF,20,0,268,7,8.3,4,0,16,1,13,3,19,1,6,nwabada01
Isaiah Hartenstein,21,HOU,C,23,2,266,7.4,4.8,7,2,22,3,12,2,43,6,2,harteis01
Kevon Looney,23,GSW,C,20,4,262,-18.2,-10.3,4,1,15,5,9,0,47,6,6,looneke01
Jordan Bell,25,TOT,C,29,0,256,-2.7,1.7,10,7,13,1,8,3,40,1,4,belljo01
Jusuf Nurkić,25,POR,C,8,8,253,-1.2,-0.3,10,2,25,6,14,6,75,7,2,nurkiju01
Evan Turner,31,ATL,SG,19,0,251,-12.2,-4.6,18,5,12,1,8,1,92,3,4,turneev01
Derrick Walton,24,TOT,PG,26,1,248,-2.4,-8.2,3,0,8,2,3,1,71,0,1,waltode01
Bruno Caboclo,24,TOT,C,30,0,244,-4.6,-4.8,7,4,20,2,4,3,28,1,5,cabocbr01
Iman Shumpert,29,BKN,SF,13,0,241,-8.9,-8.9,7,1,8,1,2,5,31,1,1,shumpim01
Wenyen Gabriel,22,TOT,PF,30,1,235,-6.6,-5.5,2,6,16,4,11,1,18,2,2,gabriwe01
Justin James,23,SAC,SF,36,0,232,-2.8,-0.7,4,2,10,0,8,3,42,1,3,jamesju01
Norvel Pelle,26,PHI,C,24,0,232,-17.5,-21.2,3,4,34,10,5,0,19,0,5,pelleno01
Garrison Mathews,23,WAS,SG,18,0,227,7.5,12.9,4,0,14,2,13,8,27,2,4,mathega01
T.J. Leaf,22,IND,PF,28,1,222,1.5,-0.9,2,5,12,0,6,2,23,2,7,leaftj01
Ante Žižić,23,CLE,C,22,0,221,1.5,10.3,1,5,13,3,8,0,14,5,5,zizican01
Tyson Chandler,37,HOU,C,26,5,219,4.7,1.8,1,1,21,4,6,2,13,1,1,chandty01
Dion Waiters,28,TOT,SG,10,0,207,6.3,1,8,4,4,4,8,1,52,5,7,waitedi01
Mychal Mulder,25,GSW,SF,7,3,204,4.8,14.5,3,1,10,1,3,0,18,1,0,muldemy01
Nic Claxton,20,BKN,C,15,0,187,-17.5,-17.8,0,4,5,4,9,2,37,3,5,claxtni01
Cameron Payne,25,PHX,SG,8,0,183,23.4,24.3,5,2,12,2,2,4,60,0,3,payneca01
John Konchar,23,MEM,SG,19,0,181,7.3,8.5,5,1,7,0,2,0,54,2,2,konchjo01
Ryan Broekhoff,29,DAL,SF,17,1,180,0.9,-4.2,4,2,8,0,3,1,28,0,3,broekry01
Johnathan Williams,24,WAS,PF,15,6,180,-10.4,-6.1,1,1,5,2,6,2,19,1,4,willijo04
Malcolm Miller,26,TOR,SF,28,1,162,19.7,13.7,1,2,6,1,3,1,31,0,2,millema01
Rayjon Tucker,22,UTA,SG,20,0,161,-5.8,-8.5,5,0,4,1,12,10,13,2,3,tuckera01
C.J. Miles,32,WAS,SF,10,0,161,-4.2,0.4,2,1,8,0,8,4,26,1,2,milescj01
Tyrone Wallace,25,ATL,SG,14,0,160,-10.4,-2.6,2,3,11,2,6,3,31,1,5,wallaty01
Amir Coffey,22,LAC,SG,18,1,159,2.7,-3.9,5,1,12,1,3,0,37,1,4,coffeam01
Jaylen Nowell,20,MIN,SG,15,0,151,0.2,5.1,2,0,9,0,8,2,44,1,1,nowelja01
Stanley Johnson,23,TOR,PF,25,0,150,5.4,-1.3,6,3,7,2,7,1,51,2,5,johnsst04
Michael Frazier,25,HOU,SG,13,0,145,-15.1,-18.9,4,0,11,0,3,1,6,0,3,frazimi01
DaQuan Jeffries,22,SAC,SG,13,0,141,1.4,3.7,1,1,8,0,3,2,17,0,1,jeffrda01
Alen Smailagić,19,GSW,C,14,0,139,-5.6,3.4,5,3,5,1,10,2,33,3,2,smailal01
Stephen Curry,31,GSW,PG,5,5,139,-14.9,-6.4,9,4,3,2,13,1,77,3,4,curryst01
Oshae Brissett,21,TOR,SF,19,0,135,15.3,9,3,2,9,1,4,0,20,0,5,brissos01
Juwan Morgan,22,UTA,PF,21,0,134,10.7,8.7,3,2,14,0,2,0,14,0,0,morgaju01
Donta Hall,22,TOT,PF,9,0,133,-12.8,-11.1,2,0,16,3,8,0,9,2,1,halldo01
Vincent Poirier,26,BOS,C,22,0,130,-5.2,-12.2,3,1,15,3,2,1,21,0,3,poirivi01
Thanasis Antetokounmpo,27,MIL,SF,20,2,129,-3.1,-13.6,5,2,6,4,8,1,38,2,3,antetth01
Melvin Frazier,23,ORL,SG,19,0,126,-14.4,-13.9,2,2,7,0,1,1,7,0,1,frazime01
Tremont Waters,22,BOS,PG,11,1,119,7.9,1.5,11,4,5,0,1,0,39,0,2,watertr01
Alize Johnson,23,IND,PF,17,1,118,13.1,11.2,1,3,6,0,4,0,16,2,6,johnsal02
Frank Mason III,25,MIL,PG,9,0,118,1.2,-9.1,4,5,5,1,8,0,73,1,5,masonfr01
Kadeem Allen,27,NYK,PG,10,0,117,-10.5,-4.3,2,2,2,1,2,1,51,1,2,allenka01
Adam Mokoka,21,CHI,SF,11,0,112,23.4,27.7,2,0,4,0,3,0,10,2,4,mokokad01
Miye Oni,22,UTA,SF,10,1,109,-8.4,-11.1,4,0,3,0,3,3,10,1,2,onimi01
Justin Anderson,26,BKN,SG,10,1,107,0.8,1.5,2,1,9,0,3,3,19,2,2,anderju01
Chimezie Metu,22,SAS,C,18,0,105,-6.6,-5.6,2,4,2,3,5,0,24,1,2,metuch01
Yuta Watanabe,25,MEM,SF,18,0,105,2.7,3.5,0,2,5,0,4,1,12,0,2,watanyu01
Jaylen Hoard,20,POR,PF,13,0,103,3.6,4.7,1,1,5,1,7,1,9,3,4,hoardja01
Jeremiah Martin,23,BKN,PG,9,0,99,-7.5,-7.1,2,2,4,0,6,6,45,0,4,martije02
Lance Thomas,31,BKN,PF,7,4,98,-26,-26.1,1,2,6,2,3,0,16,2,0,thomala01
Jarrell Brantley,23,UTA,PF,9,0,96,-19.5,-22.4,3,2,5,2,1,0,28,0,1,brantja01
Bol Bol,20,DEN,PF,7,0,87,-11.4,-13.9,2,3,8,2,5,0,13,1,1,bolbo01
Andre Roberson,28,OKC,SF,7,0,87,1.4,-0.3,0,1,7,0,0,2,10,0,2,roberan03
Paul Watson,25,TOT,SF,10,0,87,15.4,11.7,2,0,3,0,4,1,19,1,4,watsopa01
B.J. Johnson,24,ORL,SF,10,0,83,-5.1,-4.1,1,4,2,1,3,1,7,0,1,johnsbj01
Gabe Vincent,23,MIA,PG,9,0,83,-17.2,-20.6,0,1,4,0,0,1,15,0,3,vincega01
Devon Hall,24,OKC,PG,11,0,81,7.2,5.7,3,1,2,1,1,1,35,0,0,hallde01
Talen Horton-Tucker,19,LAL,SG,6,1,81,-9.6,-15.8,4,1,6,0,2,0,13,0,1,hortota01
Jerian Grant,27,WAS,SG,6,0,80,-6.3,-1.8,1,1,4,0,3,0,22,1,3,grantje02
J.R. Smith,34,LAL,SG,6,0,79,-16.4,-22.7,3,0,2,1,1,0,8,0,0,smithjr01
Quinndary Weatherspoon,23,SAS,SG,11,0,78,-12.5,-11.6,3,1,3,0,0,0,29,0,2,weathqu01
Amile Jefferson,26,ORL,PF,18,0,74,8.1,9.3,1,0,3,1,6,0,10,0,1,jeffeam01
Dean Wade,23,CLE,PF,12,0,71,-7.5,0.6,3,0,3,0,1,0,5,1,0,wadede01
Mfiondu Kabengele,22,LAC,C,12,0,64,0.9,-5.7,1,1,8,0,2,0,5,1,4,kabenmf01
Louis King,20,DET,SF,10,0,62,11.3,15.8,1,0,4,1,2,0,12,1,1,kinglo02
Vic Law,24,ORL,PF,8,0,62,-7,-6.1,1,0,4,1,1,1,8,0,1,lawvi01
Khyri Thomas,23,DET,SG,8,0,61,-30,-26.3,3,0,7,0,1,0,8,0,0,thomakh01
Chandler Parsons,31,ATL,PF,5,0,54,-34.4,-26.9,2,0,0,0,0,0,8,0,0,parsoch01
Tyler Cook,22,TOT,PF,13,0,54,-17.6,-13.3,0,2,5,0,4,0,2,0,0,cookty01
Jordan Bone,22,DET,PG,10,0,53,4.3,8.6,0,0,1,1,0,0,21,0,1,bonejo01
Ignas Brazdeikis,21,NYK,SF,9,0,53,-14.3,-8.1,2,0,3,0,3,0,9,1,0,brazdig01
Jarrod Uthoff,26,TOT,PF,7,0,53,10.1,13.7,0,0,2,0,1,0,0,0,0,uthofja01
Kevin Hervey,23,OKC,PF,10,0,52,-32.4,-34.7,0,0,2,0,0,0,10,0,0,herveke01
Zylan Cheatham,24,NOP,PF,4,0,51,-24.5,-23.5,1,0,5,1,0,0,7,0,0,cheatzy01
Nigel Williams-Goss,25,UTA,PG,10,0,50,2.9,0.6,2,0,3,1,0,0,14,0,1,willini01
Joakim Noah,34,LAC,C,5,0,50,-11.5,-18.3,4,1,4,1,3,1,16,0,0,noahjo01
Justin Robinson,22,WAS,PG,9,0,49,28.1,33.1,2,1,1,0,0,1,17,0,0,robinju01
Luka Šamanić,20,SAS,PF,3,1,48,6.1,7.3,0,1,0,1,2,1,14,0,2,samanlu01
Naz Mitrou-Long,26,IND,SG,5,0,47,25,23,3,0,0,0,0,1,18,0,0,mitrona01
Jonah Bolden,24,TOT,C,7,0,47,-2,-2.9,1,1,5,0,1,1,0,0,1,boldejo01
Antonius Cleveland,25,DAL,SG,11,0,46,-9.2,-14.3,1,0,6,0,2,0,2,1,2,clevean01
Jarred Vanderbilt,20,TOT,PF,11,0,46,-26.5,-28.2,3,1,3,1,1,0,6,0,0,vandeja01
Vlatko Čančar,22,DEN,PF,14,0,45,-7.6,-10,2,0,3,1,1,0,6,0,1,cancavl01
Justin Wright-Foreman,22,UTA,PG,4,0,45,-27.9,-30.6,3,0,4,0,2,0,16,0,1,wrighju02
Udonis Haslem,39,MIA,C,4,1,44,-19.6,-22.8,0,0,2,0,0,2,2,0,0,hasleud01
Jeremy Pargo,33,GSW,PG,3,0,44,0,8.9,3,0,4,1,1,0,19,1,0,pargoje01
Johnathan Motley,24,LAC,PF,13,0,41,6.4,-0.1,2,1,3,0,3,0,21,1,1,motlejo01
Zach Norvell,22,TOT,SG,5,0,41,-33,-26.3,3,0,1,0,0,1,7,0,0,norveza01
Charlie Brown Jr.,22,ATL,SG,10,0,40,37,45.5,2,0,2,0,3,1,5,1,0,brownch02
Chasson Randle,26,GSW,PG,3,0,40,-4.8,4.1,0,0,1,0,3,0,13,0,1,randlch01
Josh Magette,30,ORL,PG,8,0,38,-1.1,-0.1,5,0,0,0,0,1,12,0,0,magetjo01
Sindarius Thornwell,25,NOP,SF,2,0,35,-5.9,-4.6,1,0,1,1,2,0,8,0,1,thornsi01
Moses Brown,20,POR,C,9,0,33,-45.7,-45.2,2,0,6,1,4,0,2,0,0,brownmo01
Tacko Fall,24,BOS,C,7,0,33,14.8,8.4,0,2,6,0,2,0,2,1,1,fallta01
Corey Brewer,33,SAC,PF,5,0,33,8.6,10.8,1,0,3,1,2,1,4,1,0,breweco01
Joe Chealey,24,CHA,PG,4,0,33,-22.6,-15.7,1,0,1,0,1,0,2,0,1,chealjo01
Zhaire Smith,20,PHI,SF,7,0,32,-13.1,-15.6,1,0,4,0,1,0,6,0,1,smithzh01
Jalen Lecque,19,PHX,SG,5,0,32,-25.2,-25.9,0,0,1,1,1,2,4,0,0,lecquja01
Brian Bowen,21,IND,SF,6,1,31,19.4,17.3,1,0,1,0,0,1,0,0,1,bowenbr02
Dewan Hernandez,23,TOR,C,6,0,28,26.3,19.8,1,1,1,1,2,0,8,1,5,hernade01
Josh Reaves,22,DAL,SF,4,0,28,7.1,2.3,0,0,3,0,1,0,7,0,0,reavejo02
Marial Shayok,24,PHI,SG,4,0,28,-19.3,-21.9,2,0,1,0,1,1,2,0,1,shayoma01
KZ Okpala,20,MIA,PF,5,0,26,-31.9,-35.1,1,0,0,0,2,0,3,2,0,okpalkz01
Luc Mbah a Moute,33,HOU,PF,3,0,25,-11.7,-14.8,1,0,0,0,1,0,0,0,0,mbahalu01
Justin Patton,22,OKC,C,5,0,24,-31.5,-33.4,0,1,2,1,0,0,4,0,0,pattoju01
Josh Gray,26,NOP,PG,2,0,23,-13,-11.7,5,0,1,0,0,0,5,0,0,grayjo01
Kostas Antetokounmpo,22,LAL,PF,5,0,20,18.3,12.6,0,1,1,0,1,0,5,0,0,antetko01
Matt Mooney,23,CLE,SG,4,0,19,16.7,24.8,0,0,1,0,0,0,2,0,0,moonema01
Eric Mika,25,SAC,C,1,0,19,17.3,19.5,0,0,2,0,1,0,0,0,0,mikaer01
Henry Ellenson,23,BKN,C,5,0,15,36.9,37.7,0,0,1,0,0,0,3,0,1,ellenhe01
Stanton Kidd,27,UTA,SG,4,0,15,-0.2,-2.5,0,0,3,0,0,0,2,0,2,kiddst01
Tariq Owens,24,PHX,PF,3,0,15,-58.8,-59.4,0,0,0,0,0,0,0,0,0,owensta01
Daryl Macon,24,MIA,PG,4,0,14,5.6,2.7,0,1,0,0,0,0,2,0,0,maconda01
Ryan Anderson,31,HOU,C,2,0,14,21.9,19,1,0,1,0,0,0,6,0,0,anderry01
Kyle Alexander,23,MIA,C,2,0,13,-12.9,-15.9,1,0,0,0,0,0,0,0,0,alexaky01
Dusty Hannahs,26,MEM,SG,2,0,13,13,13.7,0,0,0,0,1,0,0,0,0,hannadu01
William Howard,26,HOU,PF,2,0,13,-53,-56.2,0,1,1,0,0,0,3,0,0,howarwi01
Shamorie Ponds,21,TOR,PG,4,0,11,6.7,0,0,0,2,0,1,0,6,0,0,pondssh01
Isaiah Roby,21,OKC,PF,3,0,11,-8,-9.7,1,0,0,0,0,0,0,0,0,robyis01
Kyle Guy,22,SAC,SG,3,0,10,-54.3,-52.4,0,0,0,0,0,0,2,0,0,guyky01
Devontae Cacok,23,LAL,C,1,0,9,17.5,11.8,0,0,0,0,0,0,2,0,0,cacokde01
Jared Harper,22,PHX,PG,3,0,8,-74.3,-74.9,0,0,0,0,0,0,0,0,0,harpeja01
Max Strus,23,CHI,SF,2,0,6,93.3,96.9,0,0,0,0,1,0,0,1,0,strusma01
Jamal Crawford,39,BKN,SG,1,0,6,28.6,29.3,0,0,0,0,0,0,7,0,0,crawfja01
Tyler Zeller,30,SAS,C,2,0,4,33.3,34.5,0,0,0,0,0,0,0,0,0,zellety01
Malik Newman,22,CLE,SG,1,0,4,-42.9,-34.9,1,0,0,0,0,0,0,0,0,newmama01
Marques Bolden,21,CLE,C,1,0,3,47.6,55.7,0,0,1,0,0,0,0,0,0,boldema01
J.P. Macura,24,CLE,SG,1,0,1,300,308.1,0,0,0,0,0,0,0,0,0,macurjp01
