Player,Age,Team,Pos,G,GS,MP,FG,FGA,3P,3PA,2P,2PA,FT,FTA,ORB,DRB,TRB,AST,STL,BLK,TOV,PF,PTS,ORtg,DRtg,PlayerID
CJ McCollum,28,POR,SG,70,70,2556,11.4,25.3,3.6,9.5,7.8,15.7,2.6,3.4,0.9,4.7,5.5,5.8,1,0.8,2.4,3.4,29,111,118,mccolcj01
Devin Booker,23,PHX,SG,70,70,2512,11.8,24.2,2.7,7.5,9.2,16.7,8.8,9.6,0.5,5.1,5.6,8.6,0.9,0.3,5,4,35.1,115,114,bookede01
James Harden,30,HOU,SG,68,68,2483,12.5,28.2,5.6,15.7,7,12.5,12.9,14.9,1.3,7,8.3,9.5,2.3,1.1,5.7,4.2,43.5,120,108,hardeja01
Harrison Barnes,27,SAC,PF,72,72,2482,7.1,15.5,2,5.2,5.1,10.3,4.2,5.2,1.5,5.4,6.9,3.1,0.8,0.2,1.7,1.8,20.4,116,116,barneha02
Damian Lillard,29,POR,PG,66,66,2474,12,26,5.2,13,6.8,13,8.9,10,0.6,4.8,5.5,10.2,1.3,0.4,3.7,2.2,38.1,126,117,lillada01
Tobias Harris,27,PHI,PF,72,72,2469,10.9,23,2.6,7,8.3,16,3.4,4.2,1.4,8.4,9.7,4.5,1,0.8,2,3.2,27.7,113,110,harrito02
P.J. Tucker,34,HOU,PF,72,72,2467,3.3,8,2,5.6,1.3,2.4,0.7,0.9,2.1,6.8,8.9,2.2,1.4,0.7,1.4,4.3,9.4,114,111,tuckepj01
Shai Gilgeous-Alexander,21,OKC,SG,70,70,2428,9.6,20.3,1.7,5,7.8,15.3,5.8,7.1,0.9,7.3,8.2,4.6,1.6,0.9,2.7,2.3,26.6,111,109,gilgesh01
Bam Adebayo,22,MIA,PF,72,72,2417,8.9,16,0,0.3,8.8,15.7,5.3,7.7,3.6,11.3,14.8,7.4,1.7,1.9,4.1,3.7,23.1,116,106,adebaba01
Donovan Mitchell,23,UTA,SG,69,69,2364,12.4,27.6,3.6,9.7,8.8,17.9,5.7,6.6,1.1,5.2,6.3,6.1,1.4,0.3,3.8,3.5,34.1,110,111,mitchdo01
Nikola Jokić,24,DEN,C,73,73,2336,12,22.7,1.7,5.4,10.3,17.3,5.2,6.4,3.5,11.5,15,10.8,1.8,0.9,4.8,4.7,30.8,119,108,jokicni01
Rudy Gobert,27,UTA,C,68,68,2333,8.1,11.6,0,0,8.1,11.6,5.3,8.4,4.8,14.3,19.1,2.1,1.1,2.8,2.7,4.5,21.4,130,104,goberru01
DeMar DeRozan,30,SAS,SF,68,68,2316,11.5,21.6,0.2,0.7,11.3,20.9,7.9,9.3,0.9,6.8,7.7,7.8,1.4,0.4,3.4,3.7,31,118,115,derozde01
LeBron James,35,LAL,PG,67,67,2316,13.2,26.8,3,8.7,10.2,18,5.4,7.8,1.4,9.4,10.8,14,1.6,0.7,5.4,2.4,34.9,116,106,jamesle01
Jayson Tatum,21,BOS,PF,66,66,2265,11.8,26.1,4,10,7.7,16.1,5.4,6.7,1.4,8.4,9.8,4.3,2,1.2,3.3,2.9,33,111,106,tatumja01
Buddy Hield,27,SAC,SG,72,44,2216,10.9,25.4,5.9,15.1,5,10.4,2.5,3,1.2,5.9,7.2,4.7,1.4,0.4,3.7,3.6,30.3,106,114,hieldbu01
Devonte' Graham,24,CHA,PG,63,53,2211,8.3,21.8,4.9,13.3,3.4,8.6,4.3,5.3,1,3.9,4.8,10.7,1.4,0.3,4.1,2.6,25.9,109,116,grahade01
Chris Paul,34,OKC,PG,70,70,2208,9.6,19.5,2.4,6.7,7.1,12.8,5.6,6.1,0.6,7.1,7.7,10.4,2.4,0.2,3.5,3.5,27.1,120,108,paulch01
T.J. Warren,26,IND,SF,67,67,2202,11.8,22,2,5,9.8,17,3.7,4.5,1.5,4.7,6.2,2.2,1.7,0.7,1.9,4.1,29.2,116,110,warretj01
Duncan Robinson,25,MIA,SG,73,68,2166,7.3,15.5,6.1,13.7,1.2,1.8,1.5,1.6,0.2,5,5.2,2.3,0.8,0.4,1.6,4.3,22.2,122,113,robindu01
Terry Rozier,25,CHA,PG,63,63,2164,9.2,21.8,4,9.8,5.2,12,3.8,4.4,1.2,5.2,6.4,6,1.4,0.2,3.3,2.9,26.3,108,115,roziete01
Domantas Sabonis,23,IND,PF,62,62,2159,10.3,19.1,0.4,1.5,9.9,17.6,4.8,6.7,4.2,13.1,17.3,7,1.1,0.7,3.8,4.4,25.8,115,106,sabondo01
Collin Sexton,21,CLE,PG,65,65,2143,11.6,24.7,2.2,5.8,9.4,18.9,5.1,6.1,1.4,3.2,4.6,4.4,1.5,0.2,3.6,3.2,30.6,108,118,sextoco01
Joe Ingles,32,UTA,PF,72,45,2137,5.6,12.6,3.2,8,2.4,4.6,1.7,2.1,0.6,5.7,6.3,8.5,1.5,0.3,3.2,3.5,16.1,115,111,inglejo01
Robert Covington,29,TOT,C,70,68,2137,6.6,15.7,3.5,10.4,3.1,5.3,2.1,2.7,1.4,8.7,10,1.9,2.5,2,2.2,4.8,18.9,105,107,covinro01
Anthony Davis,26,LAL,PF,62,62,2131,12.3,24.5,1.6,4.9,10.7,19.6,9.9,11.7,3.2,9.7,12.9,4.5,2,3.2,3.4,3.5,36.1,121,102,davisan02
Joe Harris,28,BKN,SF,69,69,2123,8.5,17.5,3.8,9,4.7,8.4,1.4,2,1.4,5.2,6.6,3.2,0.9,0.4,2.3,3.5,22.2,114,112,harrijo01
Dorian Finney-Smith,26,DAL,PF,71,68,2120,5.5,11.9,2.6,6.9,2.9,5,1.8,2.5,3.3,5.9,9.2,2.6,1,0.9,1.6,4.1,15.5,122,113,finnedo01
Trae Young,21,ATL,PG,60,60,2120,12,27.5,4.5,12.5,7.5,15,10.6,12.3,0.7,4.9,5.6,12.3,1.4,0.2,6.4,2.3,39.1,114,117,youngtr01
Jrue Holiday,29,NOP,SG,61,61,2117,10,22,2.7,7.6,7.3,14.4,2.8,4,1.7,4.7,6.4,8.9,2.2,1,4,3.2,25.5,108,112,holidjr01
Dillon Brooks,24,MEM,SG,73,73,2112,9.6,23.6,3.2,9.1,6.4,14.5,3.6,4.5,1.5,3.9,5.4,3.3,1.4,0.6,2.7,6.1,26.1,100,113,brookdi01
Pascal Siakam,25,TOR,PF,60,60,2110,11.3,24.9,3,8.2,8.3,16.7,5.4,6.8,1.4,8.5,9.9,4.7,1.4,1.2,3.3,3.8,30.9,107,105,siakapa01
Brandon Ingram,22,NOP,PF,62,62,2104,11.2,24.1,3.3,8.4,7.9,15.7,6.9,8.1,1.1,7.2,8.4,5.7,1.3,0.8,4.2,3.9,32.5,112,112,ingrabr01
Kyle Lowry,33,TOR,PG,58,58,2098,7.6,18.2,3.7,10.6,3.9,7.6,6.7,7.8,0.7,5.9,6.6,9.8,1.9,0.6,4,4.3,25.5,116,106,lowryky01
Tim Hardaway Jr.,27,DAL,SG,71,58,2091,8.9,20.4,4.7,11.9,4.2,8.6,3.4,4.2,0.6,4.8,5.4,3.2,0.9,0.1,1.6,2.9,25.9,116,115,hardati02
Zach LaVine,24,CHI,SF,60,60,2085,12.5,27.7,4.3,11.2,8.2,16.5,6.2,7.7,0.9,5.7,6.7,5.9,2,0.6,4.8,3,35.3,106,110,lavinza01
Bojan Bogdanović,30,UTA,SF,63,63,2083,9.8,21.8,4.4,10.7,5.4,11.2,5.8,6.5,0.9,5.1,6.1,3.1,0.8,0.2,3.7,2.6,29.8,111,113,bogdabo02
Julius Randle,25,NYK,PF,64,64,2080,10.8,23.5,1.5,5.4,9.3,18.1,6,8.2,3.5,11,14.6,4.6,1.2,0.5,4.5,4.2,29.2,105,112,randlju01
Evan Fournier,27,ORL,SF,66,66,2076,10.2,21.8,4.1,10.2,6.1,11.6,4.2,5.2,0.4,3.6,4,4.9,1.7,0.4,2.9,3.8,28.6,112,112,fournev01
Ja Morant,20,MEM,PG,67,67,2074,10.1,21.1,1.4,4,8.7,17.1,5.4,6.9,1.1,4.7,5.8,11,1.3,0.4,5,2.5,26.9,109,113,moranja01
OG Anunoby,22,TOR,SF,69,68,2066,6.6,13,2,5.2,4.5,7.8,1.7,2.3,1.8,6.5,8.4,2.5,2.2,1,1.8,3.8,16.9,114,104,anunoog01
Bradley Beal,26,WAS,SG,57,57,2053,13.5,29.7,3.9,11,9.6,18.7,8.8,10.4,1.2,4.3,5.5,7.9,1.6,0.5,4.4,2.9,39.6,113,117,bealbr01
Royce O'Neale,26,UTA,SF,71,62,2049,3.8,8.7,2.2,5.8,1.6,2.9,1,1.3,0.6,8.6,9.2,4.3,1.4,0.8,1.4,4.8,10.7,117,109,onealro01
Russell Westbrook,31,HOU,PG,57,57,2049,13.6,28.9,1.2,4.8,12.4,24.1,6.5,8.6,2.3,7.9,10.2,9.1,2.1,0.5,5.8,4.5,35.1,106,109,westbru01
Luka Dončić,20,DAL,PG,61,61,2047,13.7,29.6,4,12.8,9.7,16.9,10.1,13.3,1.8,11.7,13.5,12.7,1.5,0.3,6.1,3.6,41.5,116,110,doncilu01
Mikal Bridges,23,PHX,SF,73,32,2042,5.7,11.2,1.6,4.5,4.1,6.7,2.4,2.8,1.5,5.2,6.8,3,2.4,1.1,1.7,3.8,15.5,119,110,bridgmi01
Al Horford,33,PHI,C,67,61,2025,7.6,17,2.4,6.8,5.3,10.2,1.5,1.9,2.5,8.4,10.9,6.5,1.2,1.5,1.9,3.4,19.1,115,109,horfoal01
Lonzo Ball,22,NOP,PG,63,54,2025,6.3,15.7,3.4,9,2.9,6.7,1,1.7,1.6,7.1,8.8,10,2,0.9,4.4,2.9,17,103,111,balllo01
De'Andre Hunter,22,ATL,SF,63,62,2018,6.5,15.8,2.5,7,4,8.8,2.5,3.3,1,5.6,6.6,2.6,1,0.4,2.4,4.2,18,100,117,huntede01
Aaron Gordon,24,ORL,PF,62,62,2017,8.1,18.5,1.8,5.7,6.3,12.8,3.6,5.4,2.6,8.9,11.5,5.5,1.2,0.9,2.4,3,21.6,107,110,gordoaa01
Ben Simmons,23,PHI,PG,57,57,2017,9,15.5,0,0.2,9,15.4,4.4,7.2,2.7,8,10.7,10.9,2.9,0.8,4.8,4.5,22.5,116,106,simmobe01
Ricky Rubio,29,PHX,PG,65,65,2016,6.7,16.3,1.8,5.1,4.9,11.2,4.6,5.3,1.1,6.1,7.1,13.4,2.2,0.3,4.1,3.9,19.9,113,111,rubiori01
Nemanja Bjelica,31,SAC,PF,72,67,2011,7.6,15.8,3.2,7.7,4.3,8,1.7,2,2.7,8.4,11,4.9,1.5,1,2.4,5.2,20,119,111,bjeline01
Hassan Whiteside,30,POR,C,67,61,2008,10.3,16.7,0.1,0.2,10.3,16.5,3.9,5.7,6.1,15.4,21.5,1.9,0.6,4.7,2.8,4.7,24.7,125,107,whiteha01
Dennis Schröder,26,OKC,PG,65,2,1999,11,23.5,3,7.9,8,15.6,4.8,5.7,0.5,5.3,5.7,6.4,1.1,0.3,4,3.5,29.9,108,112,schrode01
Nikola Vučević,29,ORL,C,62,62,1998,12,25.2,2.4,7,9.6,18.1,3.2,4.1,3.4,13,16.4,5.4,1.3,1.1,2.1,3.3,29.6,114,107,vucevni01
Markelle Fultz,21,ORL,PG,72,60,1996,8.8,18.8,0.9,3.3,7.9,15.5,2.8,3.9,1,4.8,5.8,9,2.2,0.3,3.6,3.5,21.2,104,111,fultzma01
Miles Bridges,21,CHA,SF,65,64,1995,8,18.9,2.5,7.5,5.5,11.4,2.7,3.3,2.2,6.9,9.1,2.9,1,1.2,2.4,3.3,21.2,103,114,bridgmi02
Spencer Dinwiddie,26,BKN,PG,64,49,1994,10.1,24.2,2.9,9.5,7.1,14.7,8.2,10.6,0.8,4.5,5.2,10.3,0.9,0.5,4.1,4.3,31.3,111,113,dinwisp01
Kendrick Nunn,24,MIA,PG,67,67,1962,10,22.7,3.4,9.7,6.6,13,2.1,2.5,0.5,4,4.5,5.5,1.4,0.4,2.8,3.8,25.5,103,112,nunnke01
Jimmy Butler,30,MIA,SF,58,58,1959,8.6,18.9,0.7,3,7.9,15.9,10.9,13.1,2.6,7,9.6,8.7,2.6,0.8,3.2,2,28.8,123,108,butleji01
Marcus Morris,30,TOT,PF,62,62,1936,8.9,20.2,3.5,8.7,5.3,11.5,4.5,5.5,1.5,6.3,7.8,2.1,1.2,0.7,2.4,4.5,25.8,111,113,morrima03
Jaylen Brown,23,BOS,SG,57,57,1934,10.7,22.1,3.2,8.4,7.4,13.7,4.4,6.1,1.5,7.5,9.1,2.9,1.6,0.5,3.1,4.2,28.9,110,108,brownja02
Kelly Oubre Jr.,24,PHX,SF,56,55,1933,9.1,20.2,2.6,7.5,6.5,12.7,4.7,6,1.6,7.2,8.8,2.1,1.7,1,2,4.7,25.6,109,110,oubreke01
Fred VanVleet,25,TOR,SG,54,54,1928,7.9,19.1,3.6,9.2,4.3,9.8,4.1,4.9,0.4,4.6,5,8.8,2.5,0.4,3,3.3,23.5,113,106,vanvlfr01
Marcus Smart,25,BOS,SG,60,40,1919,6.4,17.2,3.4,9.9,3,7.2,3.2,3.8,1.1,4.6,5.7,7.3,2.5,0.7,2.6,4.1,19.5,110,107,smartma01
Giannis Antetokounmpo,25,MIL,PF,63,63,1917,16.3,29.5,2.1,7,14.2,22.5,9.5,15,3.3,17.1,20.4,8.4,1.5,1.6,5.5,4.6,44.2,116,97,antetgi01
Will Barton,29,DEN,SF,58,58,1916,8.6,19,2.8,7.4,5.8,11.6,2.6,3.4,2,7.5,9.4,5.5,1.6,0.7,2.3,3.1,22.5,113,111,bartowi01
Danuel House Jr.,26,HOU,SF,63,52,1913,5.6,13,3.1,8.6,2.4,4.5,1.8,2.2,1.4,5.1,6.5,2.1,1.6,0.8,1.3,3.2,16,114,112,houseda01
Cedi Osman,24,CLE,SF,65,65,1910,6.8,15.5,3.1,8.2,3.6,7.3,1.6,2.4,1,4.9,5.9,3.9,1.4,0.4,2.3,4.1,18.3,107,117,osmande01
Jamal Murray,22,DEN,PG,59,59,1904,10.6,23.2,2.9,8.4,7.7,14.8,4.2,4.8,1.2,5,6.1,7.4,1.7,0.4,3.3,2.6,28.3,112,113,murraja01
Carmelo Anthony,35,POR,PF,58,58,1902,8.4,19.6,2.2,5.7,6.2,13.9,3.4,4,1.8,7.4,9.2,2.1,1.2,0.7,2.5,4.3,22.4,104,115,anthoca01
Jerami Grant,25,DEN,PF,71,24,1892,7.9,16.6,2.6,6.6,5.4,10,3.8,5.1,1.5,5,6.5,2.3,1.3,1.5,1.6,4,22.2,117,112,grantje01
Maxi Kleber,28,DAL,PF,74,21,1890,6.1,13.1,3,8.2,3,5,2,2.4,2.9,7.1,9.9,2.3,0.6,2.1,1.5,4.5,17.2,122,112,klebima01
Terrence Ross,28,ORL,SG,69,0,1889,8.8,21.8,4.6,13,4.2,8.8,4,4.7,0.3,5.4,5.7,2.1,2,0.6,1.8,2.8,26.2,106,110,rosste01
Andre Drummond,26,TOT,C,57,56,1879,10.9,20.5,0.1,0.9,10.8,19.6,4.4,7.7,6.5,16.1,22.6,4,2.8,2.4,5.3,5.3,26.4,104,103,drumman01
Tomáš Satoranský,28,CHI,SG,65,64,1878,6.1,14.1,1.6,5.1,4.4,9,2.7,3.1,1.9,4.6,6.5,9.1,2.1,0.2,3.3,3.5,16.5,111,112,satorto01
Jae Crowder,29,TOT,SF,65,53,1875,5.7,14.2,3.4,9.9,2.3,4.3,2.4,3.2,1.3,8.4,9.7,4.1,1.8,0.6,1.7,3.6,17.3,111,109,crowdja01
Lou Williams,33,LAC,PG,65,8,1864,9.9,23.7,2.8,8,7.1,15.7,7.4,8.6,0.8,4.3,5.1,9.3,1.1,0.3,4.6,2,30.1,109,111,willilo02
Andrew Wiggins,24,TOT,SF,54,54,1858,11,24.6,2.8,8.4,8.2,16.2,4.8,6.7,1.7,5.2,6.9,5,1.1,1.3,3.3,3.2,29.6,105,114,wiggian01
Taurean Prince,25,BKN,PF,64,61,1857,7.1,18.8,3.7,11,3.4,7.8,1.8,2.3,1.3,8.4,9.7,3,1.5,0.6,3.2,4.1,19.7,94,109,princta02
Khris Middleton,28,MIL,SF,62,59,1853,11.6,23.3,3.6,8.7,8,14.6,5.1,5.6,1.1,8.3,9.4,6.5,1.3,0.2,3.4,3.5,32,118,104,middlkh01
Jarrett Allen,21,BKN,C,70,64,1852,7.7,11.9,0,0.2,7.7,11.7,4.4,6.9,5.5,11.6,17.1,2.8,1,2.4,2,4.1,19.8,132,106,allenja01
Kawhi Leonard,28,LAC,SF,57,57,1848,13.6,29,3.1,8.3,10.5,20.7,9.1,10.3,1.4,8.9,10.3,7.2,2.6,0.8,3.8,2.9,39.5,117,104,leonaka01
Jonas Valančiūnas,27,MEM,C,70,70,1845,10.9,18.7,0.8,2.3,10.1,16.4,3.7,5.1,5.4,14.6,19.9,3.3,0.8,1.9,3.2,4.7,26.4,120,107,valanjo01
Danilo Gallinari,31,OKC,PF,62,62,1834,9.5,21.6,4.7,11.6,4.8,10,7,7.9,0.9,7.6,8.5,3.2,1.1,0.1,2,2,30.7,120,111,gallida01
Justin Holiday,30,IND,SF,73,6,1826,5.5,12.9,3.6,8.8,2,4.1,1.4,1.8,0.9,5.5,6.3,2.5,2.3,1.2,1.2,3.6,16,114,107,holidju01
Myles Turner,23,IND,C,62,62,1826,7.1,15.6,2.3,6.6,4.8,9,3.4,4.5,2.3,8.5,10.8,1.9,1.2,3.5,2.3,4.4,19.9,108,105,turnemy01
Darius Garland,20,CLE,SG,59,59,1824,7.5,18.6,2.8,7.9,4.7,10.7,1.7,1.9,0.7,2.2,3,6.1,1.1,0.1,4,2.5,19.4,96,119,garlada01
Brook Lopez,31,MIL,C,68,67,1817,7.3,16.9,2.6,8.2,4.8,8.7,3.2,3.8,1.5,6.4,7.8,2.5,1.2,4.1,1.8,4.1,20.4,109,100,lopezbr01
Kristaps Porziņģis,24,DAL,C,57,57,1814,10.6,24.8,3.8,10.7,6.8,14.1,6,7.5,2.7,11.7,14.4,2.7,1.1,3.1,2.5,4.9,31,111,107,porzikr01
Ish Smith,31,WAS,PG,68,23,1787,8.1,18,1.6,4.4,6.4,13.6,1.6,2.2,0.8,4.9,5.7,8.7,1.5,0.8,2.5,2.8,19.4,108,117,smithis01
Glenn Robinson III,26,TOT,SF,62,52,1786,7.7,15.9,2.1,5.3,5.7,10.6,2,2.3,2.2,5.1,7.2,2.6,1.4,0.4,1.5,2.7,19.5,114,115,robingl02
Troy Brown Jr.,20,WAS,SF,69,22,1782,7.2,16.3,1.6,4.7,5.6,11.6,2.9,3.6,2,8.1,10,4.7,2.2,0.2,2.1,3.5,18.8,109,114,browntr01
Gary Harris,25,DEN,SG,56,55,1780,6.1,14.4,1.9,5.8,4.1,8.6,2.1,2.6,0.7,3.8,4.5,3.3,2.1,0.4,1.7,3.2,16.1,105,113,harriga01
Kevin Love,31,CLE,PF,56,56,1780,8.9,19.9,4,10.7,4.9,9.2,5.1,6,1.5,13.5,15,4.9,0.9,0.5,3.8,2.5,27,112,113,loveke01
Bogdan Bogdanović,27,SAC,SG,61,28,1766,9.3,21,4.5,12.1,4.8,8.9,2.4,3.2,0.7,5,5.7,5.7,1.8,0.4,2.8,3.7,25.4,110,113,bogdabo01
Kentavious Caldwell-Pope,26,LAL,SG,69,26,1762,6.4,13.7,2.5,6.4,3.9,7.2,2.1,2.8,1,2.8,3.8,3,1.5,0.4,1.7,3.5,17.4,115,110,caldwke01
Kevin Huerter,21,ATL,SG,56,48,1760,6.7,16.1,3.4,8.8,3.3,7.3,1.4,1.7,0.9,5.1,6,5.6,1.4,0.7,2.3,3.7,18.1,107,116,huertke01
Cory Joseph,28,SAC,PG,72,26,1759,4.7,11.4,1.5,4.4,3.2,7,1.7,1.9,1.2,4,5.2,6.9,1.5,0.6,2.2,3.7,12.6,110,114,josepco01
P.J. Washington,21,CHA,PF,58,57,1759,7.6,16.8,2.4,6.6,5.2,10.2,2.5,3.9,1.7,7.3,9,3.5,1.5,1.3,2.6,4.5,20.2,105,112,washipj01
Josh Hart,24,NOP,SF,65,16,1755,5.9,14,3.2,9.3,2.7,4.7,2.2,3,1.6,9.6,11.2,2.8,1.7,0.6,2,4.2,17.3,110,111,hartjo01
LaMarcus Aldridge,34,SAS,C,53,53,1754,10.7,21.6,1.7,4.3,9,17.3,4.3,5.2,2.8,7.9,10.7,3.5,1,2.4,2,3.5,27.3,115,112,aldrila01
Alec Burks,28,TOT,SF,66,19,1754,8.8,21,3.2,8.2,5.6,12.8,6.4,7.2,1.3,6.4,7.7,5.2,1.7,0.5,2.5,3.5,27.2,112,114,burksal01
Montrezl Harrell,26,LAC,C,63,2,1749,12.7,21.9,0,0.5,12.7,21.5,6.2,9.5,4.4,7.6,12,2.9,1.1,1.9,2.9,3.9,31.7,119,107,harremo01
Kemba Walker,29,BOS,PG,56,56,1742,10.5,24.6,5,13.1,5.5,11.5,5.8,6.7,1,5,6,7.4,1.3,0.8,3.2,2.5,31.7,116,110,walkeke02
Gordon Hayward,29,BOS,SF,52,52,1740,9.7,19.4,2.4,6.2,7.4,13.3,3.4,4,1.5,8.1,9.7,5.9,1.1,0.6,2.7,2.7,25.2,118,109,haywago01
Garrett Temple,33,BKN,SG,62,35,1730,6.1,16.1,3.5,10.6,2.6,5.5,1.9,2.4,0.8,5.2,6,4.3,1.3,0.8,1.7,3,17.5,106,111,templga01
Tristan Thompson,28,CLE,C,57,51,1721,8.1,15.9,0.3,0.7,7.9,15.2,2.8,4.6,6.4,9.9,16.3,3.4,0.9,1.4,2.9,3.5,19.3,112,114,thomptr01
Jordan Clarkson,27,TOT,SG,71,2,1705,11.2,24.7,4.3,11.8,6.9,13,3.9,4.7,1.4,3.9,5.3,3.9,1.3,0.5,2.8,3.1,30.8,111,114,clarkjo01
RJ Barrett,19,NYK,SG,56,55,1704,8.3,20.8,1.8,5.6,6.5,15.1,4.5,7.3,1.4,6.5,8,4.1,1.6,0.5,3.5,3.5,22.9,95,114,barrerj01
Langston Galloway,28,DET,SG,66,6,1702,6.8,15.7,3.8,9.6,3,6.1,2.1,2.5,1,3.4,4.3,2.9,1.4,0.3,1.2,2.8,19.6,118,116,gallola01
Josh Richardson,26,PHI,SG,55,53,1693,8,18.5,2.4,7.1,5.5,11.4,3.3,4,1.2,3.8,5,4.6,1.5,1,3,3.9,21.6,104,111,richajo01
Kent Bazemore,30,TOT,SF,68,21,1688,5.7,15.2,2.4,6.9,3.3,8.2,3.2,4.2,0.8,7.6,8.4,2.6,2.1,1.1,2.6,5.6,17,96,112,bazemke01
Danny Green,32,LAL,SG,68,68,1687,5.6,13.4,3.4,9.2,2.2,4.1,0.9,1.4,1.4,4.9,6.3,2.6,2.4,0.9,1.8,3.8,15.4,108,107,greenda02
Dejounte Murray,23,SAS,PG,66,58,1687,8.3,18,1.2,3.1,7.2,14.9,2.6,3.2,2,8.9,10.8,7.7,3.1,0.5,3.5,4.1,20.4,105,110,murrade01
Steven Adams,26,OKC,C,63,63,1680,8.2,13.8,0,0.1,8.2,13.7,3.4,5.8,6,10.9,16.9,4.2,1.5,1.9,2.7,3.5,19.8,122,106,adamsst01
Derrick White,25,SAS,SG,68,20,1677,7.2,15.7,2.3,6.2,5,9.6,5.1,6,1,5.4,6.4,6.9,1.3,1.7,2.5,4.3,21.8,118,114,whitede01
Coby White,19,CHI,PG,65,1,1674,9,22.8,3.8,10.8,5.2,12,2.9,3.7,0.8,5.8,6.6,5,1.4,0.2,3.1,3.4,24.7,100,112,whiteco01
Malcolm Brogdon,27,IND,PG,54,54,1666,9.5,21.7,2.2,6.7,7.3,15,4.8,5.4,1.3,6.3,7.6,11.1,1,0.3,3.8,2.9,26,111,111,brogdma01
Goran Dragić,33,MIA,PG,59,3,1663,9.4,21.3,3.6,9.9,5.7,11.3,5.6,7.2,0.9,4.6,5.5,8.8,1.2,0.3,4.2,3.6,28,110,113,dragigo01
Eric Paschall,23,GSW,PF,60,26,1654,9.2,18.5,1.1,3.7,8.1,14.8,4.7,6.1,2.4,5.6,8,3.7,0.9,0.4,2.7,3.6,24.2,110,117,pascher01
Eric Bledsoe,30,MIL,PG,61,61,1646,9.3,19.5,2.1,6,7.2,13.5,4.7,5.9,1.2,6.6,7.8,9.1,1.6,0.7,4.1,3.6,25.3,112,104,bledser01
Tony Snell,28,DET,SF,59,57,1641,5.1,11.5,3.1,7.6,2,3.8,1,1,0.3,3.1,3.3,3.8,1,0.4,0.9,3,14.2,121,117,snellto01
Monte Morris,24,DEN,PG,73,12,1636,7.9,17.1,2,5.2,5.9,11.9,2.3,2.7,0.7,3.4,4.1,7.7,1.7,0.5,1.6,2.2,19.9,118,114,morrimo01
Wesley Matthews,33,MIL,SG,67,67,1635,4.7,11.8,3,8.3,1.6,3.5,1.5,1.9,0.6,4,4.6,2.6,1.1,0.3,1.2,2.9,13.8,109,107,matthwe02
Bruce Brown,23,DET,PG,58,43,1634,6,13.5,1,2.9,5,10.6,2.6,3.6,1.8,6.4,8.2,6.9,1.9,0.9,3,4.9,15.6,106,112,brownbr01
De'Aaron Fox,22,SAC,PG,51,49,1634,11.6,24.2,1.6,5.5,10,18.7,7.2,10.2,1,4.8,5.8,10.3,2.2,0.7,4.7,4.3,32,111,112,foxde01
Dario Šarić,25,PHX,PF,66,51,1632,7.4,15.6,2.4,6.8,5,8.8,3.1,3.7,2.9,8.9,11.8,3.6,1.1,0.5,2.6,4.5,20.4,114,112,saricda01
Jaren Jackson Jr.,20,MEM,C,57,57,1622,10.2,21.7,4.2,10.6,6,11.1,4,5.4,1.6,6,7.5,2.2,1.2,2.6,2.8,6.7,28.5,110,110,jacksja02
Ben McLemore,26,HOU,SF,71,23,1619,6.9,15.6,5.2,12.9,1.7,2.7,1.4,1.9,0.6,3.9,4.5,1.7,1.3,0.5,1.4,4.4,20.4,118,113,mclembe01
Aaron Holiday,23,IND,PG,66,33,1617,7,16.9,2.6,6.6,4.4,10.3,2.2,2.6,0.7,4,4.7,6.8,1.7,0.5,2.6,3.6,18.8,104,110,holidaa01
Austin Rivers,27,HOU,SG,68,4,1594,6.1,14.5,2.8,7.8,3.3,6.7,2.3,3.2,0.8,4.3,5.1,3.3,1.4,0.3,1.5,3.7,17.3,110,113,riverau01
Thaddeus Young,31,CHI,PF,64,16,1591,8.1,18.2,2.4,6.7,5.8,11.5,1.3,2.2,2.8,6.7,9.5,3.5,2.8,0.7,3.1,4.1,20,101,108,youngth01
Dāvis Bertāns,27,WAS,PF,54,4,1583,7.8,18,5.9,13.9,1.9,4.1,3.1,3.6,1,6.2,7.2,2.7,1.1,1,1.7,4.1,24.6,120,116,bertada01
JJ Redick,35,NOP,SG,60,36,1581,8.4,18.5,5.3,11.6,3.1,6.8,4.8,5.4,0.3,4.1,4.4,3.5,0.6,0.3,2.2,2.8,26.8,122,116,redicjj01
Bryn Forbes,26,SAS,SG,63,62,1579,7.3,17.6,4.5,11.5,2.8,6.1,2.3,2.7,0.4,3.4,3.8,3.3,1,0,1.7,3.4,21.4,110,118,forbebr01
Seth Curry,29,DAL,SG,64,25,1576,8.7,17.6,4.4,9.8,4.3,7.8,2.5,3,0.8,3.6,4.4,3.8,1.2,0.3,1.9,3.5,24.3,123,115,curryse01
Delon Wright,27,DAL,PG,73,5,1570,5.8,12.7,1.4,3.9,4.4,8.7,2.4,3.1,2.2,6.5,8.6,7.5,2.6,0.7,2.2,2.9,15.5,120,110,wrighde01
Daniel Theis,27,BOS,C,65,64,1566,7.4,13.1,1,3,6.4,10.2,2.7,3.5,4.3,8.8,13.1,3.4,1.1,2.6,1.7,6.7,18.5,130,105,theisda01
Furkan Korkmaz,22,PHI,SG,72,12,1559,7.5,17.5,4.4,11.1,3.1,6.4,2.4,3.2,0.6,4.7,5.2,2.5,1.3,0.5,1.8,3,21.9,111,112,korkmfu01
Cam Reddish,20,ATL,SF,58,34,1551,6.4,16.6,2.5,7.5,3.9,9.1,3,3.8,1.1,5.4,6.5,2.6,1.9,0.8,2.9,4,18.3,95,115,reddica01
Josh Okogie,21,MIN,SG,62,28,1547,5.1,11.9,1.2,4.6,3.9,7.3,4.6,5.7,2.6,5.4,8,3,2,0.8,2.6,4.2,16,108,113,okogijo01
Kyle Kuzma,24,LAL,PF,61,9,1526,9.1,20.8,2.7,8.5,6.4,12.3,3.6,4.8,1.6,6.9,8.5,2.5,0.9,0.8,2.8,3.9,24.4,103,109,kuzmaky01
Donte DiVincenzo,23,MIL,SG,66,24,1520,7,15.3,2.5,7.4,4.5,7.9,1.9,2.6,2,7.6,9.6,4.6,2.6,0.6,2.7,3.4,18.3,108,101,divindo01
Tyler Herro,20,MIA,SG,55,8,1508,8.7,20.4,3.8,9.6,5,10.8,2.8,3.2,0.5,6.7,7.3,3.9,1.1,0.3,2.8,2.5,24.1,103,112,herroty01
Jarrett Culver,20,MIN,SG,63,35,1506,7.1,17.5,2,6.8,5.1,10.7,1.7,3.6,2.2,4.4,6.5,3.4,1.8,1.2,2.5,3.9,17.9,94,113,culveja01
Joel Embiid,25,PHI,C,51,51,1506,12.3,25.8,1.8,5.5,10.5,20.2,11.3,14,4.5,14.5,19.1,4.9,1.4,2.1,5.1,5.6,37.7,113,104,embiijo01
Trevor Ariza,34,TOT,SF,53,21,1493,4.6,10.4,2.5,6.7,2.1,3.8,2,2.4,1.1,6.8,7.9,2.9,2.2,0.5,1.8,3.6,13.6,114,112,arizatr01
Lauri Markkanen,22,CHI,PF,50,50,1492,8.1,19.1,3.5,10.2,4.6,8.8,4.1,4.9,1.9,8.2,10.1,2.4,1.4,0.7,2.6,3.1,23.8,108,110,markkla01
Patty Mills,31,SAS,PG,66,1,1485,8.3,19.2,5,13,3.3,6.3,3.1,3.6,0.7,2.8,3.5,3.8,1.7,0.2,1.7,3.4,24.7,115,116,millspa02
Serge Ibaka,30,TOR,C,55,27,1485,11,21.5,2.2,5.8,8.7,15.6,2.9,4,3.7,10.8,14.5,2.5,0.9,1.5,3.5,4.9,27.1,108,104,ibakase01
Norman Powell,26,TOR,SG,52,26,1479,9.5,19.2,3.5,8.8,6,10.5,4.1,4.9,0.8,5.3,6.1,2.9,1.9,0.7,2.5,3.5,26.7,115,106,powelno01
Larry Nance Jr.,27,CLE,PF,56,10,1472,7.6,14.2,1.9,5.3,5.7,9,1.7,2.4,3.5,10,13.5,4.1,1.9,0.7,2,3,18.6,122,113,nancela02
Jeff Teague,31,TOT,PG,59,17,1464,6.8,15.5,1.4,3.7,5.4,11.8,5.5,6.3,0.9,3.7,4.5,9.8,1.4,0.6,3.7,3.4,20.4,112,116,teaguje01
Rudy Gay,33,SAS,PF,67,5,1461,8.7,19.5,2.4,7.2,6.3,12.3,3.9,4.4,2,9.8,11.8,3.7,1.1,1.1,2.9,3.4,23.7,107,113,gayru01
Landry Shamet,22,LAC,SG,53,30,1452,5.1,12.7,3.6,9.6,1.5,3.1,2.1,2.5,0.2,3.1,3.3,3.2,0.7,0.3,1.4,4.6,16,115,113,shamela01
D'Angelo Russell,23,TOT,PG,45,45,1452,11.8,27.7,5.2,14.1,6.6,13.6,5.3,6.5,0.6,5.2,5.8,9.3,1.6,0.4,4.8,2.8,34,106,115,russeda01
Anfernee Simons,20,POR,SG,70,4,1449,7,17.6,2.5,7.4,4.6,10.2,2.5,3,0.8,4.2,5,3.2,0.9,0.3,2,4.4,19,102,119,simonan01
Rui Hachimura,21,WAS,PF,48,48,1444,8.2,17.6,0.8,2.8,7.4,14.8,3.8,4.5,2.5,7,9.5,2.8,1.2,0.3,1.7,3.4,21,110,117,hachiru01
Maurice Harkless,26,TOT,PF,62,48,1427,4.7,9.4,1.1,3.3,3.6,6.2,1.3,2.2,1.8,6.2,8,2.3,1.9,1.1,1.8,4.9,11.9,110,108,harklma01
Damion Lee,27,GSW,SG,49,36,1423,7.2,17.2,2.9,8,4.3,9.1,3.7,4.2,1.1,7,8,4.5,1.7,0.2,2.3,3.9,20.9,108,114,leeda03
D.J. Augustin,32,ORL,PG,57,13,1420,6.3,15.8,2.4,6.9,3.9,8.9,5.5,6.2,0.8,3.4,4.2,9,1.2,0,2.9,2.5,20.5,114,114,augusdj01
Paul George,29,LAC,SF,48,48,1419,11.4,26.1,5.2,12.7,6.2,13.4,6.3,7.2,0.8,8.3,9.1,6.2,2.3,0.7,4.2,3.8,34.4,112,106,georgpa01
Mitchell Robinson,21,NYK,C,61,7,1412,8.7,11.8,0,0,8.7,11.8,2.9,5.1,6.4,8.3,14.8,1.2,1.8,4.1,1.3,6.7,20.3,144,107,robinmi01
Bobby Portis,24,NYK,PF,66,5,1393,9.3,20.6,2.3,6.5,6.9,14.1,2.5,3.3,2.8,9,11.8,3.4,1.1,0.6,2.6,3.8,23.3,107,113,portibo01
Derrick Jones Jr.,22,MIA,SF,59,16,1375,6.5,12.4,1.3,4.7,5.2,7.7,3.4,4.4,2.3,5.9,8.3,2.2,2.1,1.3,1.1,4.6,17.7,126,109,jonesde02
Doug McDermott,28,IND,PF,69,0,1372,9.4,19.3,4.5,10.4,4.9,8.9,1.7,2.1,0.9,5.2,6.2,2.8,0.4,0.2,1.5,4.1,25.1,117,113,mcderdo01
Brad Wanamaker,30,BOS,PG,71,1,1369,5.7,12.8,1.3,3.6,4.4,9.2,4.4,4.8,0.8,4.3,5.1,6.3,2.2,0.5,2.7,4.7,17.2,115,109,wanambr01
Mike Conley,32,UTA,PG,47,41,1363,8.3,20.2,3.4,9.1,4.9,11.1,4.1,5,1.2,4.2,5.4,7.4,1.3,0.2,3.3,3.7,24.1,109,112,conlemi01
John Collins,22,ATL,PF,41,41,1363,12.1,20.7,2,5,10.1,15.7,4.1,5.1,4,10.3,14.2,2.1,1.1,2.3,2.6,4.7,30.3,124,112,collijo01
Shabazz Napier,28,TOT,PG,56,32,1344,6.5,15.8,2.6,8.3,3.9,7.5,4.4,5.3,0.9,4.6,5.5,9.1,2.4,0.4,4.4,3.5,20,106,114,napiesh01
Patrick Beverley,31,LAC,PG,51,50,1342,5.2,12,2.8,7.3,2.4,4.8,1.1,1.7,2,7.4,9.4,6.4,1.9,0.9,2.3,5.5,14.3,116,107,beverpa01
Cody Zeller,27,CHA,C,58,39,1341,9.4,17.9,0.7,2.8,8.7,15.1,4.6,6.7,6,9.4,15.4,3.3,1.5,0.9,2.8,5.2,24,116,111,zelleco01
Gary Trent Jr.,21,POR,SF,61,8,1332,7,15.8,4,9.6,3,6.2,1.3,1.6,0.9,2.7,3.6,2.2,1.7,0.6,0.8,3.2,19.4,121,117,trentga02
Kyle Anderson,26,MEM,SF,67,28,1330,5.5,11.6,0.8,3,4.7,8.6,1.8,2.7,2,8,10,5.7,1.9,1.3,2.3,3.9,13.7,109,109,anderky01
Caris LeVert,25,BKN,SG,45,31,1330,11.1,26,2.8,7.8,8.2,18.2,5,7,1.7,5,6.7,7.1,1.9,0.4,4.2,2.9,30,102,110,leverca01
Ivica Zubac,22,LAC,C,72,70,1326,8.4,13.7,0,0.1,8.4,13.7,4.4,5.9,7,12.3,19.4,2.9,0.6,2.4,2.2,6,21.2,134,105,zubaciv01
T.J. McConnell,27,IND,PG,71,3,1326,7.8,15,0.2,0.6,7.6,14.4,1.3,1.5,1.4,5.5,6.9,13,2,0.4,3.7,2.7,17,112,109,mccontj01
Christian Wood,24,DET,PF,62,12,1325,10.7,18.9,2,5.2,8.7,13.7,6.7,9,3.9,10.6,14.5,2.2,1.3,2,3.1,3.6,30.1,123,110,woodch01
JaMychal Green,29,LAC,PF,63,1,1307,5.5,12.7,3.3,8.6,2.1,4.1,1.3,1.7,2.8,11.2,14,1.8,1,0.9,2,6.3,15.6,112,106,greenja01
Dwight Howard,34,LAL,C,69,2,1306,7.4,10.1,0.1,0.2,7.2,9.9,4,7.8,6.3,12.2,18.5,1.6,1.1,2.9,3.1,8.1,18.8,125,103,howardw01
Kelly Olynyk,28,MIA,C,67,9,1300,6.9,14.9,3.6,8.8,3.3,6.2,3.2,3.8,1.7,9.8,11.5,4.4,1.7,0.9,2.7,6.5,20.6,116,108,olynyke01
Brandon Clarke,23,MEM,PF,58,4,1300,10.6,17.2,0.8,2.3,9.8,14.9,3.1,4,3.3,9.1,12.4,2.9,1.1,1.7,2,3.6,25.1,127,109,clarkbr01
Derrick Rose,31,DET,PG,50,15,1298,14,28.5,1.7,5.6,12.3,23,4.6,5.3,1,3.6,4.6,10.5,1.5,0.6,4.8,1.9,34.3,109,115,rosede01
Jeremy Lamb,27,IND,SG,46,42,1291,8.1,18,2,5.9,6.1,12.1,3.5,4.1,0.9,6.6,7.5,3.6,2.1,0.8,1.9,3.9,21.7,108,107,lambje01
Matisse Thybulle,22,PHI,SG,65,14,1287,4.2,10,2.1,5.9,2.1,4.1,0.9,1.5,1.7,2.4,4,3,3.5,1.8,1.9,5.3,11.5,105,106,thybuma01
Clint Capela,25,HOU,C,39,39,1279,8.8,14,0,0,8.8,14,2,3.8,6.1,13.4,19.4,1.7,1.2,2.6,2.3,3.7,19.6,124,105,capelca01
Jordan Poole,20,GSW,SG,57,14,1274,6.3,18.9,2.8,10,3.5,8.9,3.6,4.5,0.3,4.1,4.4,5,1.3,0.4,2.8,3.5,18.9,91,117,poolejo01
Trey Lyles,24,SAS,PF,63,53,1271,5.8,12.9,2.4,6.3,3.3,6.6,1.2,1.7,2.7,10.9,13.6,2.6,1.1,1.1,1.5,3.7,15.2,113,113,lylestr01
George Hill,33,MIL,PG,59,2,1271,7,13.5,2.9,6.3,4.1,7.2,3.1,3.6,1.8,4.6,6.4,6.5,1.7,0.2,2,3,19.9,131,106,hillge01
Kris Dunn,25,CHI,PG,51,32,1269,5.8,13,1.1,4.3,4.7,8.7,1.5,2,0.9,6.2,7.1,6.6,3.8,0.6,2.6,6,14.2,104,106,dunnkr01
Svi Mykhailiuk,22,DET,SF,56,27,1265,6.5,15.7,4.5,11.1,2,4.7,2.2,2.7,0.7,3.4,4,4.1,1.6,0.2,2.4,3.4,19.6,110,116,mykhasv01
James Ennis III,29,TOT,SG,69,18,1265,6.1,13.8,2.1,6.5,4,7.3,3,3.8,2.7,6.7,9.4,2.4,1.3,0.8,2.2,5.3,17.4,111,110,ennisja01
Terrance Ferguson,21,OKC,SF,56,38,1257,3,8.5,1.9,6.5,1.1,2,0.6,0.8,0.9,2,2.9,2,1,0.7,1.2,6,8.5,97,114,fergute01
Wendell Carter Jr.,20,CHI,C,43,43,1256,7,13.2,0.2,1.1,6.8,12,4.3,5.8,5.3,10.2,15.5,2,1.3,1.4,2.8,6.2,18.6,115,108,cartewe01
Cameron Johnson,23,PHX,PF,57,9,1255,6.6,15.3,4,10.3,2.6,5,1.7,2.2,1.8,5.2,7.1,2.6,1.4,0.8,1.2,3.3,19,117,113,johnsca02
Isaac Bonga,20,WAS,SF,66,49,1250,4.4,8.8,0.9,2.7,3.5,6.1,2.6,3.2,2.7,5.6,8.3,2.8,1.7,0.8,2.2,5.8,12.3,116,116,bongais01
Elfrid Payton,25,NYK,PG,45,36,1246,7.5,17.2,0.5,2.7,7,14.5,1.9,3.4,2,6.3,8.3,12.6,2.7,0.7,3.8,3.5,17.5,105,111,paytoel01
Pat Connaughton,27,MIL,SG,67,4,1243,5,11.1,2,6.1,3,5,1.1,1.5,2.2,8.2,10.4,3.9,0.9,1.1,1.9,2.6,13.2,114,104,connapa01
Derrick Favors,28,NOP,C,51,49,1243,7.8,12.6,0,0.3,7.7,12.4,1.5,2.6,6.1,12.6,18.7,3,1.1,1.7,2,4,17.1,126,109,favorde01
Richaun Holmes,26,SAC,C,44,38,1242,8.7,13.4,0,0,8.7,13.4,3.6,4.6,5,9,14,1.6,1.6,2.2,2,6.6,21.1,131,109,holmeri01
Paul Millsap,34,DEN,PF,51,48,1240,8.4,17.5,2.2,4.9,6.3,12.5,4.6,5.6,3.9,7.8,11.7,3.3,1.8,1.2,2.8,6,23.6,116,110,millspa01
Deandre Ayton,21,PHX,C,38,32,1236,11.9,21.8,0.1,0.5,11.8,21.3,2.6,3.4,5.6,11.1,16.7,2.8,1,2.2,3.1,4.5,26.4,111,108,aytonde01
DeAndre Jordan,31,BKN,C,56,6,1234,7.3,11,0,0,7.3,11,3.2,4.7,5.4,16.1,21.5,4,0.7,2,2.8,4.4,17.8,129,104,jordade01
Tyus Jones,23,MEM,PG,65,6,1232,7.5,16.3,1.8,4.7,5.7,11.6,1.6,2.2,0.3,3.6,3.9,10.8,2.2,0.2,2.1,1.7,18.3,116,112,jonesty01
Draymond Green,29,GSW,PF,43,43,1222,4.8,12.4,1.4,5.1,3.4,7.3,2.5,3.3,0.9,9.5,10.4,10.4,2.3,1.3,3.8,4.3,13.5,100,110,greendr01
Terence Davis,22,TOR,SG,72,4,1209,7.8,17.2,3.7,9.5,4.1,7.6,2,2.3,2,7.4,9.3,4.5,1.5,0.6,3,4.9,21.4,111,106,daviste02
Malik Beasley,23,TOT,SG,55,14,1209,9.1,21.3,4.3,11,4.8,10.3,2.2,2.6,0.7,5.2,5.9,3,1.6,0.3,2.3,3.1,24.5,105,114,beaslma01
Mike Scott,31,PHI,PF,68,11,1207,6,14.1,3.2,8.7,2.8,5.3,1.2,1.5,2.6,7.3,10,2.2,0.8,0.2,1,3.9,16.4,117,112,scottmi01
Marquese Chriss,22,GSW,PF,59,21,1196,8.4,15.4,0.3,1.6,8.1,13.8,4.8,6.2,4.6,10,14.6,4.6,1.6,2.5,3.1,4.9,21.9,117,110,chrisma01
Frank Ntilikina,21,NYK,PG,57,26,1187,5.4,13.7,1.8,5.6,3.6,8,2.1,2.4,0.9,4,5,7.1,2.2,0.7,2.9,5.8,14.6,103,113,ntilila01
Karl-Anthony Towns,24,MIN,C,35,35,1187,12.4,24.3,4.5,10.8,7.9,13.5,7,8.8,3.7,11.1,14.8,6,1.3,1.6,4.3,4.6,36.2,121,110,townska01
Markieff Morris,30,TOT,PF,58,17,1187,8.4,18.9,3.6,9.4,4.7,9.5,2.7,3.5,1.6,7.3,9,3.2,1.3,0.7,3.1,5.5,23.1,105,112,morrima02
Avery Bradley,29,LAL,SG,49,44,1186,6.8,15.4,2.5,6.9,4.3,8.4,0.8,1,0.7,3.9,4.6,2.5,1.7,0.2,1.9,4.4,17,103,110,bradlav01
Alex Caruso,25,LAL,PG,64,2,1175,4.9,11.8,1.6,4.9,3.2,6.9,2.8,3.8,0.7,4.3,5,5,2.8,0.7,2.1,4,14.1,107,106,carusal01
Jakob Poeltl,24,SAS,C,66,18,1171,6.8,10.9,0,0,6.8,10.9,1.6,3.5,5.3,10,15.3,4.7,1.5,3.9,2.2,5.1,15.2,125,108,poeltja01
Malik Monk,21,CHA,SG,55,1,1169,9.1,20.9,2.5,8.7,6.6,12.2,3.5,4.3,1.2,5.6,6.7,4.9,1.1,0.7,3.3,3.2,24.2,102,115,monkma01
De'Anthony Melton,21,MEM,PG,60,8,1167,6.4,16,1.6,5.6,4.8,10.4,3.7,4.8,1.7,7.1,8.8,7,3.1,0.8,3.4,4.4,18.2,102,107,meltode01
Kevin Knox,20,NYK,SF,65,4,1166,6,16.7,2.7,8.3,3.3,8.4,2.8,4.2,1.2,6.5,7.7,2.5,1,1.2,1.9,4.4,17.5,97,114,knoxke01
Kevin Porter Jr.,19,CLE,SF,50,3,1162,7.8,17.6,2.2,6.6,5.6,11,3.1,4.2,0.9,5.9,6.8,4.6,1.9,0.6,3.9,5.7,20.9,99,115,porteke02
Marc Gasol,35,TOR,C,44,43,1161,4.9,11.4,2.3,6.1,2.5,5.4,1.5,2,1.3,10,11.3,6,1.4,1.6,2.4,5.1,13.6,110,103,gasolma01
Thomas Bryant,22,WAS,C,46,36,1147,9.9,17,1.5,3.7,8.4,13.3,3.5,4.7,4,9.5,13.5,3.4,1,2,2.2,4.2,24.8,127,114,bryanth01
JaVale McGee,32,LAL,C,68,68,1130,8.2,12.9,0.1,0.3,8.1,12.6,2.2,3.5,5.3,11.2,16.4,1.6,1.5,4,2.3,6.7,18.8,124,101,mcgeeja01
Darius Bazley,19,OKC,PF,61,9,1130,5.4,13.6,2.1,6.1,3.3,7.6,1.8,2.7,1.3,9.3,10.6,1.8,1,1.8,1.9,2.4,14.7,96,108,bazleda01
Marvin Williams,33,TOT,PF,58,1,1129,5.1,11.5,2.4,6.7,2.7,4.8,2.1,2.5,1.3,6.6,7.9,2.6,1.6,1.3,1.4,4.4,14.8,116,110,willima02
Nerlens Noel,25,OKC,C,61,7,1127,7.9,11.6,0,0.1,7.9,11.5,3.4,4.6,3.9,9,12.9,2.5,2.5,3.9,2.8,7.2,19.4,127,102,noelne01
Rondae Hollis-Jefferson,25,TOR,PF,60,6,1122,6.6,13.9,0.1,1,6.4,13,4.5,6.1,4.7,7.3,12,4.5,2,1,2.5,4.9,17.7,114,104,holliro01
Willie Cauley-Stein,26,TOT,C,54,39,1097,7.6,13.2,0,0,7.6,13.1,1.7,2.9,3.7,10.1,13.8,3.1,2.1,2.7,1.7,5.3,17,117,108,caulewi01
Gorgui Dieng,30,TOT,C,63,17,1096,7,15.4,2.3,6.4,4.8,9,3.3,4.3,3.9,11.2,15,3.1,2.2,2.5,2.5,5.3,19.7,113,106,dienggo01
Solomon Hill,28,TOT,PF,59,4,1088,4.8,12,2.7,7.4,2,4.6,1.7,2.3,1.3,5.9,7.1,4.5,1.9,0.5,2.2,3.7,14,106,111,hillso01
Jaxson Hayes,19,NOP,C,64,14,1080,7.5,11.1,0,0.2,7.4,10.9,5.3,8.1,4.2,6.9,11.1,2.4,1.1,2.4,2.3,6.9,20.2,131,111,hayesja02
Torrey Craig,29,DEN,SF,58,27,1072,5.7,12.4,2.1,6.4,3.6,6,1,1.7,2.9,5.8,8.7,2.2,1.1,1.7,1.2,6.2,14.5,116,112,craigto01
Dwight Powell,28,DAL,C,40,37,1061,6.7,10.4,0.5,1.8,6.2,8.7,3.4,5.1,3.4,6.9,10.3,2.7,1.5,1,1.6,4.6,17.1,134,111,poweldw01
Mason Plumlee,29,DEN,C,61,1,1057,8.3,13.5,0,0.2,8.3,13.2,3.9,7.2,4.6,10.2,14.8,7.2,1.5,1.8,3.8,6.7,20.4,118,108,plumlma01
Justin Jackson,24,DAL,PF,65,3,1045,6.2,15.8,2.2,7.5,4,8.2,1.9,2.3,1.2,5.9,7.1,2.4,0.7,0.5,0.6,3.2,16.6,108,115,jacksju01
Grant Williams,21,BOS,PF,69,5,1043,4,9.8,1.1,4.4,2.9,5.3,1.8,2.5,2.7,5.5,8.2,3.1,1.4,1.7,2.3,7.5,11,104,108,willigr01
Nicolò Melli,29,NOP,C,60,8,1042,6,14.3,3.1,9.1,3,5.2,2.4,3.2,1.7,6.3,8,3.6,1.5,1,2,5.5,17.5,111,112,mellini01
Meyers Leonard,27,MIA,C,51,49,1034,5.6,11,2.5,6,3.1,5,0.8,1.3,1.4,10.9,12.3,2.6,0.7,0.7,1.8,5.1,14.6,114,110,leoname01
Bismack Biyombo,27,CHA,C,53,29,1029,7.4,13.5,0,0,7.4,13.5,4.4,7.4,5.8,9.2,15,2.4,0.5,2.4,2.3,5.6,19.1,116,112,biyombi01
Taj Gibson,34,NYK,C,62,56,1025,7.9,13.6,0.2,0.7,7.7,12.9,1.9,2.7,5.3,7.4,12.7,2.5,1.3,1.4,2.2,5.8,18,121,113,gibsota01
Jalen Brunson,23,DAL,PG,57,16,1022,8.6,18.3,2,5.7,6.5,12.7,2.9,3.5,1,5.3,6.3,8.9,1,0.2,3.1,3.5,22,114,114,brunsja01
E'Twaun Moore,30,NOP,SG,56,6,1020,8.4,19.8,2.9,7.6,5.6,12.2,1.4,2,1.4,4.5,5.9,3.5,1.5,0.5,1.8,3.6,21.1,104,114,mooreet01
Eric Gordon,31,HOU,SF,36,15,1016,7.8,21.1,4.4,13.8,3.4,7.3,3.7,4.9,0.4,2.8,3.2,2.5,1,0.6,2,3.2,23.7,101,115,gordoer01
Ky Bowman,22,GSW,PG,45,12,1015,6.3,15.1,1.6,5,4.8,10.1,1.6,1.9,1.1,4.6,5.7,6.2,2.1,0.5,3.3,4.8,15.8,96,115,bowmaky01
Semi Ojeleye,25,BOS,PF,69,6,1011,3.8,9.4,2.3,6.1,1.5,3.3,1.3,1.5,1.2,5.7,6.9,1.8,1,0.2,0.9,3.8,11.3,116,111,ojelese01
Lonnie Walker IV,21,SAS,SG,61,12,988,7.4,17.3,2,4.9,5.4,12.4,2.1,3,1.1,5.6,6.7,3.3,1.5,0.7,2.1,3.8,18.8,100,115,walkelo01
Ersan İlyasova,32,MIL,PF,63,8,986,6.8,14.5,2.3,6.3,4.4,8.2,3.3,4,2.9,11.1,14,2.3,1.1,0.8,1.6,4.4,19.2,119,102,ilyaser01
Rajon Rondo,33,LAL,PG,48,3,984,6.6,15.8,2,6,4.6,9.8,1.3,2,1.1,5.8,6.9,11.6,1.9,0.1,4.4,2.8,16.5,103,108,rondora01
Enes Freedom,27,BOS,C,58,7,983,9.8,17.1,0,0.3,9.7,16.7,3.4,4.9,8,13.2,21.2,2.7,1.1,2,2.7,4.9,23,123,104,kanteen01
Jonathan Isaac,22,ORL,PF,34,32,980,7.7,16.5,1.6,4.7,6.2,11.8,3,3.8,2.9,8.6,11.5,2.4,2.6,3.9,2.4,4.1,20.1,107,103,isaacjo01
Jerome Robinson,22,TOT,SG,63,6,979,5.5,14.9,2.4,7.3,3.2,7.5,1.9,2.7,0.6,5.6,6.2,4.2,1.3,0.8,2.4,5.4,15.3,96,113,robinje01
Alex Len,26,TOT,C,55,12,970,8.6,15.5,0.8,2.9,7.8,12.6,3.3,5.1,4.8,10.7,15.6,2.4,1.1,2.3,2.7,6.2,21.2,116,111,lenal01
Kyle Korver,38,MIL,SF,58,1,960,6,13.9,4.7,11.3,1.3,2.7,1.7,2,0.7,5.1,5.8,3.2,1.2,0.6,2.3,3.7,18.4,113,106,korveky01
Jeff Green,33,TOT,C,48,4,960,7.9,17.1,3.1,9.1,4.8,8,3.6,4.5,1.2,5.4,6.6,2.5,1.3,0.9,2.1,4.4,22.5,114,111,greenje02
Robin Lopez,31,MIL,C,66,5,958,7,14.3,1.7,5,5.3,9.2,1.3,2.5,2.7,5,7.7,2.1,0.5,2.1,3,4.6,17,101,105,lopezro01
Wes Iwundu,25,ORL,SF,52,21,953,5,11.9,1.4,4.2,3.5,7.7,4,5,1.2,5.5,6.7,3.1,1.3,0.7,1.3,4.1,15.3,113,112,iwundwe01
Jevon Carter,24,PHX,PG,58,2,945,5.1,12.2,3.1,7.3,2,4.9,1.2,1.4,1.5,4.4,5.9,4.2,2.4,0.9,1.6,4.3,14.4,114,111,carteje01
Aron Baynes,33,PHX,C,42,28,934,9.3,19.3,3,8.5,6.3,10.8,2.8,3.8,3.6,8.4,12,3.4,0.5,1.2,2.5,7.2,24.4,113,112,baynear01
Ryan Arcidiacono,25,CHI,PG,58,4,930,4.7,11.4,2.8,7.1,1.9,4.2,1.4,2,1,4.7,5.7,5,1.4,0.2,1.9,5,13.5,111,113,arcidry01
Treveon Graham,26,TOT,SF,55,20,929,4.4,12.1,1.7,6,2.7,6.1,1.8,2.8,2.6,5,7.5,2.3,1.2,0.3,1.5,5.1,12.2,99,116,grahatr01
Isaiah Thomas,30,WAS,PG,40,37,925,8.8,21.5,3.9,9.6,4.9,12,3.1,3.8,0.6,2.9,3.4,7.4,0.7,0.3,3.9,3.9,24.7,103,120,thomais02
Georges Niang,26,UTA,PF,66,1,923,7.4,17,4.7,11.9,2.7,5.1,1.1,1.3,0.8,5.9,6.7,2.3,0.9,0.3,1.6,4,20.7,113,112,niangge01
Khem Birch,27,ORL,C,48,24,922,3.9,7.6,0,0.1,3.9,7.5,3.5,5.3,4.8,6.8,11.6,2.6,1.1,1.2,1.6,4.8,11.2,121,111,birchkh01
Luke Kennard,23,DET,SG,28,25,922,8.1,18.2,3.9,9.8,4.2,8.5,3.6,4,0.5,4.7,5.2,6.1,0.6,0.3,2.3,3.5,23.6,117,117,kennalu01
Jabari Parker,24,TOT,PF,38,23,917,11.2,21.9,1.6,6.1,9.5,15.8,3.1,4.1,3.1,7.8,10.9,3.5,2.3,0.8,3.3,5,27.1,108,112,parkeja01
DeAndre' Bembry,25,ATL,SG,43,4,915,5.3,11.6,0.8,3.3,4.5,8.3,1.3,2.4,1.7,6,7.7,4.1,2.8,1,3.1,4.3,12.7,95,112,bembrde01
Patrick McCaw,24,TOR,SF,37,12,908,3.5,8.5,1.2,3.7,2.3,4.8,0.7,0.9,1,3.5,4.5,4.1,2,0.2,1.5,3.1,8.9,105,108,mccawpa01
Michael Porter Jr.,21,DEN,SF,55,8,903,10.7,21,3.4,8,7.3,12.9,3.3,3.9,3.6,10.6,14.2,2.5,1.5,1.4,2.7,5.5,28,118,109,portemi01
Cody Martin,24,CHA,SF,48,3,903,4.9,11.5,1,4.3,3.9,7.2,2.3,3.6,2.1,6.7,8.8,5.3,2.2,0.5,2.4,4.3,13.2,104,112,martico01
Hamidou Diallo,21,OKC,SF,46,3,896,7.2,16.1,0.9,3.1,6.3,13,2.1,3.4,2.4,6.7,9.1,2,2,0.5,2.8,5.5,17.2,94,109,diallha01
Damian Jones,24,ATL,C,55,27,887,6.4,9.4,0.1,0.5,6.3,8.9,3.3,4.4,3.9,6.9,10.8,1.8,1.4,2.1,1.5,7.8,16.1,138,113,jonesda03
Omari Spellman,22,GSW,C,49,3,886,6.9,15.9,2.3,5.9,4.5,10,3.9,5,4.2,7.7,11.8,2.5,1.8,1.3,2.9,3.4,20,107,112,spellom01
Marco Belinelli,33,SAS,SG,57,0,883,6.7,17,3.6,9.6,3,7.4,2.6,3.1,0.4,5,5.4,3.7,0.6,0.1,1,2.4,19.5,110,118,belinma01
Mo Bamba,21,ORL,C,62,0,878,7.3,15.9,2.1,5.9,5.3,9.9,1.7,2.6,5.5,11.2,16.7,2.3,1.3,4.8,2.3,6.4,18.4,111,103,bambamo01
Vince Carter,43,ATL,PF,60,0,876,5.7,16.2,3.2,10.7,2.4,5.4,1.2,1.5,1,5.6,6.6,2.6,1.2,1.3,1.8,4.8,15.9,94,116,cartevi01
Anthony Tolliver,34,TOT,PF,55,13,872,3.5,9.9,2.7,7.9,0.9,2,1.1,1.6,1.9,6.5,8.4,2.3,1,0.6,1.9,4,10.9,103,115,tollian01
Rodney McGruder,28,LAC,SG,56,4,871,3.9,9.8,1.3,4.8,2.6,5,1,1.8,1.6,6.6,8.2,2,1.4,0.4,1.3,4,10.1,100,109,mcgruro01
Mario Hezonja,24,POR,PF,53,4,871,5,11.9,1.3,4.3,3.7,7.7,2.6,3.2,1.6,8.4,10.1,2.7,2,0.5,2.3,5.9,14,104,113,hezonma01
Abdel Nader,26,OKC,SF,55,6,867,6.9,14.7,2.7,7.2,4.2,7.6,2.9,3.7,0.8,4.8,5.6,2.1,1.3,1.1,2.4,4.4,19.3,107,111,naderab01
Timothé Luwawu-Cabarrot,24,BKN,SF,47,2,853,6.5,14.9,3.4,8.9,3.1,6,3.8,4.5,1.6,5.4,7,1.6,1,0.4,2.1,5.9,20.2,114,112,luwawti01
Emmanuel Mudiay,23,UTA,PG,54,2,850,8.6,18.7,1.7,5,6.9,13.7,3.6,4.8,1,6.2,7.2,6.6,1.4,0.6,4.4,4.1,22.6,103,111,mudiaem01
Damyean Dotson,25,NYK,SG,48,0,836,7,16.9,3.4,9.5,3.6,7.4,1.3,1.9,0.6,4.7,5.3,3.3,1.3,0.2,1.2,2.6,18.7,109,116,dotsoda01
Moritz Wagner,22,WAS,C,45,5,835,8.1,14.9,1.4,4.5,6.7,10.4,4.4,5.3,3.1,9.1,12.3,3.1,1.6,1.1,3.7,8.5,22,114,113,wagnemo01
Michael Carter-Williams,28,ORL,SG,45,0,833,6.5,15.2,1.3,4.4,5.2,10.8,4.6,5.6,2.7,5.9,8.6,6.4,2.9,1.3,3,5.1,18.9,109,107,cartemi01
Juancho Hernangómez,24,TOT,PF,48,14,833,5.7,14.2,2.5,7.4,3.2,6.8,2.5,4.1,2.5,8.9,11.3,2.3,1.1,0.5,1.8,3.7,16.6,105,113,hernaju01
Kenrich Williams,25,NOP,PF,39,18,832,2.8,8.2,1.4,5.4,1.4,2.8,0.5,1.4,2.8,7.5,10.3,3.2,1.5,1.2,1.2,4.9,7.6,103,111,willike04
Matthew Dellavedova,29,CLE,PG,57,4,821,3.7,10.4,1.2,5.4,2.4,5,1.9,2.2,1.1,3.4,4.4,10.7,1.2,0.1,3.5,4.6,10.5,103,118,dellama01
Luguentz Dort,20,OKC,SF,36,28,820,5.1,12.9,1.8,6,3.3,6.9,2.5,3.1,1.4,3.4,4.8,1.6,1.8,0.2,1.3,5.7,14.5,103,111,dortlu01
Chris Boucher,27,TOR,C,62,0,819,8.2,17.4,2.2,6.9,6,10.5,5.3,6.7,6.2,9.9,16.1,1.5,1.3,3.5,1.6,6.6,23.9,124,101,bouchch01
Ian Mahinmi,33,WAS,C,38,35,808,6,12.1,0.3,1.5,5.7,10.6,4,6.5,4.5,8.1,12.6,2.8,1.8,2.5,2.6,6.6,16.4,110,112,mahinia01
Shake Milton,23,PHI,SG,40,24,805,8.1,16.7,3.5,8.1,4.6,8.6,3.1,3.9,0.9,4.4,5.3,6.3,1.2,0.4,2.8,5.5,22.7,118,112,miltosh01
Frank Jackson,21,NOP,PG,59,2,797,7.8,19.2,2.7,8.4,5.1,10.9,3.3,4.4,1.3,3.5,4.8,3.5,1,0.2,2.8,4.5,21.5,100,116,jacksfr01
Jordan McRae,28,TOT,SG,37,4,784,9,22,2.7,7.6,6.3,14.4,5,6.6,1.1,6.4,7.5,5.6,1.3,1,2.6,4.4,25.6,105,116,mcraejo01
Frank Kaminsky,26,PHX,C,39,13,777,8.4,18.7,2.5,7.6,5.9,11.2,3.7,5.5,2.1,8.6,10.7,4.6,0.9,0.6,2.3,4.6,23,110,112,kaminfr01
Thon Maker,22,DET,C,60,14,776,5.9,12.2,1.4,4.1,4.5,8.2,4.6,7,3.4,7.2,10.6,2.7,1.6,2.5,2.9,6.5,17.8,111,110,makerth01
Patrick Patterson,30,LAC,PF,59,18,776,5.8,14.2,4.1,10.5,1.7,3.7,2.1,2.6,2.1,7.1,9.2,2.5,0.4,0.2,1.3,3.3,17.8,119,111,pattepa01
Dewayne Dedmon,30,TOT,C,44,18,774,6.3,15.8,1.4,6.6,5,9.2,1.9,2.2,3.7,11.7,15.4,1.4,1.5,2.5,3.5,8.2,15.9,90,108,dedmode01
Sterling Brown,24,MIL,SF,52,1,767,5.7,15.2,2.6,8.1,3,7.1,1.9,2.4,1.8,9,10.9,3,1.7,0.4,2.5,3.2,15.8,97,103,brownst02
Sekou Doumbouya,19,DET,PF,38,19,754,6,15.4,1.8,6.4,4.2,9,2,3,1.3,6.4,7.7,1.2,1.3,0.5,2.3,5.2,15.9,90,114,doumbse01
Keita Bates-Diop,24,TOT,SF,44,0,744,6.3,14.7,2.1,6.5,4.2,8.2,3.4,4.7,1.6,6.4,8,1.9,1.2,1.5,1.1,2.7,18.1,111,113,bateske01
Reggie Jackson,29,TOT,PG,31,16,743,8.7,21.2,3.7,9.4,5,11.8,2.9,3.5,1.1,4.9,6,8.2,0.8,0.3,3.3,3.8,24,108,114,jacksre01
Wilson Chandler,32,BKN,PF,35,3,734,4.8,11.8,2.4,7.8,2.4,4,1.3,1.5,0.7,8.6,9.3,2.5,1,0.8,2.2,5.1,13.2,99,110,chandwi01
Elie Okobo,22,PHX,PG,55,3,719,4.7,11.9,1.6,4.7,3.1,7.2,3.3,4.7,1.1,4.9,5.9,7.6,1.6,0.3,2.5,3.6,14.4,109,113,okoboel01
Grayson Allen,24,MEM,SG,38,0,718,7.6,16.3,3.7,9.2,3.9,7.2,2.5,2.9,0.5,5,5.5,3.4,0.7,0.1,2.1,3.4,21.5,114,115,allengr01
Bruno Fernando,21,ATL,C,56,13,713,6.7,13,0.3,2.4,6.4,10.6,1.9,3.3,4.4,8.6,12.9,3.2,1.2,1.1,2.7,7,15.7,107,114,fernabr01
Tyler Johnson,27,TOT,SG,39,7,709,6.5,16.7,2.5,7.9,3.9,8.8,2.8,3.3,1.2,3.9,5.1,4.9,1.1,0.6,1.9,3.9,18.3,105,114,johnsty01
Dwayne Bacon,24,CHA,SG,39,11,687,6.2,17.8,1.4,4.9,4.8,12.9,2.6,3.9,1.1,6.2,7.3,3.8,1.7,0.1,2.7,3.8,16.3,86,114,bacondw01
Rodions Kurucs,21,BKN,PF,47,9,684,5.5,12.2,2.3,6.2,3.2,6,1.7,2.6,1.7,7.7,9.5,3.5,1.7,0.3,3.2,6.2,14.9,101,109,kurucro01
Reggie Bullock,28,NYK,SG,29,19,684,6.4,15.9,2.6,7.9,3.8,8,1.2,1.5,0.9,3.9,4.8,3,1.8,0.2,1.4,4,16.7,105,115,bullore01
Raul Neto,27,PHI,PG,54,3,668,7.3,16.1,2.5,6.4,4.9,9.7,2.8,3.4,0.8,3.6,4.4,6.9,1.7,0.4,3.4,3.6,20,109,111,netora01
Zion Williamson,19,NOP,PF,24,24,668,14.5,24.9,0.4,1,14.1,24,7.9,12.3,4.4,6,10.4,3.5,1.1,0.6,4.1,2.9,37.4,115,114,willizi01
Harry Giles,21,SAC,C,46,17,667,10.1,18.3,0,0.1,10.1,18.1,2.8,3.6,3.1,10.5,13.7,4.4,1.6,1.3,3.2,8.7,23,111,109,gilesha01
Tony Bradley,22,UTA,C,58,3,663,9.2,13.9,0.2,0.2,9,13.7,2.2,3.4,8.1,11.5,19.6,1.7,1,2.4,2.2,8.4,20.9,135,106,bradlto01
Kyrie Irving,27,BKN,PG,20,20,658,14.3,29.9,4,10.2,10.3,19.7,6.8,7.3,1.6,5.8,7.4,9.2,1.9,0.7,3.7,3.8,39.4,119,109,irvinky01
Allen Crabbe,27,TOT,SF,37,1,653,4.5,12.6,2.6,8.5,1.9,4.1,0.7,1,0.8,4.7,5.5,2.4,1.1,0.3,1.2,3.4,12.3,97,117,crabbal01
Rodney Hood,27,POR,SF,21,21,619,6.7,13.2,2.7,5.5,4,7.8,1.6,2.1,0.8,4.8,5.5,2.5,1.3,0.3,1.5,3.5,17.7,121,117,hoodro01
James Johnson,32,TOT,PF,32,1,619,7.9,16.5,2.5,7,5.4,9.5,2.4,3.7,1.9,7.1,9.1,5.7,1.9,2.5,3.7,6.1,20.7,107,108,johnsja01
Daniel Gafford,21,CHI,C,43,7,609,7.4,10.6,0,0,7.4,10.6,2.5,4.7,4.1,4.3,8.4,1.7,1,4.4,2.3,7.8,17.4,124,109,gaffoda01
John Henson,29,TOT,C,40,8,600,7.7,13.9,0.7,2.9,7.1,11,1.9,3.7,3.7,9.4,13.2,4.4,2,3.4,2.9,6.3,18,112,109,hensojo01
Alfonzo McKinnie,27,CLE,SF,40,1,593,6,14,1.1,5.3,4.8,8.7,1.8,2.5,3,6.2,9.3,1.1,1.9,0.7,2.1,5.9,14.9,99,115,mckinal01
Nickeil Alexander-Walker,21,NOP,SG,47,1,591,7.7,20.8,3.6,10.4,4.1,10.4,2,2.9,0.7,5.9,6.6,7,1.3,0.6,4.2,4.5,20.9,93,113,alexani01
Jordan McLaughlin,23,MIN,PG,30,2,590,6.8,14,2.3,6,4.6,8,2,3.1,0.6,3.3,3.9,9.8,2.7,0.3,2.4,2.4,18,121,113,mclaujo01
Nassir Little,19,POR,PF,48,5,573,5.4,12.6,1.2,4.9,4.2,7.7,2.3,3.7,2.6,6.4,9,1.8,1.1,1.2,1.2,6,14.3,108,116,littlna01
Mike Muscala,28,OKC,C,47,2,572,6.5,16.1,4.6,12.1,2,3.9,1.5,1.9,1.4,7.8,9.2,3.4,0.8,1,1.4,4.9,19.2,114,110,muscami01
Skal Labissière,23,POR,C,33,1,567,6.8,12.4,0.3,1.1,6.6,11.3,2.1,2.8,5.5,8.7,14.2,3.5,0.6,2.6,2.5,7.5,16,121,113,labissk01
Gary Clark,25,TOT,PF,42,5,567,4.5,11.2,3.3,9.3,1.3,1.9,0.8,0.8,3.1,6.1,9.3,1.4,0.5,1.9,0.8,3.9,13.1,120,112,clarkga01
Luke Kornet,24,CHI,C,36,14,559,7.1,16.1,2.7,9.3,4.4,6.8,1.7,2.4,1.9,5.3,7.2,2.8,0.9,2.2,1.2,4.7,18.5,112,111,kornelu01
Wayne Ellington,32,NYK,SG,36,1,558,5.3,15.2,4.4,12.5,1,2.7,1,1.1,0.3,5.3,5.7,3.8,1.1,0.3,1.6,3.6,16,105,116,ellinwa01
Dennis Smith Jr.,22,NYK,PG,34,3,537,6.5,19.1,1.5,4.9,5.1,14.2,2.4,4.8,1.9,5.2,7.1,8.9,2.5,0.7,5.3,5.9,17,84,112,smithde03
Troy Daniels,28,TOT,SG,47,0,532,6.5,16.7,4.1,11.9,2.3,4.9,0.9,1.4,1.1,3.6,4.7,1.5,1,0.3,1.1,3.3,18,105,112,danietr01
Yogi Ferrell,26,SAC,PG,50,0,530,7.2,17.2,2.2,7.2,5,10,3.3,3.8,0.5,3.9,4.5,6.3,1.6,0.4,2.6,3.5,20,107,114,ferreyo01
Victor Oladipo,27,IND,SG,19,16,528,8.9,22.6,3,9.6,5.9,13,4.4,5.4,0.8,6.1,6.9,5.1,1.6,0.4,4.3,3.3,25.3,94,110,oladivi01
Chandler Hutchison,23,CHI,SF,28,10,527,7.3,16,1.1,3.5,6.2,12.5,4.2,7.1,1.6,8.2,9.9,2.4,2.5,0.6,2.5,4.3,19.9,101,108,hutchch01
Trey Burke,27,TOT,PG,33,1,520,8.8,19.5,3,7,5.8,12.5,2.1,2.7,1.5,3.2,4.7,7.7,1.5,0.2,2,3.1,22.6,117,113,burketr01
Blake Griffin,30,DET,PF,18,18,512,8.5,24,2.6,10.7,5.9,13.4,7.3,9.4,1.6,6.4,8.1,5.7,0.7,0.7,3.8,2.6,26.8,97,115,griffbl01
Quinn Cook,26,LAL,PG,44,1,508,8.5,20,2.9,8,5.6,12.1,1,1.3,1,3.7,4.8,4.6,1.1,0.2,3.1,2.5,21,99,111,cookqu01
Jake Layman,25,MIN,SF,23,2,505,7.4,16.5,2.2,6.6,5.2,9.8,2.2,2.9,1.6,3.7,5.2,1.4,1.6,0.9,2.2,4.3,19.3,102,114,laymaja01
Nicolas Batum,31,CHA,SF,22,3,505,2.8,8,1.4,4.9,1.4,3.2,0.9,1,2.5,7.4,9.9,6.5,1.7,0.8,2.2,4.1,7.8,107,112,batumni01
Kelan Martin,24,MIN,SF,31,4,495,6.7,17,2.3,9,4.3,8,2.8,2.9,1.1,7.9,9,2.2,0.7,0.8,1.9,4.8,18.5,100,114,martike03
Naz Reid,20,MIN,C,30,11,495,9.4,22.8,3,9.1,6.4,13.7,3.5,5,3.2,8.4,11.6,3.3,1.8,2.1,2.1,7.8,25.2,105,110,reidna01
Denzel Valentine,26,CHI,SF,36,5,488,9.6,23.4,4.5,13.5,5,9.9,0.6,0.8,0.9,6.4,7.3,4.2,2.6,0.6,2.6,5,24.3,100,109,valende01
Džanan Musa,20,BKN,SF,40,0,487,6.2,16.7,1.8,7.6,4.4,9.1,4.4,5.8,2,6.3,8.4,4.2,1.5,0.1,3.5,2.9,18.7,96,111,musadz01
Danté Exum,24,TOT,SG,35,1,485,5.6,11.9,1.5,4.3,4.1,7.6,3.2,4.3,1.2,5.5,6.7,4,1.3,0.8,3.1,3.8,16,106,115,exumda01
Marko Gudurić,24,MEM,SG,44,0,484,6,15.1,2.4,8,3.6,7.1,2.3,2.5,1.4,5.7,7,4.3,1.2,0.8,3.5,3.3,16.7,97,112,gudurma01
Shaquille Harrison,26,CHI,SG,43,10,484,7.7,16.4,1.6,4.2,6.1,12.2,3.9,5,2.2,6.4,8.6,4.9,3.4,1.9,1.9,5.5,20.8,116,105,harrish01
Cheick Diallo,23,PHX,C,47,2,479,9.1,14,0.1,0.3,9,13.7,3.4,3.9,3,10,13,2.2,1.1,1.2,3.2,5.4,21.7,119,110,diallch01
Goga Bitadze,20,IND,C,54,2,471,7.2,15.5,0.8,4.3,6.4,11.1,2.5,3.4,2.6,8.3,10.9,2.4,1,3.8,2.9,6.7,17.7,99,105,bitadgo01
JaKarr Sampson,26,IND,PF,34,12,471,7,11.8,0.2,1.3,6.8,10.5,1.9,2.8,2.1,7,9.1,2.2,1.6,1.2,1.5,6.6,16.1,118,108,sampsja02
Javonte Green,26,BOS,SG,48,2,468,6.5,13,0.9,3.4,5.6,9.6,2.9,4.3,2.5,7.1,9.6,2.7,2.5,0.8,2.4,4.4,16.8,110,106,greenja02
Jahlil Okafor,24,NOP,C,30,9,467,10,16.1,0.1,0.3,9.9,15.8,4,6.1,4.8,7.8,12.6,3.7,0.7,2.2,3.8,6.6,24.1,117,112,okafoja01
Brandon Knight,28,TOT,SG,25,3,462,6.2,17.7,4.8,13.9,1.5,3.8,2.1,3.6,0.4,3.9,4.3,7.3,1.1,0.3,4,4.2,19.4,98,117,knighbr03
J.J. Barea,35,DAL,PG,29,6,450,9.1,22.2,3.4,9.1,5.7,13.1,2.1,2.4,1.1,4.6,5.7,12,0.5,0.2,4.1,2.9,23.8,109,116,bareajo01
Edmond Sumner,24,IND,SG,31,3,447,6.6,15.4,1.5,5.8,5.1,9.7,1.7,3.1,1.2,3.8,5,6,1.6,1,2.4,4.8,16.5,100,110,sumneed01
Matt Thomas,25,TOR,SG,41,1,440,7.9,16.2,5.1,10.7,2.8,5.5,1,1.3,1,5.6,6.6,2.4,1.1,0.1,1.7,4.1,21.8,119,109,thomama02
Anžejs Pasečņiks,24,WAS,C,27,0,437,6.5,12.4,0,0.3,6.5,12.1,3.6,6.2,4.5,7,11.4,1.9,1,1.3,2.6,8,16.7,109,116,pasecan01
Thabo Sefolosha,35,HOU,PF,41,0,436,3.9,9.7,1.6,5.7,2.3,3.9,0.3,0.8,2.2,7.6,9.9,2.7,2.5,1.3,1.6,4.6,9.8,103,107,sefolth01
Gary Payton II,27,WAS,SF,29,17,432,5.2,12.6,1.4,5,3.8,7.6,0.4,0.9,2.8,5.8,8.7,5.2,3.6,0.8,2.2,5.8,12.2,103,111,paytoga02
Brandon Goodwin,24,ATL,PG,34,1,430,8.2,20.6,2.8,9.4,5.4,11.2,3,3.3,1.2,6.6,7.8,5.5,1.3,0.4,3.1,4.7,22.3,101,116,goodwbr01
Boban Marjanović,31,DAL,C,44,5,422,13.9,24.2,0.5,1.9,13.4,22.2,4.9,6.5,7.6,15,22.6,2.3,0.9,1.1,3.4,6.4,33.1,120,108,marjabo01
Andre Iguodala,36,MIA,SF,21,0,418,4.4,10.3,1.6,5.5,2.8,4.8,0.7,1.8,2,7.1,9.1,6,1.6,2.5,3,4.1,11.2,101,107,iguodan01
Jacob Evans,22,TOT,SG,29,1,418,5.2,15.3,1.5,4.5,3.7,10.9,2.9,3.3,1,3.7,4.7,3.5,1.3,1.4,2.9,4.7,14.6,86,116,evansja02
PJ Dozier,23,DEN,SG,29,0,412,7.8,18.8,2,5.9,5.8,13,2.5,3.5,1.2,5.4,6.6,7.6,1.7,0.7,3.2,5.4,20.2,102,112,doziepj01
Chris Chiozza,24,TOT,PG,28,2,401,6.5,16.5,3.2,8.5,3.3,8,0.6,0.6,1.1,5.2,6.2,9.8,2.5,0.5,3.8,4.3,16.7,103,111,chiozch01
Robert Williams,22,BOS,C,29,1,388,8,10.9,0,0,8,10.9,2.7,4.2,5,10.9,15.9,3.4,2.7,4.4,2.6,6.3,18.7,134,98,williro04
Cristiano Felício,27,CHI,C,22,0,386,4.2,6.7,0,0.2,4.2,6.5,2.2,2.9,6.9,5.9,12.7,2,1.2,0.2,2.2,4.2,10.7,130,112,feliccr01
Josh Jackson,22,MEM,SF,22,0,381,8.6,19.5,2.8,8.8,5.8,10.7,4.3,6.1,1.3,6.7,8.1,4.3,2.2,1.1,3.4,4.9,24.3,103,109,jacksjo02
Al-Farouq Aminu,29,ORL,PF,18,2,380,3.2,11,1.2,4.6,2,6.4,2.4,3.7,3.1,8.1,11.1,2.7,2.3,1,2.2,3.5,10,88,108,aminual01
Noah Vonleh,24,TOT,C,36,1,377,6.4,11.4,0.4,1.9,6.1,9.5,3.1,4,4.6,10.8,15.3,3.5,1.4,0.7,2.6,4.9,16.3,121,111,vonleno01
Willy Hernangómez,25,CHA,C,31,0,375,9.9,18.6,0.7,2.9,9.2,15.6,4.9,7.9,5.7,12.2,17.9,3.9,1.3,0.9,4,4.3,25.4,110,110,hernawi01
Romeo Langford,20,BOS,SG,32,2,370,3.7,10.4,0.7,3.5,3,6.9,2.3,3.3,2,3.4,5.3,1.7,1,1,1.4,4.3,10.3,95,111,langfro01
Admiral Schofield,22,WAS,PF,33,2,368,4.4,11.7,2.4,7.7,2,3.9,1.3,1.9,0.9,5.1,6,1.9,1,0.5,0.9,6.4,12.6,104,118,schofad01
Theo Pinson,24,BKN,SG,33,0,365,5.8,20.1,1.9,10.4,3.9,9.7,1.9,2.1,1.3,5.7,7,7.3,2.2,0.5,4.3,4.5,15.6,80,109,pinsoth01
Jared Dudley,34,LAL,PF,45,1,364,3.1,7.8,2.4,5.5,0.8,2.4,0.3,0.3,0.8,6,6.8,3.7,2,0.4,1,5.4,8.9,117,108,dudleja01
D.J. Wilson,23,MIL,PF,37,1,363,6.5,16.6,2.3,9.2,4.3,7.4,1.4,2.3,1.5,10.1,11.6,3.1,0.4,0.6,2.4,4.2,16.7,94,105,wilsodj01
Terance Mann,23,LAC,SF,41,6,362,4.8,10.3,0.9,2.6,3.9,7.7,2.4,3.5,1.3,5.9,7.2,6.9,1.4,0.7,2.4,6,12.9,114,109,mannte01
Deonte Burton,26,OKC,SF,39,0,356,5.9,17.1,1.4,7.2,4.5,9.8,1.1,1.9,1,6.8,7.8,2.3,1,1.4,2.6,4.6,14.2,78,110,burtode02
Tim Frazier,29,DET,PG,27,11,355,4.7,13,1.4,4.2,3.3,8.9,2.6,3.3,1.2,3.3,4.6,12.9,1.9,0.6,5,5.8,13.4,99,114,fraziti01
Justise Winslow,23,MIA,SG,11,5,352,6.9,17.9,0.8,3.7,6.1,14.1,2.5,3.7,2.2,7.9,10.1,6.1,1,0.7,3.3,5.3,17.2,93,111,winslju01
Carsen Edwards,21,BOS,SG,37,0,351,5.8,17.6,3.3,10.5,2.5,7.2,1.8,2.6,0.8,5.6,6.5,3.3,1.7,0.6,2.1,4.7,16.6,92,109,edwarca01
Chris Silva,23,MIA,PF,44,0,346,6.8,11,0,0.4,6.8,10.6,5.2,7.8,8.5,9.3,17.8,3.2,1.3,3,4.5,12,18.8,120,106,silvach01
Courtney Lee,34,DAL,SG,24,9,345,5.6,11.5,2.9,6.6,2.7,4.9,0.8,1,1,3.5,4.5,1.7,2.5,0.8,1.5,4.6,15,116,111,leeco01
Marvin Bagley III,20,SAC,C,13,6,334,11.3,24.3,0.6,3.2,10.7,21.1,3.6,4.5,4.2,9.9,14.1,1.5,0.9,1.7,2.6,6.2,26.9,102,111,baglema01
Otto Porter Jr.,26,CHI,SF,14,9,331,9,20.4,3.5,9,5.5,11.4,2.8,3.9,1.9,5.1,7,3.6,2.2,0.9,1.6,4.5,24.3,112,110,porteot01
Ty Jerome,22,PHX,SG,31,0,328,5.5,16.3,2,7.2,3.5,9.1,1.7,2.3,1,5.6,6.6,6.4,2.2,0.4,2.6,4.2,14.7,92,111,jeromty01
Caleb Martin,24,CHA,SF,18,1,317,5.8,13.3,3.2,5.8,2.7,7.4,2.7,3.3,1.6,4.4,6,3.6,1.9,1.1,2.4,5.1,17.5,113,113,martica02
Kyle O'Quinn,29,PHI,C,29,2,313,6.5,13.2,1.1,4.2,5.4,9,1.7,3.1,5.3,12.7,18,7.9,1.1,3.7,3.1,5.7,15.8,117,104,oquinky01
Ed Davis,30,UTA,C,28,1,303,3.5,7.4,0,0,3.5,7.4,1.1,2.2,5.6,11.2,16.9,1.9,1.8,1.4,2.1,9.8,8.2,110,106,davised01
Keldon Johnson,20,SAS,SF,17,1,301,8.4,14.1,2.1,3.5,6.4,10.6,5.6,7,1.6,7.5,9,2.4,2.2,0.3,2.1,4.4,24.4,131,113,johnske04
Jalen McDaniels,22,CHA,SF,16,0,293,5.6,12,1.5,4.1,4.1,7.9,2.4,2.9,2.6,8.5,11.1,2.2,1.4,0.5,1.9,6.2,15.2,112,113,mcdanja01
Chris Clemons,22,HOU,SG,33,0,291,9.1,22.6,5.9,17,3.2,5.6,1.6,1.7,0.6,4.1,4.8,4.3,1.4,1,3,4.1,25.6,105,112,clemoch01
Allonzo Trier,24,NYK,SG,24,1,291,8.5,17.7,3.2,8.9,5.4,8.9,5.7,7.2,1,3.8,4.9,4.7,0.5,0.7,3.7,4.9,25.9,115,118,trieral01
Zach Collins,22,POR,PF,11,11,290,5.3,11.2,1.2,3.1,4.1,8.1,1,1.3,4.1,7.2,11.3,2.6,0.8,0.8,2.3,5.9,12.7,110,116,colliza01
DeMarre Carroll,33,TOT,C,24,0,290,4,10.7,1.3,5.3,2.8,5.3,4.7,6.8,1.9,7,8.9,4,1.3,0.8,2.8,5.2,14.1,103,113,carrode01
Caleb Swanigan,22,TOT,PF,27,1,288,4.6,7.8,0,0.3,4.6,7.5,1.5,2.8,4.5,12.1,16.6,5.1,0.5,1.2,6.1,10.3,10.8,95,113,swanica01
Dragan Bender,22,TOT,C,16,3,286,6.8,15.2,2.5,7.1,4.3,8.1,1.6,2.3,2.6,9.4,12,4.6,0.7,1.5,3.5,6.9,17.6,102,110,bendedr01
Michael Kidd-Gilchrist,26,TOT,PF,25,0,281,3.9,11.6,0.9,3.5,3,8.1,1.9,2.5,2.5,9.3,11.8,2.5,0.4,1.1,2.8,6.5,10.5,85,113,kiddgmi01
Drew Eubanks,22,SAS,C,22,3,272,7.6,11.8,0.2,0.2,7.4,11.6,3.5,4.6,4.9,10,14.9,2.6,0.9,3,3.7,6.5,18.8,120,111,eubandr01
Juan Toscano-Anderson,26,GSW,SG,13,6,272,5.1,11.1,1.4,4,3.7,7,0.5,0.9,1.6,7.6,9.1,4.6,2.3,0.9,2.8,5.3,12.1,98,112,toscaju01
David Nwaba,27,BKN,SF,20,0,268,6.5,12.5,2.1,4.9,4.4,7.6,3.2,4.8,1.4,6.5,7.9,1.4,1.9,2.1,1.4,5.7,18.4,120,107,nwabada01
Isaiah Hartenstein,21,HOU,C,23,2,266,7.7,11.7,0,0.9,7.7,10.8,3.3,4.9,5,10.6,15.7,3.1,1.6,2.1,2.8,7.1,18.6,128,107,harteis01
Kevon Looney,23,GSW,C,20,4,262,5.3,14.4,0.2,2.6,5.1,11.9,1.6,2.2,5.1,6.9,12.1,3.7,2.2,1.1,2.2,6.2,12.4,94,112,looneke01
Jordan Bell,25,TOT,C,29,0,256,6.4,12.2,0.7,2.2,5.6,10,3.4,5.6,5.4,9.3,14.7,2.9,0.5,1.8,3.8,3.4,16.9,108,112,belljo01
Jusuf Nurkić,25,POR,C,8,8,253,10.2,20.5,0.4,1.9,9.8,18.6,5.8,6.6,4.3,11.1,15.4,6,2.1,3,3.6,7.3,26.6,116,108,nurkiju01
Evan Turner,31,ATL,SG,19,0,251,4.6,12.4,0,0.9,4.6,11.5,2.2,2.6,1.5,5.6,7.1,7.1,1.7,1.5,4.8,3.7,11.5,84,115,turneev01
Derrick Walton,24,TOT,PG,26,1,248,3.4,7.5,1.9,4.6,1.5,2.9,1.3,1.7,0.4,2.7,3.1,5.2,1.3,0,1,4,10.1,131,112,waltode01
Bruno Caboclo,24,TOT,C,30,0,244,7.3,17,1.1,6.3,6.1,10.7,1.5,1.7,4.4,7.1,11.5,2.3,2.9,3.2,2.5,5.9,17.2,100,105,cabocbr01
Iman Shumpert,29,BKN,SF,13,0,241,4.1,12.6,1.6,6.5,2.6,6.1,0.8,1.4,1.8,4.9,6.7,2.4,2.4,0.4,2,4.1,10.6,85,109,shumpim01
Wenyen Gabriel,22,TOT,PF,30,1,235,4.3,9.8,1.2,4.1,3.1,5.7,3.1,4.5,4.3,6.3,10.6,1.6,2.2,1.4,3.3,7.9,12.8,103,112,gabriwe01
Justin James,23,SAC,SF,36,0,232,7.3,17.6,1.9,6.1,5.4,11.5,2.1,4.4,1.3,5.4,6.7,3.8,1.3,1.9,1.7,3.6,18.6,99,112,jamesju01
Norvel Pelle,26,PHI,C,24,0,232,5.2,10,0,0.2,5.2,9.8,1.5,2.9,4.2,10.9,15,1.7,0.6,6.5,3.8,11.5,11.9,94,102,pelleno01
Garrison Mathews,23,WAS,SG,18,0,227,4.9,11.5,3.9,9.5,1,2.1,6.4,7,1.2,3.7,4.9,2.1,1.6,0.2,1.6,6.6,20.2,133,118,mathega01
T.J. Leaf,22,IND,PF,28,1,222,7.9,18.8,1.1,3.9,6.8,14.9,1.5,3.5,5,10.5,15.5,2,2.2,0.9,1.7,4.8,18.4,98,105,leaftj01
Ante Žižić,23,CLE,C,22,0,221,9,15.9,0,0,9,15.9,3.1,4.2,4,10.6,14.5,1.3,1.5,1.1,2.2,5.9,21.1,116,113,zizican01
Tyson Chandler,37,HOU,C,26,5,219,3,3.8,0,0,3,3.8,1.3,2.7,5.3,8.7,13.9,1.3,1.3,1.7,1.7,6.8,7.2,135,109,chandty01
Dion Waiters,28,TOT,SG,10,0,207,9.5,22.9,3.5,10.9,6,12,3.2,3.9,0.5,5.1,5.5,4.6,0.9,1.4,3.7,4.8,25.6,98,110,waitedi01
Mychal Mulder,25,GSW,SF,7,3,204,6.1,15.7,3.8,12.2,2.3,3.5,2.1,2.8,0.7,4.7,5.4,1.9,0.5,0.2,1.2,4.7,18.1,104,118,muldemy01
Nic Claxton,20,BKN,C,15,0,187,6.8,12.1,0.3,1.8,6.6,10.4,2.8,5.3,4.8,6.3,11.1,4,0.3,2,2.3,3.5,16.7,118,111,claxtni01
Cameron Payne,25,PHX,SG,8,0,183,8.5,17.6,3.9,7.5,4.7,10.1,1.6,1.8,1,7,8,6.2,2.1,0.5,2.8,5.2,22.5,115,110,payneca01
John Konchar,23,MEM,SG,19,0,181,6.2,9.5,1.3,2.6,4.9,7,0.3,0.5,4.6,7.5,12.1,5.7,1.8,0.8,1.8,1.8,13.9,140,110,konchjo01
Ryan Broekhoff,29,DAL,SF,17,1,180,5.9,15.8,5.4,13.7,0.5,2.1,1.9,2.1,1.3,10.2,11.5,3,1.3,1.1,1.6,4,19.1,114,110,broekry01
Johnathan Williams,24,WAS,PF,15,6,180,4.9,8.8,0,0.5,4.9,8.3,1.8,3.4,6.2,10.4,16.6,2.1,0.3,2.1,1.3,4.2,11.7,126,115,willijo04
Malcolm Miller,26,TOR,SF,28,1,162,3.5,8.5,2.3,6.5,1.2,2.1,0.9,2.3,0.6,4.1,4.7,3.2,1.5,0.6,1.2,5.3,10.3,108,108,millema01
Rayjon Tucker,22,UTA,SG,20,0,161,6,13,0.9,5.1,5.1,7.9,5.7,7,0.9,5.1,6,1.5,0.3,0.3,2.4,3,18.7,109,114,tuckera01
C.J. Miles,32,WAS,SF,10,0,161,5.5,17.1,3.2,10.2,2.3,7,4.4,5.8,1.2,2.3,3.5,3.5,2.9,1.2,1.2,4.1,18.6,103,114,milescj01
Tyrone Wallace,25,ATL,SG,14,0,160,4.1,12.8,0.3,4.4,3.8,8.4,3.2,5,0.9,5.5,6.4,3.8,2,0.3,2.9,5.5,11.6,80,115,wallaty01
Amir Coffey,22,LAC,SG,18,1,159,6.8,16.1,1.8,5.6,5.1,10.4,1.8,3.3,1.2,3.6,4.8,4.2,1.5,0.6,2.4,5.9,17.2,100,110,coffeam01
Jaylen Nowell,20,MIN,SG,15,0,151,5.8,16.3,0.9,8,4.9,8.3,4.9,5.2,0.9,3.1,4,5.8,0.9,0.3,0.9,3.4,17.5,109,117,nowelja01
Stanley Johnson,23,TOR,PF,25,0,150,7,18.7,2.2,7.6,4.8,11.1,2.9,5.1,2.2,9.5,11.7,6.3,1.9,1.3,4.8,5.1,19,90,103,johnsst04
Michael Frazier,25,HOU,SG,13,0,145,2.2,9.3,1.3,7.3,1,1.9,2.9,4.5,0.3,2.9,3.2,0.6,0.6,0,1.6,7,8.6,76,116,frazimi01
DaQuan Jeffries,22,SAC,SG,13,0,141,6.9,13.8,1.7,6.2,5.2,7.6,1.7,2.1,1,5.2,6.2,2.4,1.4,0.3,0.7,6.5,17.2,121,114,jeffrda01
Alen Smailagić,19,GSW,C,14,0,139,6.9,13.8,1,4.5,5.9,9.3,5.5,6.5,3.4,5.9,9.3,4.5,1,1.4,3.8,4.8,20.3,112,115,smailal01
Stephen Curry,31,GSW,PG,5,5,139,11.4,28.2,4.1,16.9,7.2,11.4,9,9,1.4,7.6,9,11.4,1.7,0.7,5.5,3.8,35.8,109,113,curryst01
Oshae Brissett,21,TOR,SF,19,0,135,4.6,12.7,1.1,5.3,3.5,7.4,2.8,3.5,3.2,6,9.2,2.5,1.4,0.4,2.5,6.3,13,96,107,brissos01
Juwan Morgan,22,UTA,PF,21,0,134,5.4,9.4,1.1,2.9,4.4,6.5,1.1,1.5,3.6,6.9,10.5,2.2,0.4,0.7,2.2,6.9,13.1,121,112,morgaju01
Donta Hall,22,TOT,PF,9,0,133,5.4,7.9,0,0,5.4,7.9,3.2,6.5,5.1,8.7,13.7,1.4,1.1,2.2,1.8,8.3,14.1,125,109,halldo01
Vincent Poirier,26,BOS,C,22,0,130,6.3,13.4,0.4,0.7,5.9,12.6,2.2,2.6,4.8,11.1,16,3,0.7,3.3,3,9.3,15.2,107,104,poirivi01
Thanasis Antetokounmpo,27,MIL,SF,20,2,129,8.5,17,0,3.5,8.5,13.5,2.5,6,4.2,4.2,8.5,5.3,2.5,0.7,4.2,6.4,19.5,98,103,antetth01
Melvin Frazier,23,ORL,SG,19,0,126,5.8,13.1,3.1,6.2,2.7,7,0.8,1.5,0.8,3.1,3.9,1.2,3.5,0.8,1.9,4.3,15.5,100,108,frazime01
Tremont Waters,22,BOS,PG,11,1,119,5.7,19.9,1.6,9.7,4.1,10.1,3.2,3.2,0,4.9,4.9,6.5,4.1,0.8,6.1,5.3,16.2,73,103,watertr01
Alize Johnson,23,IND,PF,17,1,118,4.9,11.9,1.2,3.3,3.7,8.6,2.9,4.1,6.6,13.2,19.7,2.9,1.2,0.8,2.9,4.9,14,108,105,johnsal02
Frank Mason III,25,MIL,PG,9,0,118,8.9,19.7,2.3,8.1,6.6,11.6,3.9,6.6,1.9,5.4,7.4,11.2,1.9,0.4,4.3,4.3,24,110,104,masonfr01
Kadeem Allen,27,NYK,PG,10,0,117,7.9,18.3,2.1,6.7,5.8,11.7,2.9,4.6,0.8,2.9,3.7,8.7,2.1,0.8,3.3,2.9,20.8,106,114,allenka01
Adam Mokoka,21,CHI,SF,11,0,112,5.2,12,2.6,6.5,2.6,5.6,0.9,1.7,3,1.3,4.3,1.7,1.7,0,0.9,7.3,13.8,115,114,mokokad01
Miye Oni,22,UTA,SF,10,1,109,5.4,14.3,3.1,8.5,2.2,5.8,1.8,2.2,2.2,5.4,7.6,1.8,1.8,0.9,1.8,4,15.6,104,110,onimi01
Justin Anderson,26,BKN,SG,10,1,107,4.4,16.8,2.7,12.8,1.8,4,0.9,1.8,0.4,8.8,9.3,3.5,0,2.7,1.8,5.7,12.4,78,109,anderju01
Chimezie Metu,22,SAS,C,18,0,105,10.9,19.1,0,0.9,10.9,18.2,4.6,5.9,5.5,9.6,15,4.6,1.4,2.7,4.6,3.2,26.4,113,110,metuch01
Yuta Watanabe,25,MEM,SF,18,0,105,6.7,15.1,1.3,3.6,5.3,11.6,1.3,3.6,3.1,5.8,8.9,2.2,2.2,0.4,0.9,4,16,105,110,watanyu01
Jaylen Hoard,20,POR,PF,13,0,103,6.9,14.8,0,1.4,6.9,13.4,3.7,6,6.5,8.3,14.8,1.9,2.3,0,1.9,5.6,17.6,113,113,hoardja01
Jeremiah Martin,23,BKN,PG,9,0,99,11.5,25.3,2.4,8.6,9.1,16.7,5.3,6.7,0.5,4.3,4.8,8.6,3.3,1,1.9,3.3,30.6,116,107,martije02
Lance Thomas,31,BKN,PF,7,4,98,3.9,11.1,1.9,6.3,1.9,4.8,1.9,1.9,1,5.3,6.3,2.9,0,0,2.9,5.3,11.6,91,115,thomala01
Jarrell Brantley,23,UTA,PF,9,0,96,5.1,14.2,1.5,6.6,3.5,7.6,0.5,1,1,9.1,10.1,5.6,1.5,2.5,3.5,3.5,12.2,85,106,brantja01
Bol Bol,20,DEN,PF,7,0,87,8,15.9,2.3,5.1,5.7,10.8,4.5,5.7,2.8,8,10.8,3.4,1.1,3.4,5.7,6.2,22.7,102,108,bolbo01
Andre Roberson,28,OKC,SF,7,0,87,4.5,16.2,1.7,7.8,2.8,8.4,0.6,1.1,3.9,11.2,15.1,2.2,0.6,1.7,1.1,7.3,11.2,84,108,roberan03
Paul Watson,25,TOT,SF,10,0,87,5.4,14.2,2.2,6.5,3.3,7.6,3.8,4.9,1.1,8.2,9.3,4.4,2.2,0.5,1.6,2.7,16.9,106,106,watsopa01
B.J. Johnson,24,ORL,SF,10,0,83,5.3,18.8,1.8,5.3,3.5,13.5,5.3,5.9,1.8,7,8.8,1.8,1.8,0,3.5,1.8,17.6,81,111,johnsbj01
Gabe Vincent,23,MIA,PG,9,0,83,4.7,21.8,3.5,15.9,1.2,5.9,0,0,0,2.9,2.9,3.5,2.9,0,0.6,3.5,12.9,70,110,vincega01
Devon Hall,24,OKC,PG,11,0,81,3.6,18,2.4,10.2,1.2,7.8,2.4,4.8,1.2,3,4.2,7.8,2.4,0.6,3,3.6,12,74,110,hallde01
Talen Horton-Tucker,19,LAL,SG,6,1,81,8.2,17.6,2.3,7.6,5.9,10,1.2,2.3,1.2,2.9,4.1,3.5,4.7,0.6,3.5,5.9,20,97,103,hortota01
Jerian Grant,27,WAS,SG,6,0,80,5.8,15.8,1.2,4.7,4.7,11.1,2.9,4.1,1.2,2.3,3.5,5.3,0.6,0.6,1.8,6.4,15.8,99,120,grantje02
J.R. Smith,34,LAL,SG,6,0,79,4.2,13.2,0.6,6.6,3.6,6.6,1.2,1.2,0,3,3,1.8,0.6,0,2.4,3,10.2,72,113,smithjr01
Quinndary Weatherspoon,23,SAS,SG,11,0,78,3.1,10.4,0.6,3.1,2.5,7.4,0.6,1.2,0.6,3.7,4.3,6.7,1.8,0.6,3.1,4.9,7.4,77,115,weathqu01
Amile Jefferson,26,ORL,PF,18,0,74,3.3,9.2,0,0,3.3,9.2,3.3,9.2,6.6,8.6,15.1,2.6,0.7,2,2,4.6,9.9,95,110,jeffeam01
Dean Wade,23,CLE,PF,12,0,71,6.2,8.9,1.4,2.7,4.8,6.2,0,0.7,2.1,11,13,1.4,1.4,2.7,2.1,5.5,13.7,122,111,wadede01
Mfiondu Kabengele,22,LAC,C,12,0,64,10.3,23.6,6.6,14.8,3.7,8.9,3.7,3.7,0.7,7.4,8.1,1.5,1.5,1.5,1.5,6.6,31,119,107,kabenmf01
Louis King,20,DET,SF,10,0,62,6.3,16.7,3.2,8.7,3.2,7.9,0,2.4,0.8,7.1,7.9,4,1.6,0,1.6,7.9,15.9,93,113,kinglo02
Vic Law,24,ORL,PF,8,0,62,4.7,14.1,0.8,5.5,3.9,8.6,1.6,4.7,1.6,7.1,8.6,2.4,1.6,0,1.6,4.7,11.8,79,111,lawvi01
Khyri Thomas,23,DET,SG,8,0,61,4,13.7,4,11.3,0,2.4,1.6,3.2,0.8,0,0.8,2.4,2.4,0,2.4,7.3,13.7,88,116,thomakh01
Chandler Parsons,31,ATL,PF,5,0,54,4.3,15.5,3.5,12.1,0.9,3.5,0,0,0.9,5.2,6,2.6,3.5,0.9,2.6,2.6,12.1,77,112,parsoch01
Tyler Cook,22,TOT,PF,13,0,54,7.2,10.9,0,0,7.2,10.9,6.3,7.2,5.4,7.2,12.7,0.9,2.7,0,2.7,4.5,20.8,135,112,cookty01
Jordan Bone,22,DET,PG,10,0,53,4.6,18.6,1.9,9.3,2.8,9.3,0,0,0,3.7,3.7,7.4,0.9,0,1.9,5.6,11.1,76,117,bonejo01
Ignas Brazdeikis,21,NYK,SF,9,0,53,5.5,20.2,0.9,8.3,4.6,11.9,3.7,4.6,1.8,2.8,4.6,3.7,0,0.9,1.8,2.8,15.6,82,119,brazdig01
Jarrod Uthoff,26,TOT,PF,7,0,53,6.2,15.9,2.6,7.9,3.5,7.9,1.8,1.8,1.8,3.5,5.3,0,0.9,0,0,1.8,16.8,105,119,uthofja01
Kevin Hervey,23,OKC,PF,10,0,52,6.5,25.2,2.8,18.7,3.7,6.5,0,0,0.9,10.3,11.2,4.7,0.9,0.9,0,3.7,15.9,78,109,herveke01
Zylan Cheatham,24,NOP,PF,4,0,51,5.4,8.2,0,0.9,5.4,7.3,0,0,2.7,5.4,8.2,2.7,0.9,0.9,3.6,9.1,10.9,103,114,cheatzy01
Nigel Williams-Goss,25,UTA,PG,10,0,50,4.9,15.6,1.9,6.8,2.9,8.8,1.9,1.9,1.9,3.9,5.8,5.8,2.9,1,2.9,5.8,13.6,92,108,willini01
Joakim Noah,34,LAC,C,5,0,50,3.8,7.6,0,0,3.8,7.6,5.7,7.6,4.7,10.4,15.1,6.6,0.9,0.9,5.7,8.5,13.2,107,107,noahjo01
Justin Robinson,22,WAS,PG,9,0,49,4.8,11.4,2.9,4.8,1.9,6.7,0,0,1,3.8,4.8,6.7,0,1,2.9,1.9,12.4,105,120,robinju01
Luka Šamanić,20,SAS,PF,3,1,48,5,15.9,3,8,2,8,3,4,1,9,10,6,0,2,2,6,15.9,98,115,samanlu01
Naz Mitrou-Long,26,IND,SG,5,0,47,6.2,17.5,2.1,12.4,4.1,5.2,0,0,0,7.2,7.2,8.3,1,1,3.1,2.1,14.5,87,109,mitrona01
Jonah Bolden,24,TOT,C,7,0,47,4.1,11.2,0,4.1,4.1,7.1,2,4.1,3,6.1,9.1,0,3,2,2,10.1,10.1,80,106,boldejo01
Antonius Cleveland,25,DAL,SG,11,0,46,4.2,14.7,0,3.2,4.2,11.6,3.2,5.3,2.1,5.3,7.4,1.1,1.1,3.2,2.1,8.4,11.6,74,110,clevean01
Jarred Vanderbilt,20,TOT,PF,11,0,46,5.3,8.5,0,1.1,5.3,7.5,2.1,2.1,3.2,6.4,9.6,2.1,3.2,1.1,7.5,6.4,12.8,81,108,vandeja01
Vlatko Čančar,22,DEN,PF,14,0,45,6.6,16.5,1.1,6.6,5.5,9.9,4.4,4.4,5.5,5.5,11,3.3,1.1,1.1,3.3,7.7,18.7,106,113,cancavl01
Justin Wright-Foreman,22,UTA,PG,4,0,45,7.6,21.6,2.2,10.8,5.4,10.8,3.2,4.3,0,5.4,5.4,7.6,2.2,0,3.2,5.4,20.5,93,110,wrighju02
Udonis Haslem,39,MIA,C,4,1,44,4.4,12.2,1.1,3.3,3.3,8.9,3.3,4.4,1.1,16.6,17.7,1.1,0,0,1.1,6.7,13.3,97,109,hasleud01
Jeremy Pargo,33,GSW,PG,3,0,44,12,23.9,3.3,7.6,8.7,16.3,0,1.1,1.1,2.2,3.3,8.7,1.1,0,4.4,8.7,27.2,103,119,pargoje01
Johnathan Motley,24,LAC,PF,13,0,41,12.7,17.3,1.2,1.2,11.5,16.1,5.8,8.1,3.5,8.1,11.5,9.2,3.5,0,5.8,6.9,32.3,132,104,motlejo01
Zach Norvell,22,TOT,SG,5,0,41,3.5,14,3.5,9.3,0,4.7,1.2,1.2,0,7,7,3.5,2.3,0,3.5,4.7,11.7,74,112,norveza01
Charlie Brown Jr.,22,ATL,SG,10,0,40,7,22.1,3.5,10.5,3.5,11.6,5.8,5.8,2.3,2.3,4.7,2.3,2.3,2.3,3.5,3.5,23.3,93,114,brownch02
Chasson Randle,26,GSW,PG,3,0,40,0,4.8,0,2.4,0,2.4,6,7.2,0,2.4,2.4,6,2.4,0,0,3.6,6,113,116,randlch01
Josh Magette,30,ORL,PG,8,0,38,6.4,19.2,1.3,5.1,5.1,14.1,1.3,2.6,1.3,6.4,7.7,6.4,3.8,1.3,6.4,5.1,15.4,71,105,magetjo01
Sindarius Thornwell,25,NOP,SF,2,0,35,7.9,14.5,2.6,5.3,5.3,9.3,2.6,5.3,0,5.3,5.3,5.3,1.3,1.3,2.6,2.6,21.2,115,113,thornsi01
Moses Brown,20,POR,C,9,0,33,5.8,14.4,0,0,5.8,14.4,4.3,11.6,4.3,15.9,20.2,1.4,1.4,1.4,4.3,10.1,15.9,81,108,brownmo01
Tacko Fall,24,BOS,C,7,0,33,16.1,20.5,0,0,16.1,20.5,1.5,4.4,1.5,20.5,21.9,1.5,1.5,5.9,4.4,10.2,33.6,115,93,fallta01
Corey Brewer,33,SAC,PF,5,0,33,2.9,5.9,0,1.5,2.9,4.4,1.5,4.4,2.9,8.8,11.8,2.9,5.9,0,2.9,10.3,7.4,91,102,breweco01
Joe Chealey,24,CHA,PG,4,0,33,0,10.6,0,6.1,0,4.6,3,3,0,0,0,1.5,6.1,0,3,3,3,29,108,chealjo01
Zhaire Smith,20,PHI,SF,7,0,32,4.5,16.7,0,4.5,4.5,12.1,3,6.1,0,3,3,3,4.5,0,3,6.1,12.1,65,106,smithzh01
Jalen Lecque,19,PHX,SG,5,0,32,5.9,14.8,0,5.9,5.9,8.9,3,3,0,3,3,3,0,0,3,4.4,14.8,86,118,lecquja01
Brian Bowen,21,IND,SF,6,1,31,4.7,15.7,0,3.1,4.7,12.5,0,0,1.6,9.4,11,0,0,1.6,1.6,4.7,9.4,62,109,bowenbr02
Dewan Hernandez,23,TOR,C,6,0,28,8.5,23.8,1.7,3.4,6.8,20.4,5.1,8.5,8.5,15.3,23.8,5.1,1.7,0,5.1,10.2,23.8,95,101,hernade01
Josh Reaves,22,DAL,SF,4,0,28,5.2,15.5,0,3.5,5.2,12.1,3.5,3.5,1.7,3.5,5.2,5.2,0,0,0,8.6,13.8,107,118,reavejo02
Marial Shayok,24,PHI,SG,4,0,28,5.2,20.8,3.5,10.4,1.7,10.4,5.2,6.9,1.7,10.4,12.1,1.7,0,1.7,5.2,6.9,19,75,110,shayoma01
KZ Okpala,20,MIA,PF,5,0,26,5.6,9.4,0,1.9,5.6,7.5,1.9,3.8,1.9,7.5,9.4,1.9,3.8,1.9,1.9,3.8,13.1,110,103,okpalkz01
Luc Mbah a Moute,33,HOU,PF,3,0,25,3.7,9.3,0,3.7,3.7,5.6,1.9,3.7,1.9,1.9,3.7,0,3.7,0,1.9,0,9.3,82,110,mbahalu01
Justin Patton,22,OKC,C,5,0,24,8.1,20.2,2,8.1,6.1,12.1,0,0,2,8.1,10.1,4,0,0,4,8.1,18.2,86,113,pattoju01
Josh Gray,26,NOP,PG,2,0,23,2,4,0,0,2,4,0,0,2,2,4,4,0,0,10.1,2,4,47,119,grayjo01
Kostas Antetokounmpo,22,LAL,PF,5,0,20,7.1,7.1,0,0,7.1,7.1,2.4,4.8,4.8,2.4,7.1,4.8,0,0,2.4,4.8,16.6,153,115,antetko01
Matt Mooney,23,CLE,SG,4,0,19,2.6,10.2,0,5.1,2.6,5.1,0,0,0,7.7,7.7,2.6,5.1,2.6,0,2.6,5.1,69,104,moonema01
Eric Mika,25,SAC,C,1,0,19,5.1,7.7,0,0,5.1,7.7,5.1,5.1,5.1,12.8,17.9,0,0,0,0,12.8,15.3,173,113,mikaer01
Henry Ellenson,23,BKN,C,5,0,15,3.2,22.1,0,12.6,3.2,9.5,0,0,6.3,12.6,18.9,3.2,0,0,0,3.2,6.3,60,111,ellenhe01
Stanton Kidd,27,UTA,SG,4,0,15,0,9.7,0,3.2,0,6.5,0,0,0,9.7,9.7,3.2,0,0,6.5,9.7,0,13,112,kiddst01
Tariq Owens,24,PHX,PF,3,0,15,3.2,15.8,0,6.3,3.2,9.5,6.3,6.3,6.3,3.2,9.5,0,3.2,0,0,3.2,12.6,96,111,owensta01
Daryl Macon,24,MIA,PG,4,0,14,3.5,10.5,3.5,7,0,3.5,0,0,0,0,0,3.5,0,0,7,3.5,10.5,65,118,maconda01
Ryan Anderson,31,HOU,C,2,0,14,6.6,23.1,3.3,16.5,3.3,6.6,0,0,0,23.1,23.1,6.6,3.3,0,3.3,3.3,16.5,78,98,anderry01
Kyle Alexander,23,MIA,C,2,0,13,3.8,7.5,0,0,3.8,7.5,0,0,7.5,3.8,11.3,0,0,0,3.8,3.8,7.5,96,116,alexaky01
Dusty Hannahs,26,MEM,SG,2,0,13,14.4,32.3,7.2,10.8,7.2,21.5,7.2,7.2,0,3.6,3.6,0,0,0,0,3.6,43.1,120,117,hannadu01
William Howard,26,HOU,PF,2,0,13,0,14.2,0,14.2,0,0,0,0,0,7.1,7.1,3.6,0,0,3.6,3.6,0,14,115,howarwi01
Shamorie Ponds,21,TOR,PG,4,0,11,13,21.6,4.3,8.6,8.6,13,8.6,8.6,0,4.3,4.3,8.6,0,4.3,0,8.6,38.9,164,107,pondssh01
Isaiah Roby,21,OKC,PF,3,0,11,0,4.4,0,0,0,4.4,0,0,0,8.8,8.8,0,0,0,4.4,4.4,0,0,113,robyis01
Kyle Guy,22,SAC,SG,3,0,10,9.7,24.3,0,14.6,9.7,9.7,0,0,0,4.9,4.9,4.9,0,0,0,4.9,19.4,92,118,guyky01
Devontae Cacok,23,LAL,C,1,0,9,15.8,31.7,0,0,15.8,31.7,0,0,10.6,15.8,26.4,5.3,0,0,0,0,31.7,122,107,cacokde01
Jared Harper,22,PHX,PG,3,0,8,5.9,23.7,0,11.8,5.9,11.8,0,0,0,0,0,0,0,0,0,0,11.8,54,120,harpeja01
Max Strus,23,CHI,SF,2,0,6,16.1,24.1,0,8,16.1,16.1,8,8,8,0,8,0,0,0,0,8,40.1,153,119,strusma01
Jamal Crawford,39,BKN,SG,1,0,6,15.8,31.5,7.9,15.8,7.9,15.8,0,0,0,0,0,23.7,0,0,0,7.9,39.4,155,118,crawfja01
Tyler Zeller,30,SAS,C,2,0,4,11.9,47.8,0,0,11.9,47.8,0,0,35.8,11.9,47.8,0,0,0,0,0,23.9,95,116,zellety01
Malik Newman,22,CLE,SG,1,0,4,0,24.3,0,12.2,0,12.2,24.3,24.3,0,0,0,0,0,0,12.2,0,24.3,58,123,newmama01
Marques Bolden,21,CLE,C,1,0,3,0,0,0,0,0,0,0,0,0,32.4,32.4,0,16.2,0,0,16.2,0,0,69,boldema01
J.P. Macura,24,CLE,SG,1,0,1,0,0,0,0,0,0,0,0,0,0,0,0,0,0,0,0,0,0,123,macurjp01
