Rack,Player,Age,Team,Pos,G,GS,MP,FG,FGA,FG%,3P,3PA,3P%,2P,2PA,2P%,eFG%,FT,FTA,FT%,ORB,DRB,TRB,AST,STL,BLK,TOV,PF,PTS,Awards,Player-additional
1,Joel Embiid,28,PHI,C,66,66,34.6,11.0,20.1,.548,1.0,3.0,.330,10.0,17.1,.587,.573,10.0,11.7,.857,1.7,8.4,10.2,4.2,1.0,1.7,3.4,3.1,33.1,MVP-1DPOY-9CPOY-5ASNBA1,embiijo01
2,Luka Dončić,23,DAL,PG,66,66,36.2,10.9,22.0,.496,2.8,8.2,.342,8.1,13.8,.588,.560,7.8,10.5,.742,0.8,7.8,8.6,8.0,1.4,0.5,3.6,2.5,32.4,MVP-8CPOY-8ASNBA1,doncilu01
3,Damian Lillard,32,POR,PG,58,58,36.3,9.6,20.7,.463,4.2,11.3,.371,5.4,9.4,.574,.564,8.8,9.6,.914,0.8,4.0,4.8,7.3,0.9,0.3,3.3,1.9,32.2,CPOY-10ASNBA3,lillada01
4,Shai Gilgeous-Alexander,24,OKC,PG,68,68,35.5,10.4,20.3,.510,0.9,2.5,.345,9.5,17.8,.533,.531,9.8,10.9,.905,0.9,4.0,4.8,5.5,1.6,1.0,2.8,2.8,31.4,MVP-5CPOY-7ASNBA1,gilgesh01
5,Giannis Antetokounmpo,28,MIL,PF,63,63,32.1,11.2,20.3,.553,0.7,2.7,.275,10.5,17.6,.596,.572,7.9,12.3,.645,2.2,9.6,11.8,5.7,0.8,0.8,3.9,3.1,31.1,MVP-3DPOY-6ASNBA1,antetgi01
6,Jayson Tatum,24,BOS,SF,74,74,36.9,9.8,21.1,.466,3.2,9.3,.350,6.6,11.8,.558,.543,7.2,8.4,.854,1.1,7.7,8.8,4.6,1.1,0.7,2.9,2.2,30.1,MVP-4CPOY-10ASNBA1,tatumja01
7,Stephen Curry,34,GSW,PG,56,56,34.7,10.0,20.2,.493,4.9,11.4,.427,5.1,8.8,.579,.614,4.6,5.0,.915,0.7,5.4,6.1,6.3,0.9,0.4,3.2,2.1,29.4,MVP-9CPOY-9ASNBA2,curryst01
8,Kevin Durant,34,2TM,PF,47,47,35.6,10.3,18.3,.560,2.0,4.9,.404,8.3,13.4,.617,.614,6.5,7.1,.919,0.4,6.3,6.7,5.0,0.7,1.4,3.3,2.1,29.1,AS,duranke01
9,LeBron James,38,LAL,PF,55,54,35.5,11.1,22.2,.500,2.2,6.9,.321,8.9,15.3,.580,.549,4.6,5.9,.768,1.2,7.1,8.3,6.8,0.9,0.6,3.2,1.6,28.9,ASNBA3,jamesle01
10,Donovan Mitchell,26,CLE,SG,68,68,35.8,10.0,20.6,.484,3.6,9.3,.386,6.4,11.3,.566,.572,4.7,5.4,.867,0.9,3.3,4.3,4.4,1.5,0.4,2.6,2.5,28.3,MVP-6CPOY-6ASNBA2,mitchdo01
11,Devin Booker,26,PHO,SG,53,53,34.6,9.9,20.1,.494,2.1,6.0,.351,7.8,14.2,.554,.546,5.8,6.8,.855,0.9,3.7,4.5,5.5,1.0,0.3,2.7,3.0,27.8,,bookede01
12,Kyrie Irving,30,2TM,SG,60,60,37.4,9.9,20.1,.494,3.1,8.3,.379,6.8,11.8,.574,.572,4.1,4.6,.905,1.0,4.1,5.1,5.5,1.1,0.8,2.1,2.8,27.1,CPOY-12AS,irvinky01
13,Jaylen Brown,26,BOS,SF,67,67,35.9,10.1,20.6,.491,2.4,7.3,.335,7.7,13.4,.576,.550,3.9,5.1,.765,1.2,5.7,6.9,3.5,1.1,0.4,2.9,2.6,26.6,ASNBA2,brownja02
14,Ja Morant,23,MEM,PG,61,59,31.9,9.3,19.9,.466,1.5,4.9,.307,7.8,15.0,.519,.504,6.1,8.1,.748,1.0,4.9,5.9,8.1,1.1,0.3,3.4,1.6,26.2,MVP-12AS,moranja01
15,Trae Young,24,ATL,PG,73,73,34.8,8.2,19.0,.429,2.1,6.3,.335,6.1,12.7,.476,.485,7.8,8.8,.886,0.8,2.2,3.0,10.2,1.1,0.1,4.1,1.4,26.2,,youngtr01
16,Zion Williamson,22,NOP,PF,29,29,33.0,9.8,16.2,.608,0.2,0.7,.368,9.6,15.5,.618,.615,6.1,8.6,.714,2.0,5.0,7.0,4.6,1.1,0.6,3.4,2.2,26.0,AS,willizi01
17,Anthony Davis,29,LAL,C,56,54,34.0,9.7,17.2,.563,0.3,1.3,.257,9.3,15.9,.589,.573,6.2,7.9,.784,3.5,9.1,12.5,2.6,1.1,2.0,2.2,2.6,25.9,,davisan02
18,Lauri Markkanen,25,UTA,PF,66,66,34.4,8.7,17.3,.499,3.0,7.7,.391,5.6,9.6,.585,.586,5.3,6.0,.875,2.0,6.7,8.6,1.9,0.6,0.6,1.9,2.1,25.6,MIP-1AS,markkla01
19,Julius Randle,28,NYK,PF,77,77,35.5,8.5,18.6,.459,2.8,8.3,.343,5.7,10.3,.553,.536,5.2,6.9,.757,1.8,8.1,10.0,4.1,0.6,0.3,2.8,3.0,25.1,CPOY-14ASNBA3,randlju01
20,De'Aaron Fox,25,SAC,PG,73,73,33.4,9.3,18.2,.512,1.6,5.0,.324,7.7,13.2,.584,.557,4.7,6.0,.780,0.5,3.6,4.2,6.1,1.1,0.3,2.5,2.4,25.0,MVP-11CPOY-1ASNBA3,foxde01
21,Zach LaVine,27,CHI,SG,77,77,35.9,8.7,18.0,.485,2.6,7.1,.375,6.1,11.0,.556,.558,4.7,5.6,.848,0.5,3.9,4.5,4.2,0.9,0.2,2.5,2.1,24.8,,lavinza01
22,Brandon Ingram,25,NOP,SF,45,45,34.2,9.0,18.6,.484,1.4,3.6,.390,7.6,14.9,.507,.522,5.3,6.0,.882,0.5,5.0,5.5,5.8,0.7,0.4,3.3,2.6,24.7,,ingrabr01
23,Anthony Edwards,21,MIN,SG,79,79,36.0,8.9,19.5,.459,2.7,7.3,.369,6.3,12.2,.513,.528,4.0,5.3,.756,0.6,5.2,5.8,4.4,1.6,0.7,3.3,2.4,24.6,AS,edwaran01
24,DeMar DeRozan,33,CHI,SF,74,74,36.2,8.9,17.6,.504,0.6,1.9,.324,8.3,15.7,.526,.522,6.2,7.1,.872,0.5,4.2,4.6,5.1,1.1,0.5,2.1,2.5,24.5,CPOY-3AS,derozde01
25,Nikola Jokić,27,DEN,C,69,69,33.7,9.4,14.8,.632,0.8,2.2,.383,8.5,12.7,.675,.660,4.9,6.0,.822,2.4,9.4,11.8,9.8,1.3,0.7,3.6,2.5,24.5,MVP-2CPOY-13ASNBA2,jokicni01
26,Pascal Siakam,28,TOR,PF,71,71,37.4,8.9,18.5,.480,1.3,4.0,.324,7.6,14.5,.523,.515,5.2,6.7,.774,1.8,6.0,7.8,5.8,0.9,0.5,2.4,3.2,24.2,AS,siakapa01
27,Jalen Brunson,26,NYK,PG,68,68,35.0,8.6,17.6,.491,2.0,4.7,.416,6.7,12.8,.519,.547,4.8,5.8,.829,0.6,3.0,3.5,6.2,0.9,0.2,2.1,2.2,24.0,MVP-12CPOY-4,brunsja01
28,Paul George,32,LAC,SF,56,56,34.6,8.2,17.9,.457,2.8,7.6,.371,5.4,10.3,.521,.536,4.6,5.3,.871,0.8,5.3,6.1,5.1,1.5,0.4,3.1,2.8,23.8,AS,georgpa01
29,Kawhi Leonard,31,LAC,SF,52,50,33.6,8.6,16.8,.512,2.0,4.8,.416,6.6,11.9,.551,.572,4.7,5.4,.871,1.1,5.4,6.5,3.9,1.4,0.5,1.7,1.6,23.8,,leonaka01
30,LaMelo Ball,21,CHO,PG,36,36,35.2,8.2,20.0,.411,4.0,10.6,.376,4.2,9.4,.450,.510,2.8,3.4,.836,1.2,5.3,6.4,8.4,1.3,0.3,3.6,3.3,23.3,,ballla01
31,Bradley Beal,29,WAS,SG,50,50,33.5,8.9,17.6,.506,1.6,4.4,.365,7.3,13.2,.552,.551,3.8,4.6,.842,0.8,3.1,3.9,5.4,0.9,0.7,2.9,2.1,23.2,,bealbr01
32,Kristaps Porziņģis,27,WAS,C,65,65,32.6,7.8,15.7,.498,2.1,5.5,.385,5.7,10.2,.559,.565,5.4,6.4,.851,1.8,6.6,8.4,2.7,0.9,1.5,2.1,3.0,23.2,,porzikr01
33,Jimmy Butler,33,MIA,PF,64,64,33.4,7.5,13.9,.539,0.6,1.6,.350,6.9,12.3,.564,.560,7.4,8.7,.850,2.2,3.7,5.9,5.3,1.8,0.3,1.6,1.3,22.9,MVP-10DPOY-12CPOY-2NBA2,butleji01
34,Jalen Green,20,HOU,SG,76,76,34.2,7.4,17.9,.416,2.5,7.3,.338,5.0,10.6,.471,.485,4.8,6.1,.786,0.6,3.2,3.7,3.7,0.8,0.2,2.6,1.7,22.1,,greenja05
35,Keldon Johnson,23,SAS,SF,63,63,32.7,8.0,17.7,.452,2.1,6.5,.329,5.9,11.2,.523,.512,3.9,5.2,.749,0.9,4.2,5.0,2.9,0.7,0.2,2.1,2.0,22.0,,johnske04
36,Klay Thompson,32,GSW,SF,69,69,33.0,7.9,18.1,.436,4.4,10.6,.412,3.6,7.6,.470,.556,1.7,1.9,.879,0.6,3.6,4.1,2.4,0.7,0.4,1.8,1.9,21.9,,thompkl01
37,Bojan Bogdanović,33,DET,PF,59,59,32.1,7.3,14.9,.488,2.5,6.0,.411,4.8,9.0,.539,.570,4.5,5.1,.884,0.6,3.2,3.8,2.6,0.6,0.1,2.3,1.9,21.6,,bogdabo02
38,Darius Garland,23,CLE,PG,69,69,35.5,7.6,16.4,.462,2.4,6.0,.410,5.1,10.4,.492,.537,4.0,4.7,.863,0.4,2.3,2.7,7.8,1.2,0.1,2.9,2.1,21.6,,garlada01
39,Desmond Bane,24,MEM,SG,58,58,31.7,7.8,16.2,.479,2.9,7.0,.408,4.9,9.2,.534,.568,3.1,3.5,.883,0.7,4.3,5.0,4.4,1.0,0.4,2.2,2.6,21.5,,banede01
40,Kyle Kuzma,27,WAS,PF,64,64,35.0,8.0,17.8,.448,2.5,7.5,.333,5.5,10.3,.533,.518,2.7,3.7,.730,0.9,6.4,7.2,3.7,0.6,0.5,3.0,2.3,21.2,,kuzmaky01
41,Terry Rozier,28,CHO,SG,63,63,35.3,7.8,18.9,.415,2.6,8.0,.327,5.2,10.8,.480,.484,2.8,3.5,.809,0.8,3.3,4.1,5.1,1.2,0.3,2.1,1.9,21.1,,roziete01
42,Anfernee Simons,23,POR,SG,62,62,35.0,7.5,16.9,.447,3.4,9.1,.377,4.1,7.8,.528,.548,2.6,2.9,.894,0.3,2.3,2.6,4.1,0.7,0.2,2.1,2.3,21.1,,simonan01
43,James Harden,33,PHI,PG,58,58,36.8,6.4,14.5,.441,2.8,7.2,.385,3.6,7.3,.495,.536,5.4,6.2,.867,0.7,5.4,6.1,10.7,1.2,0.5,3.4,1.9,21.0,,hardeja01
44,CJ McCollum,31,NOP,PG,75,75,35.3,7.8,17.9,.437,2.8,7.2,.389,5.0,10.7,.469,.515,2.4,3.2,.769,0.7,3.6,4.4,5.7,0.9,0.5,2.4,2.0,20.9,,mccolcj01
45,Jordan Clarkson,30,UTA,SG,61,61,32.6,7.5,16.9,.444,2.5,7.5,.338,5.0,9.4,.530,.519,3.3,4.0,.816,1.2,2.9,4.0,4.4,0.5,0.2,3.0,2.0,20.8,,clarkjo01
46,Karl-Anthony Towns,27,MIN,PF,29,29,33.0,7.3,14.8,.495,2.1,5.7,.366,5.2,9.1,.576,.565,4.1,4.7,.874,1.7,6.5,8.1,4.8,0.7,0.6,3.0,3.8,20.8,,townska01
47,Tyrese Haliburton,22,IND,PG,56,56,33.6,7.4,15.0,.490,2.9,7.2,.400,4.5,7.8,.572,.586,3.1,3.6,.871,0.6,3.1,3.7,10.4,1.6,0.4,2.5,1.2,20.7,AS,halibty01
48,Jerami Grant,28,POR,PF,63,63,35.7,6.9,14.5,.475,2.3,5.7,.401,4.6,8.8,.523,.554,4.4,5.4,.813,0.8,3.7,4.5,2.4,0.8,0.8,1.8,2.4,20.5,,grantje01
49,Dejounte Murray,26,ATL,SG,74,74,36.4,8.3,17.8,.464,1.8,5.2,.344,6.5,12.6,.514,.514,2.1,2.6,.832,0.7,4.5,5.3,6.1,1.5,0.3,2.2,1.4,20.5,,murrade01
50,Bam Adebayo,25,MIA,C,75,75,34.6,8.0,14.9,.540,0.0,0.2,.083,8.0,14.7,.545,.541,4.3,5.4,.806,2.5,6.7,9.2,3.2,1.2,0.8,2.5,2.8,20.4,DPOY-5ASDEF2,adebaba01
51,Jordan Poole,23,GSW,PG,82,43,30.0,6.7,15.6,.430,2.6,7.8,.336,4.1,7.8,.524,.514,4.4,5.1,.870,0.4,2.4,2.7,4.5,0.8,0.3,3.1,2.6,20.4,,poolejo01
52,Tyrese Maxey,22,PHI,SG,60,41,33.6,7.3,15.2,.481,2.7,6.2,.434,4.7,9.1,.513,.568,3.0,3.6,.845,0.4,2.6,2.9,3.5,0.8,0.1,1.3,2.2,20.3,,maxeyty01
53,Kelly Oubre Jr.,27,CHO,SF,48,40,32.3,7.4,17.1,.431,2.3,7.1,.319,5.1,10.0,.510,.497,3.3,4.3,.760,1.4,3.8,5.2,1.1,1.4,0.4,1.3,2.9,20.3,,oubreke01
54,Mikal Bridges,26,2TM,SG,83,83,35.7,7.1,15.3,.468,2.0,5.3,.382,5.1,9.9,.514,.535,3.8,4.3,.895,1.0,3.4,4.4,3.3,1.1,0.7,1.5,1.9,20.1,,bridgmi01
55,Tyler Herro,23,MIA,SG,67,67,34.9,7.3,16.6,.439,3.0,8.0,.378,4.2,8.5,.497,.531,2.5,2.7,.934,0.4,5.0,5.4,4.2,0.8,0.2,2.4,1.5,20.1,,herroty01
56,Paolo Banchero,20,ORL,PF,72,72,33.8,6.7,15.6,.427,1.2,4.0,.298,5.5,11.6,.471,.465,5.5,7.4,.738,1.2,5.7,6.9,3.7,0.8,0.5,2.8,2.2,20.0,ROY-1,banchpa01
57,Louis King,23,PHI,PF,1,0,29.0,8.0,13.0,.615,4.0,8.0,.500,4.0,5.0,.800,.769,0.0,1.0,.000,2.0,2.0,4.0,2.0,1.0,0.0,2.0,4.0,20.0,,kinglo02
58,Jamal Murray,25,DEN,PG,65,65,32.8,7.3,16.0,.454,2.6,6.6,.398,4.6,9.4,.494,.537,2.8,3.3,.833,0.7,3.2,4.0,6.2,1.0,0.2,2.2,1.6,20.0,,murraja01
59,Cade Cunningham,21,DET,PG,12,12,33.3,7.8,18.7,.415,1.4,5.1,.279,6.3,13.6,.466,.453,3.0,3.6,.837,1.0,5.2,6.2,6.0,0.8,0.6,3.3,2.8,19.9,,cunnica01
60,RJ Barrett,22,NYK,SG,73,73,33.9,7.0,16.1,.434,1.7,5.3,.310,5.3,10.8,.495,.485,4.0,5.4,.740,0.8,4.2,5.0,2.8,0.4,0.2,2.2,2.5,19.6,,barrerj01
61,Jrue Holiday,32,MIL,PG,67,65,32.6,7.3,15.3,.479,2.4,6.1,.384,5.0,9.1,.542,.556,2.3,2.6,.859,1.2,3.9,5.1,7.4,1.2,0.4,2.9,1.7,19.3,DPOY-7ASDEF1,holidjr01
62,Fred VanVleet,28,TOR,PG,69,69,36.7,6.3,16.1,.393,3.0,8.8,.342,3.3,7.3,.455,.486,3.7,4.1,.898,0.4,3.6,4.1,7.2,1.8,0.6,2.0,2.8,19.3,,vanvlfr01
63,Kevin Porter Jr.,22,HOU,PG,59,59,34.3,6.6,15.0,.442,2.4,6.5,.366,4.2,8.5,.501,.522,3.5,4.5,.784,1.3,4.0,5.3,5.7,1.4,0.3,3.2,2.6,19.2,,porteke02
64,Domantas Sabonis,26,SAC,C,79,79,34.6,7.3,11.9,.615,0.4,1.1,.373,6.9,10.8,.639,.632,4.1,5.5,.742,3.2,9.1,12.3,7.3,0.8,0.5,2.9,3.5,19.1,MVP-7ASNBA3,sabondo01
65,Jaren Jackson Jr.,23,MEM,C,63,63,28.4,6.6,13.0,.506,1.6,4.5,.355,5.0,8.6,.585,.567,3.8,4.9,.788,1.7,5.0,6.8,1.0,1.0,3.0,1.7,3.6,18.6,DPOY-1ASDEF1,jacksja02
66,Franz Wagner,21,ORL,SF,80,80,32.6,6.8,14.0,.485,1.6,4.5,.361,5.2,9.5,.544,.543,3.4,4.0,.842,0.9,3.2,4.1,3.5,1.0,0.2,2.1,2.3,18.6,,wagnefr01
67,Devin Vassell,22,SAS,SG,38,32,31.0,6.9,15.7,.439,2.7,7.0,.387,4.2,8.7,.480,.525,2.1,2.6,.780,0.2,3.7,3.9,3.6,1.1,0.4,1.5,1.5,18.5,,vassede01
68,Deandre Ayton,24,PHO,C,67,67,30.4,7.8,13.2,.589,0.1,0.4,.292,7.7,12.9,.597,.592,2.3,3.0,.760,2.6,7.4,10.0,1.7,0.6,0.8,1.8,2.8,18.0,,aytonde01
69,Myles Turner,26,IND,C,62,62,29.4,6.5,11.8,.548,1.5,4.0,.373,5.0,7.8,.638,.612,3.5,4.5,.783,1.4,6.1,7.5,1.4,0.6,2.3,1.7,3.5,18.0,,turnemy01
70,D'Angelo Russell,26,2TM,PG,71,71,32.5,6.3,13.4,.469,2.7,6.9,.396,3.5,6.5,.548,.572,2.5,3.0,.829,0.5,2.5,3.0,6.2,1.0,0.4,2.6,2.0,17.8,,russeda01
71,Nikola Vučević,32,CHI,C,82,82,33.5,7.3,14.0,.520,1.5,4.2,.349,5.8,9.8,.594,.573,1.6,1.9,.835,1.9,9.1,11.0,3.2,0.7,0.7,1.7,2.2,17.6,,vucevni01
72,Michael Porter Jr.,24,DEN,SF,62,62,29.0,6.4,13.2,.487,3.0,7.3,.414,3.4,5.9,.579,.602,1.5,1.9,.800,1.0,4.5,5.5,1.0,0.6,0.5,1.1,1.9,17.4,,portemi01
73,Gary Trent Jr.,24,TOR,SG,66,44,32.1,6.1,14.2,.433,2.5,6.8,.369,3.6,7.3,.493,.522,2.6,3.1,.839,0.5,2.2,2.6,1.6,1.6,0.2,0.8,1.5,17.4,,trentga02
74,Spencer Dinwiddie,29,2TM,SG,79,79,34.5,5.8,13.3,.438,2.3,6.2,.369,3.5,7.1,.498,.524,3.4,4.2,.812,0.4,3.1,3.4,6.5,0.8,0.3,1.8,2.4,17.3,,dinwisp01
75,Andrew Wiggins,27,GSW,SF,37,37,32.2,6.8,14.3,.473,2.4,6.1,.396,4.4,8.2,.530,.557,1.2,1.9,.611,1.6,3.4,5.0,2.3,1.2,0.8,1.3,2.9,17.1,,wiggian01
76,Norman Powell,29,LAC,SG,60,8,26.1,5.7,11.8,.479,1.9,4.8,.397,3.8,7.1,.534,.559,3.8,4.6,.812,0.4,2.5,2.9,1.8,0.8,0.3,1.7,2.1,17.0,6MOY-4,powelno01
77,OG Anunoby,25,TOR,SF,67,67,35.6,6.3,13.2,.476,2.1,5.5,.387,4.2,7.7,.539,.556,2.1,2.5,.838,1.4,3.5,5.0,2.0,1.9,0.7,2.0,3.0,16.8,DPOY-7DEF2,anunoog01
78,Buddy Hield,30,IND,SF,80,73,31.0,5.9,13.0,.458,3.6,8.5,.425,2.3,4.5,.518,.596,1.3,1.6,.822,0.8,4.2,5.0,2.8,1.2,0.3,1.7,2.0,16.8,,hieldbu01
79,Bennedict Mathurin,20,IND,SG,78,17,28.5,5.3,12.2,.434,1.3,4.0,.323,4.0,8.2,.488,.487,4.8,5.8,.828,1.1,3.0,4.1,1.5,0.6,0.2,1.9,2.1,16.7,ROY-46MOY-8,mathube01
80,Josh Giddey,20,OKC,PF,76,76,31.1,7.1,14.7,.482,1.0,3.1,.325,6.1,11.6,.524,.516,1.4,1.9,.731,1.9,5.9,7.9,6.2,0.8,0.4,2.8,1.9,16.6,,giddejo01
81,Christian Wood,27,DAL,C,67,17,25.9,5.9,11.5,.515,1.6,4.2,.376,4.3,7.3,.594,.583,3.2,4.2,.772,1.3,6.0,7.3,1.8,0.4,1.1,1.8,2.5,16.6,6MOY-9,woodch01
82,Aaron Gordon,27,DEN,PF,68,68,30.2,6.3,11.2,.564,0.9,2.5,.347,5.4,8.6,.628,.603,2.8,4.6,.608,2.4,4.1,6.6,3.0,0.8,0.8,1.4,1.9,16.3,,gordoaa01
83,Jaden Ivey,20,DET,SG,74,73,31.1,5.5,13.3,.416,1.6,4.7,.343,3.9,8.6,.457,.477,3.6,4.8,.747,1.0,2.9,3.9,5.2,0.8,0.2,3.2,3.3,16.3,ROY-6,iveyja01
84,Evan Mobley,21,CLE,PF,79,79,34.4,6.6,12.0,.554,0.3,1.3,.216,6.4,10.7,.595,.566,2.6,3.8,.674,2.4,6.6,9.0,2.8,0.8,1.5,1.8,2.8,16.2,DPOY-3DEF1,mobleev01
85,RaiQuan Gray,23,BRK,PF,1,0,35.0,6.0,12.0,.500,2.0,5.0,.400,4.0,7.0,.571,.583,2.0,2.0,1.000,3.0,6.0,9.0,7.0,0.0,1.0,4.0,5.0,16.0,,grayra01
86,Brook Lopez,34,MIL,C,78,78,30.4,6.1,11.5,.531,1.7,4.7,.374,4.4,6.9,.637,.606,1.9,2.4,.784,2.0,4.7,6.7,1.3,0.5,2.5,1.4,2.6,15.9,DPOY-2DEF1,lopezbr01
87,Russell Westbrook,34,2TM,PG,73,24,29.1,5.9,13.6,.436,1.2,3.9,.311,4.7,9.7,.487,.481,2.8,4.3,.656,1.2,4.6,5.8,7.5,1.0,0.5,3.5,2.2,15.9,6MOY-9,westbru01
88,P.J. Washington,24,CHO,PF,73,73,32.6,5.9,13.4,.444,2.0,5.9,.348,3.9,7.5,.518,.520,1.7,2.4,.730,1.0,3.9,4.9,2.4,0.9,1.1,1.5,2.6,15.7,,washipj01
89,Cameron Johnson,26,2TM,PF,42,41,28.5,5.3,11.3,.470,2.5,6.1,.404,2.9,5.2,.548,.579,2.4,2.9,.842,0.8,3.6,4.4,1.9,1.2,0.3,0.9,2.0,15.5,,johnsca02
90,De'Andre Hunter,25,ATL,SF,67,67,31.7,5.7,12.3,.461,1.5,4.3,.350,4.2,8.0,.521,.522,2.6,3.1,.826,0.7,3.6,4.2,1.4,0.5,0.3,1.2,3.0,15.4,,huntede01
91,Scottie Barnes,21,TOR,SF,77,76,34.8,6.0,13.2,.456,0.8,2.9,.281,5.2,10.3,.505,.487,2.5,3.2,.772,2.3,4.3,6.6,4.8,1.1,0.8,2.0,2.2,15.3,,barnesc01
92,Skylar Mays,25,POR,PG,6,6,31.5,5.7,11.3,.500,2.0,4.3,.462,3.7,7.0,.524,.588,2.0,2.2,.923,0.3,2.8,3.2,8.3,1.0,0.2,1.7,1.8,15.3,,mayssk01
93,Wendell Carter Jr.,23,ORL,C,57,54,29.6,5.6,10.8,.525,1.4,3.9,.356,4.2,6.8,.624,.591,2.5,3.4,.738,2.1,6.6,8.7,2.3,0.5,0.6,1.9,2.8,15.2,,cartewe01
94,Kevin Huerter,24,SAC,SG,75,75,29.4,5.6,11.5,.485,2.7,6.8,.402,2.9,4.7,.604,.603,1.3,1.7,.725,0.6,2.8,3.3,2.9,1.1,0.3,1.3,2.4,15.2,,huertke01
95,Khris Middleton,31,MIL,SF,33,19,24.3,5.4,12.3,.436,1.5,4.9,.315,3.8,7.4,.516,.499,2.8,3.1,.902,0.8,3.4,4.2,4.9,0.7,0.2,2.2,2.1,15.1,,middlkh01
96,Harrison Barnes,30,SAC,PF,82,82,32.5,4.6,9.6,.473,1.6,4.3,.374,3.0,5.3,.553,.556,4.3,5.0,.847,1.1,3.4,4.5,1.6,0.7,0.1,1.0,1.3,15.0,,barneha02
97,Malcolm Brogdon,30,BOS,PG,67,0,26.0,5.3,10.9,.484,2.0,4.4,.444,3.3,6.5,.510,.574,2.4,2.7,.870,0.6,3.6,4.2,3.7,0.7,0.3,1.5,1.6,14.9,6MOY-1,brogdma01
98,Immanuel Quickley,23,NYK,SG,81,21,28.9,5.2,11.6,.448,2.1,5.6,.370,3.1,6.0,.521,.537,2.5,3.1,.819,0.7,3.4,4.2,3.4,1.0,0.2,1.2,2.0,14.9,6MOY-2,quickim01
99,Alperen Şengün,20,HOU,C,75,72,28.9,5.9,10.7,.553,0.3,0.8,.333,5.6,9.9,.570,.565,2.7,3.8,.715,3.2,5.8,9.0,3.9,0.9,0.9,2.6,3.4,14.8,,sengual01
100,Tobias Harris,30,PHI,SF,74,74,32.9,5.7,11.4,.501,1.7,4.4,.389,4.0,7.0,.570,.575,1.5,1.7,.876,0.9,4.8,5.7,2.5,0.9,0.5,1.2,2.0,14.7,,harrito02
101,Gordon Hayward,32,CHO,SF,50,50,31.5,5.5,11.6,.475,1.0,3.2,.325,4.5,8.4,.532,.520,2.6,3.2,.811,0.7,3.6,4.3,4.1,0.8,0.2,2.0,1.4,14.7,,haywago01
102,Trey Murphy III,22,NOP,SF,79,65,31.0,4.9,10.1,.484,2.6,6.3,.406,2.3,3.8,.611,.610,2.2,2.4,.905,0.7,2.8,3.6,1.4,1.1,0.5,0.8,2.0,14.5,,murphtr02
103,Tim Hardaway Jr.,30,DAL,SF,71,45,30.3,4.8,11.9,.401,3.0,7.7,.385,1.8,4.2,.431,.527,1.8,2.3,.770,0.3,3.2,3.5,1.8,0.7,0.2,0.8,1.7,14.4,,hardati02
104,Jarrett Allen,24,CLE,C,68,68,32.6,5.9,9.2,.644,0.0,0.1,.100,5.9,9.1,.653,.645,2.4,3.3,.733,3.3,6.5,9.8,1.7,0.8,1.2,1.4,2.3,14.3,,allenja01
105,Dillon Brooks,27,MEM,SF,73,73,30.3,5.4,13.6,.396,2.0,6.0,.326,3.4,7.6,.451,.468,1.6,2.1,.779,0.6,2.7,3.3,2.6,0.9,0.2,1.4,3.3,14.3,DEF2,brookdi01
106,Collin Sexton,24,UTA,PG,48,15,23.9,4.9,9.8,.506,1.0,2.5,.393,3.9,7.2,.546,.558,3.4,4.1,.819,0.8,1.4,2.2,2.9,0.6,0.1,1.8,2.3,14.3,,sextoco01
107,Bobby Portis,27,MIL,PF,70,22,26.0,5.7,11.5,.496,1.4,3.7,.370,4.3,7.8,.555,.555,1.4,1.8,.768,2.2,7.4,9.6,1.5,0.4,0.2,1.2,1.6,14.1,6MOY-3,portibo01
108,Jonas Valančiūnas,30,NOP,C,79,79,24.9,5.6,10.3,.547,0.5,1.4,.349,5.2,8.9,.577,.570,2.3,2.8,.826,2.8,7.3,10.2,1.8,0.3,0.7,2.0,3.1,14.1,,valanjo01
109,Jalen Williams,21,OKC,SG,75,62,30.3,5.5,10.6,.521,1.0,2.7,.356,4.5,7.9,.579,.567,2.1,2.5,.812,1.1,3.4,4.5,3.3,1.4,0.5,1.6,2.5,14.1,ROY-2,willija06
110,Bogdan Bogdanović,30,ATL,SG,54,9,27.9,5.1,11.3,.447,2.7,6.7,.406,2.4,4.6,.506,.566,1.2,1.4,.831,0.4,2.6,3.1,2.8,0.8,0.3,1.2,1.6,14.0,,bogdabo01
111,Markelle Fultz,24,ORL,PG,60,60,29.6,5.8,11.3,.514,0.5,1.5,.310,5.4,9.9,.544,.534,1.9,2.4,.783,1.2,2.8,3.9,5.7,1.5,0.4,2.3,2.2,14.0,,fultzma01
112,Chris Paul,37,PHO,PG,59,59,32.0,5.0,11.3,.440,1.7,4.4,.375,3.3,6.9,.482,.513,2.3,2.7,.831,0.5,3.8,4.3,8.9,1.5,0.4,1.9,2.1,13.9,,paulch01
113,Saddiq Bey,23,2TM,SF,77,37,27.6,4.6,10.9,.422,2.0,5.4,.361,2.6,5.4,.483,.513,2.7,3.1,.861,1.3,3.4,4.7,1.5,0.9,0.2,0.9,1.6,13.8,,beysa01
114,Luguentz Dort,23,OKC,SF,74,73,30.7,4.6,11.8,.388,1.8,5.5,.330,2.8,6.3,.440,.466,2.7,3.5,.772,1.7,2.9,4.6,2.1,1.0,0.3,1.2,3.3,13.7,,dortlu01
115,Malik Monk,24,SAC,SG,77,0,22.3,4.6,10.3,.448,1.9,5.2,.359,2.8,5.2,.538,.538,2.4,2.7,.889,0.4,2.2,2.6,3.9,0.6,0.3,1.9,1.6,13.5,6MOY-5,monkma01
116,Rudy Gobert,30,MIN,C,70,70,30.7,5.1,7.8,.659,0.0,0.0,.000,5.1,7.8,.663,.659,3.1,4.9,.644,3.3,8.3,11.6,1.2,0.8,1.4,1.7,3.0,13.4,,goberru01
117,Jusuf Nurkić,28,POR,C,52,52,26.8,5.0,9.7,.519,0.8,2.3,.361,4.2,7.4,.567,.561,2.4,3.7,.661,2.2,6.9,9.1,2.9,0.8,0.8,2.3,3.6,13.3,,nurkiju01
118,Kris Dunn,28,UTA,PG,22,3,25.8,5.3,9.8,.537,0.8,1.6,.472,4.5,8.2,.550,.576,1.9,2.4,.774,0.4,4.1,4.5,5.6,1.1,0.5,1.6,2.6,13.2,,dunnkr01
119,John Collins,25,ATL,PF,71,71,30.0,5.1,10.0,.508,1.0,3.4,.292,4.1,6.6,.619,.557,2.0,2.5,.803,1.1,5.4,6.5,1.2,0.6,1.0,1.1,3.1,13.1,,collijo01
120,Cole Anthony,22,ORL,PG,60,4,25.9,4.6,10.2,.454,1.3,3.4,.364,3.4,6.7,.500,.516,2.5,2.8,.894,0.8,4.0,4.8,3.9,0.6,0.5,1.5,2.6,13.0,,anthoco01
121,Austin Reaves,24,LAL,SG,64,22,28.8,4.0,7.7,.529,1.3,3.4,.398,2.7,4.3,.631,.616,3.6,4.1,.864,0.5,2.5,3.0,3.4,0.5,0.3,1.5,1.7,13.0,6MOY-7,reaveau01
122,Tre Jones,23,SAS,PG,68,65,29.2,5.0,10.9,.459,0.7,2.3,.285,4.4,8.6,.506,.489,2.2,2.5,.860,0.8,2.8,3.6,6.6,1.3,0.1,1.6,1.4,12.9,,jonestr01
123,Alec Burks,31,DET,SG,51,8,22.0,3.9,9.0,.436,1.9,4.7,.414,2.0,4.3,.459,.544,3.0,3.7,.814,0.4,2.7,3.1,2.2,0.7,0.2,1.1,1.9,12.8,,burksal01
124,Jabari Smith Jr.,19,HOU,PF,79,79,31.0,4.6,11.3,.408,1.5,4.9,.307,3.1,6.3,.487,.475,2.1,2.6,.786,1.5,5.7,7.2,1.3,0.5,0.9,1.3,2.9,12.8,,smithja05
125,Malik Beasley,26,2TM,SG,81,27,25.8,4.6,11.6,.395,2.9,8.1,.357,1.7,3.4,.484,.520,0.6,0.8,.769,0.4,3.1,3.5,1.5,0.8,0.1,1.1,1.3,12.7,,beaslma01
126,KJ Martin,22,HOU,SF,82,49,28.0,5.0,8.8,.569,0.8,2.6,.315,4.2,6.1,.679,.617,1.8,2.7,.680,1.5,4.0,5.5,1.5,0.5,0.4,1.1,1.8,12.7,,martike04
127,Nic Claxton,23,BRK,C,76,76,29.9,5.4,7.7,.705,0.0,0.0,.000,5.4,7.7,.708,.705,1.8,3.2,.541,2.4,6.8,9.2,1.9,0.9,2.5,1.3,2.8,12.6,DPOY-9,claxtni01
128,Dennis Schröder,29,LAL,PG,66,50,30.1,4.1,9.8,.415,1.1,3.4,.329,3.0,6.4,.461,.472,3.3,3.8,.857,0.3,2.2,2.5,4.5,0.8,0.2,1.7,2.2,12.6,,schrode01
129,Jakob Poeltl,27,2TM,C,72,71,26.5,5.4,8.6,.629,0.0,0.0,.000,5.4,8.6,.630,.629,1.7,2.8,.592,3.3,5.8,9.1,2.7,0.9,1.2,1.7,2.7,12.5,,poeltja01
130,Mac McClung,24,PHI,SG,2,0,20.5,4.5,10.0,.450,2.0,5.5,.364,2.5,4.5,.556,.550,1.5,2.5,.600,1.5,3.5,5.0,4.5,0.0,0.0,1.5,1.5,12.5,,mccluma01
131,Kelly Olynyk,31,UTA,C,68,68,28.6,4.1,8.2,.499,1.4,3.5,.394,2.7,4.7,.576,.583,2.9,3.4,.853,1.2,5.0,6.2,3.7,0.9,0.5,2.5,3.4,12.5,,olynyke01
132,Eric Gordon,34,2TM,SG,69,58,28.5,4.2,9.5,.446,1.9,5.2,.371,2.3,4.3,.535,.547,2.1,2.5,.821,0.2,1.7,1.9,2.7,0.6,0.4,1.5,1.1,12.4,,gordoer01
133,Derrick White,28,BOS,SG,82,70,28.3,4.3,9.2,.462,1.8,4.8,.381,2.5,4.5,.548,.560,2.0,2.3,.875,0.6,2.9,3.6,3.9,0.7,0.9,1.2,2.2,12.4,DEF2,whitede01
134,Keegan Murray,22,SAC,SF,80,78,29.8,4.4,9.8,.453,2.6,6.3,.411,1.9,3.5,.527,.584,0.8,1.0,.765,1.1,3.5,4.6,1.2,0.8,0.5,0.8,2.0,12.2,ROY-5,murrake02
135,Caris LeVert,28,CLE,SG,74,30,30.2,4.3,10.0,.431,1.7,4.4,.392,2.6,5.6,.462,.517,1.8,2.4,.722,0.7,3.1,3.8,3.9,1.0,0.3,1.6,2.3,12.1,,leverca01
136,Jaden McDaniels,22,MIN,SF,79,79,30.6,4.7,9.1,.517,1.4,3.4,.398,3.3,5.7,.588,.591,1.3,1.8,.736,1.2,2.7,3.9,1.9,0.9,1.0,1.4,3.4,12.1,,mcdanja02
137,Marvin Bagley III,23,DET,C,42,25,23.6,4.8,9.1,.529,0.5,1.6,.288,4.4,7.5,.579,.554,1.9,2.6,.750,2.2,4.2,6.4,0.9,0.5,0.7,1.1,1.9,12.0,,baglema01
138,Clint Capela,28,ATL,C,65,63,26.6,5.4,8.2,.653,0.0,0.0,.000,5.4,8.2,.654,.653,1.2,2.0,.603,4.0,7.1,11.0,0.9,0.7,1.2,0.8,2.1,12.0,,capelca01
139,Mike Conley,35,2TM,PG,67,66,30.3,3.9,9.1,.428,2.0,5.2,.385,1.9,3.9,.486,.539,2.1,2.5,.834,0.5,2.2,2.7,6.7,1.1,0.2,1.5,2.1,11.9,,conlemi01
140,Bones Hyland,22,2TM,PG,56,1,19.4,4.1,10.2,.399,2.1,5.6,.371,2.0,4.6,.434,.502,1.5,1.8,.843,0.4,2.1,2.4,3.1,0.7,0.3,1.5,1.7,11.8,,hylanbo01
141,Lonnie Walker IV,24,LAL,SG,56,32,23.2,4.2,9.4,.448,1.6,4.4,.365,2.6,5.0,.522,.534,1.6,1.9,.858,0.3,1.7,1.9,1.1,0.5,0.3,0.8,1.3,11.7,,walkelo01
142,Zach Collins,25,SAS,C,63,26,22.9,4.5,8.7,.518,0.9,2.3,.374,3.6,6.4,.571,.568,1.7,2.3,.761,1.8,4.5,6.4,2.9,0.6,0.8,2.0,3.2,11.6,,colliza01
143,Bruce Brown,26,DEN,SF,80,31,28.5,4.5,9.3,.483,1.1,3.2,.358,3.3,6.1,.548,.545,1.5,1.9,.758,0.8,3.3,4.1,3.4,1.1,0.6,1.5,2.4,11.5,,brownbr01
144,Naz Reid,23,MIN,C,68,11,18.4,4.6,8.5,.537,1.1,3.2,.346,3.5,5.3,.653,.602,1.3,1.9,.677,1.1,3.8,4.9,1.1,0.6,0.8,1.4,2.6,11.5,,reidna01
145,Marcus Smart,28,BOS,PG,61,61,32.1,4.1,9.9,.415,1.9,5.6,.336,2.2,4.3,.519,.511,1.4,1.9,.746,0.8,2.4,3.1,6.3,1.5,0.4,2.3,2.8,11.5,,smartma01
146,Max Strus,26,MIA,SF,80,33,28.4,4.1,9.9,.410,2.5,7.0,.350,1.6,2.8,.559,.535,1.0,1.1,.876,0.6,2.6,3.2,2.1,0.5,0.2,0.9,2.1,11.5,,strusma01
147,John Wall,32,LAC,PG,34,3,22.2,4.1,9.9,.408,1.0,3.2,.303,3.1,6.7,.459,.457,2.3,3.3,.681,0.4,2.3,2.7,5.2,0.8,0.4,2.4,1.7,11.4,,walljo01
148,Quentin Grimes,22,NYK,SG,71,66,29.9,4.0,8.5,.468,2.2,5.7,.386,1.8,2.7,.641,.599,1.1,1.4,.796,0.7,2.5,3.2,2.1,0.7,0.4,1.0,2.5,11.3,,grimequ01
149,Isaiah Stewart,21,DET,C,50,47,28.3,3.9,8.8,.442,1.3,4.1,.327,2.6,4.7,.542,.518,2.2,3.0,.738,2.3,5.8,8.1,1.4,0.4,0.7,1.4,2.7,11.3,,stewais01
150,Rui Hachimura,24,2TM,PF,63,9,23.3,4.5,9.3,.486,0.8,2.5,.319,3.7,6.7,.550,.530,1.4,1.9,.739,0.8,3.7,4.5,0.9,0.3,0.4,0.8,1.1,11.2,,hachiru01
151,Kyle Lowry,36,MIA,PG,55,44,31.2,3.6,8.8,.404,1.9,5.6,.345,1.6,3.2,.509,.514,2.1,2.5,.859,0.8,3.3,4.1,5.1,1.0,0.4,1.9,2.6,11.2,,lowryky01
152,Marcus Morris,33,LAC,PF,65,65,28.1,4.2,9.9,.426,1.7,4.7,.364,2.5,5.2,.484,.513,1.0,1.3,.782,0.4,3.5,4.0,1.8,0.6,0.3,0.9,2.1,11.2,,morrima03
153,Corey Kispert,23,WAS,SF,74,45,28.3,3.9,7.9,.497,2.2,5.2,.424,1.7,2.7,.637,.637,1.0,1.2,.852,0.4,2.4,2.8,1.2,0.4,0.1,0.7,1.3,11.1,,kispeco01
154,Jeremy Sochan,19,SAS,PF,56,53,26.0,4.5,9.9,.453,0.6,2.4,.246,3.9,7.5,.519,.483,1.4,2.1,.698,1.7,3.6,5.3,2.5,0.8,0.4,1.7,2.5,11.0,,sochaje01
155,Mason Plumlee,32,2TM,C,79,60,26.0,4.2,6.1,.680,0.0,0.0,,4.2,6.1,.680,.680,2.5,4.0,.636,2.9,6.0,8.9,3.1,0.6,0.6,1.5,2.7,10.8,,plumlma01
156,Kentavious Caldwell-Pope,29,DEN,SG,76,76,31.3,3.8,8.3,.462,1.8,4.2,.423,2.1,4.1,.502,.569,1.4,1.6,.824,0.5,2.3,2.7,2.4,1.5,0.5,1.1,1.9,10.8,,caldwke01
157,Jaylen Nowell,23,MIN,SG,65,2,19.3,4.3,9.6,.448,1.0,3.6,.289,3.3,6.0,.542,.502,1.2,1.5,.778,0.6,2.1,2.6,2.0,0.6,0.1,1.0,1.6,10.8,,nowelja01
158,Ivica Zubac,25,LAC,C,76,76,28.6,4.3,6.8,.634,0.0,0.0,.000,4.3,6.7,.637,.634,2.2,3.1,.697,3.1,6.8,9.9,1.0,0.4,1.3,1.5,2.9,10.8,,zubaciv01
159,Talen Horton-Tucker,22,UTA,SG,65,20,20.2,4.0,9.4,.419,0.9,3.1,.286,3.1,6.3,.485,.467,1.9,2.6,.750,0.6,2.6,3.2,3.8,0.6,0.4,1.9,1.7,10.7,,hortota01
160,Victor Oladipo,30,MIA,SG,42,2,26.3,3.8,9.6,.397,1.7,5.0,.330,2.1,4.5,.471,.484,1.4,1.9,.747,0.4,2.7,3.0,3.5,1.4,0.3,2.1,2.4,10.7,,oladivi01
161,Cam Thomas,21,BRK,SG,57,4,16.6,3.5,8.0,.441,0.9,2.3,.383,2.6,5.7,.464,.497,2.6,3.1,.868,0.1,1.5,1.7,1.4,0.4,0.1,1.1,1.0,10.6,,thomaca02
162,Nate Williams,23,POR,SG,5,4,25.4,4.8,7.8,.615,0.6,1.6,.375,4.2,6.2,.677,.654,0.4,0.6,.667,2.0,1.0,3.0,2.0,0.6,0.4,0.8,2.6,10.6,,willije02
163,Moritz Wagner,25,ORL,C,57,18,19.5,3.5,6.9,.500,0.9,2.9,.313,2.6,4.1,.631,.564,2.7,3.2,.841,1.2,3.3,4.5,1.5,0.6,0.2,1.2,2.4,10.5,,wagnemo01
164,Grayson Allen,27,MIL,SG,72,70,27.4,3.4,7.7,.440,2.0,5.1,.399,1.4,2.7,.518,.571,1.6,1.8,.905,0.8,2.4,3.3,2.3,0.9,0.2,1.0,1.6,10.4,,allengr01
165,Killian Hayes,21,DET,PG,76,56,28.3,4.0,10.7,.377,1.1,3.8,.280,3.0,7.0,.429,.426,1.2,1.5,.821,0.4,2.5,2.9,6.2,1.4,0.4,2.3,2.9,10.3,,hayeski01
166,Tyus Jones,26,MEM,PG,80,22,24.3,3.9,8.9,.438,1.5,4.1,.371,2.4,4.8,.495,.523,1.0,1.3,.800,0.4,2.2,2.5,5.2,1.0,0.1,0.9,0.4,10.3,6MOY-6,jonesty01
167,Monte Morris,27,WAS,PG,62,61,27.3,4.0,8.3,.480,1.3,3.3,.382,2.7,5.0,.543,.555,1.0,1.2,.831,0.4,3.0,3.4,5.3,0.7,0.2,1.0,1.2,10.3,,morrimo01
168,Cameron Payne,28,PHO,PG,48,15,20.2,3.9,9.4,.415,1.4,3.9,.368,2.5,5.6,.448,.490,1.0,1.3,.766,0.3,2.0,2.2,4.5,0.7,0.2,1.7,1.8,10.3,,payneca01
169,Reggie Jackson,32,2TM,PG,68,40,24.4,3.9,9.4,.411,1.4,4.2,.333,2.5,5.2,.474,.486,1.0,1.1,.910,0.4,1.8,2.1,3.4,0.7,0.1,1.7,1.7,10.2,,jacksre01
170,Malaki Branham,19,SAS,SG,66,32,23.5,4.1,9.3,.440,1.2,3.9,.302,2.9,5.4,.539,.503,0.9,1.1,.829,0.4,2.3,2.7,1.9,0.5,0.1,1.2,1.7,10.2,,branhma01
171,Doug McDermott,31,SAS,SF,64,0,20.5,3.7,8.2,.457,1.9,4.7,.413,1.8,3.5,.516,.575,0.8,1.1,.757,0.4,1.8,2.2,1.4,0.2,0.1,0.9,1.8,10.2,,mcderdo01
172,Patrick Williams,21,CHI,PF,82,65,28.3,3.8,8.3,.464,1.4,3.4,.415,2.4,4.9,.498,.549,1.1,1.3,.857,1.0,3.0,4.0,1.2,0.9,0.9,1.2,1.8,10.2,,willipa01
173,Josh Richardson,29,2TM,SG,65,10,23.5,3.7,8.5,.431,1.6,4.5,.365,2.0,4.0,.506,.528,1.1,1.2,.852,0.6,2.1,2.7,2.7,1.1,0.3,1.3,1.8,10.1,,richajo01
174,De'Anthony Melton,24,PHI,SG,77,58,27.9,3.6,8.5,.425,2.0,5.2,.390,1.6,3.2,.484,.546,0.9,1.1,.793,0.9,3.2,4.1,2.6,1.6,0.5,1.3,2.5,10.1,,meltode01
175,Aaron Nesmith,23,IND,SF,73,60,24.9,3.5,8.1,.427,1.6,4.3,.366,1.9,3.8,.496,.525,1.6,1.9,.838,0.8,2.9,3.8,1.3,0.8,0.5,1.0,3.2,10.1,,nesmiaa01
176,James Wiseman,21,2TM,C,45,22,19.3,4.2,7.5,.558,0.1,0.4,.200,4.1,7.1,.580,.563,1.5,2.2,.701,1.6,4.3,5.9,0.7,0.2,0.6,1.1,2.4,10.0,,wisemja01
177,Brandon Clarke,26,MEM,PF,56,8,19.5,4.1,6.2,.656,0.0,0.1,.167,4.1,6.1,.665,.658,1.8,2.4,.723,1.6,3.9,5.5,1.3,0.6,0.7,1.0,2.3,10.0,,clarkbr01
178,Jonathan Kuminga,20,GSW,PF,67,16,20.8,3.9,7.4,.525,0.8,2.2,.370,3.1,5.2,.590,.579,1.3,2.1,.652,1.0,2.4,3.4,1.9,0.6,0.5,1.4,2.3,9.9,,kuminjo01
179,Onyeka Okongwu,22,ATL,C,80,18,23.1,4.0,6.2,.638,0.1,0.2,.308,3.9,6.1,.647,.642,1.9,2.5,.781,2.7,4.5,7.2,1.0,0.7,1.3,1.0,3.1,9.9,,okongon01
180,Luka Šamanić,23,UTA,PF,7,4,23.0,3.7,8.1,.456,1.1,4.4,.258,2.6,3.7,.692,.526,1.3,1.9,.692,0.0,4.3,4.3,2.1,0.9,0.3,1.4,2.4,9.9,,samanlu01
181,Shaedon Sharpe,19,POR,SG,80,15,22.2,3.8,8.1,.472,1.3,3.5,.360,2.6,4.6,.559,.551,0.9,1.3,.714,0.8,2.2,3.0,1.2,0.5,0.3,1.0,1.7,9.9,,sharpsh01
182,Jalen Suggs,21,ORL,SG,53,19,23.5,3.5,8.4,.419,1.2,3.8,.327,2.3,4.6,.496,.493,1.6,2.2,.723,1.0,2.0,3.0,2.9,1.3,0.5,1.8,2.3,9.9,,suggsja01
183,Thomas Bryant,25,2TM,C,59,26,18.3,3.9,6.3,.623,0.4,1.0,.441,3.5,5.3,.658,.659,1.6,2.1,.738,1.5,4.3,5.7,0.5,0.3,0.5,0.6,1.7,9.8,,bryanth01
184,Josh Hart,27,2TM,SF,76,52,32.3,3.6,6.8,.529,0.8,2.2,.372,2.8,4.7,.601,.588,1.7,2.3,.750,1.9,5.9,7.8,3.8,1.2,0.3,1.5,2.6,9.8,,hartjo01
185,Al Horford,36,BOS,C,63,63,30.5,3.6,7.6,.476,2.3,5.2,.446,1.3,2.4,.539,.627,0.2,0.3,.714,1.2,5.0,6.2,3.0,0.5,1.0,0.6,1.9,9.8,,horfoal01
186,Herbert Jones,24,NOP,PF,66,66,29.6,3.6,7.6,.469,0.8,2.5,.335,2.7,5.1,.536,.525,1.9,2.4,.764,1.5,2.6,4.1,2.5,1.6,0.6,1.3,3.2,9.8,,joneshe01
187,Julian Champagnie,21,2TM,SF,17,3,18.8,3.5,7.6,.454,1.9,4.8,.402,1.5,2.8,.542,.581,0.8,1.0,.824,0.6,2.9,3.5,0.6,0.4,0.3,0.6,1.5,9.7,,champju02
188,Cam Reddish,23,2TM,SF,40,20,24.8,3.5,7.8,.446,1.1,3.6,.313,2.4,4.2,.560,.518,1.6,1.9,.853,0.5,1.8,2.2,1.4,1.0,0.4,1.2,1.8,9.7,,reddica01
189,Keita Bates-Diop,27,SAS,PF,67,42,21.7,3.5,6.9,.508,0.8,2.1,.394,2.7,4.8,.557,.568,1.8,2.2,.793,1.0,2.7,3.7,1.5,0.7,0.3,0.8,0.9,9.7,,bateske01
190,Coby White,22,CHI,SG,74,2,23.4,3.6,8.0,.443,1.7,4.6,.372,1.8,3.4,.540,.551,0.8,0.9,.871,0.2,2.6,2.9,2.8,0.7,0.1,1.0,1.6,9.7,,whiteco01
191,Caleb Martin,27,MIA,SF,71,49,29.3,3.6,7.7,.464,1.2,3.3,.356,2.4,4.4,.545,.540,1.3,1.6,.805,1.2,3.6,4.8,1.6,1.0,0.4,1.1,2.0,9.6,,martica02
192,Isaiah Joe,23,OKC,SG,73,10,19.1,3.1,7.0,.441,2.2,5.4,.409,0.9,1.6,.553,.599,1.1,1.4,.820,0.4,2.0,2.4,1.2,0.7,0.1,0.5,1.4,9.5,,joeis01
193,Andrew Nembhard,23,IND,SG,75,63,27.6,3.8,8.6,.441,1.2,3.5,.350,2.6,5.1,.504,.512,0.7,0.8,.790,0.5,2.2,2.7,4.5,0.9,0.2,1.7,2.4,9.5,,nembhan01
194,Jalen McDaniels,25,2TM,SF,80,24,23.9,3.5,7.7,.455,1.0,2.9,.332,2.6,4.8,.530,.518,1.5,1.7,.841,0.8,3.5,4.3,1.6,1.0,0.4,1.2,2.6,9.4,,mcdanja01
195,Kyle Anderson,29,MIN,PF,69,46,28.4,3.7,7.2,.509,0.6,1.5,.410,3.0,5.7,.536,.553,1.4,2.0,.735,1.0,4.4,5.3,4.9,1.1,0.9,1.5,2.1,9.4,,anderky01
196,Chris Boucher,30,TOR,PF,76,0,20.0,3.4,7.0,.493,0.8,2.5,.328,2.6,4.5,.585,.552,1.7,2.2,.762,2.1,3.5,5.5,0.4,0.6,0.8,0.5,1.9,9.4,,bouchch01
197,Donte DiVincenzo,26,GSW,SG,72,36,26.3,3.3,7.5,.435,2.1,5.3,.397,1.2,2.3,.525,.574,0.8,1.0,.817,1.1,3.4,4.5,3.5,1.3,0.1,1.6,1.8,9.4,,divindo01
198,Jalen Smith,22,IND,C,68,31,18.8,3.6,7.5,.476,0.8,2.8,.283,2.8,4.7,.593,.530,1.5,2.0,.759,1.9,3.9,5.8,1.0,0.3,0.9,1.1,2.3,9.4,,smithja04
199,Gabe Vincent,26,MIA,PG,68,34,25.9,3.4,8.3,.402,1.7,5.1,.334,1.6,3.2,.512,.505,1.0,1.1,.872,0.4,1.7,2.1,2.5,0.9,0.1,1.4,2.3,9.4,,vincega01
200,Luke Kennard,26,2TM,SG,59,14,22.3,3.2,6.5,.492,2.3,4.6,.494,0.9,1.9,.487,.666,0.6,0.7,.949,0.3,2.4,2.7,1.5,0.5,0.1,0.8,1.4,9.3,,kennalu01
201,Hamidou Diallo,24,DET,SF,56,0,17.8,3.8,6.7,.573,0.1,0.4,.238,3.8,6.3,.593,.580,1.6,2.6,.588,1.0,2.4,3.5,1.0,0.9,0.3,1.3,2.2,9.3,,diallha01
202,Tari Eason,21,HOU,PF,82,5,21.5,3.6,8.0,.448,0.7,2.1,.343,2.9,6.0,.486,.493,1.3,1.8,.752,2.4,3.7,6.0,1.1,1.2,0.6,1.2,2.3,9.3,,easonta01
203,Precious Achiuwa,23,TOR,C,55,12,20.7,3.6,7.3,.485,0.5,2.0,.269,3.0,5.4,.564,.521,1.6,2.3,.702,1.8,4.1,6.0,0.9,0.6,0.5,1.1,1.9,9.2,,achiupr01
204,Deni Avdija,22,WAS,SF,76,40,26.6,3.3,7.6,.437,0.9,3.1,.297,2.4,4.6,.530,.497,1.6,2.2,.739,1.0,5.4,6.4,2.8,0.9,0.4,1.6,2.8,9.2,,avdijde01
205,Seth Curry,32,BRK,SG,61,7,19.9,3.4,7.4,.463,1.5,3.8,.405,1.9,3.6,.525,.568,0.8,0.9,.927,0.2,1.4,1.6,1.6,0.6,0.1,0.8,1.6,9.2,,curryse01
206,Walker Kessler,21,UTA,C,74,40,23.0,4.0,5.6,.720,0.0,0.0,.333,4.0,5.6,.723,.721,1.1,2.1,.516,3.1,5.3,8.4,0.9,0.4,2.3,0.8,2.3,9.2,ROY-3,kesslwa01
207,Bol Bol,23,ORL,PF,70,33,21.5,3.7,6.8,.546,0.4,1.6,.265,3.3,5.2,.633,.577,1.2,1.5,.759,1.0,4.8,5.8,1.0,0.4,1.2,1.6,1.3,9.1,,bolbo01
208,Jalen Duren,19,DET,C,67,31,24.9,3.9,5.9,.648,0.0,0.0,.000,3.9,5.9,.652,.648,1.4,2.3,.611,3.4,5.5,8.9,1.1,0.7,0.9,1.4,2.7,9.1,,durenja01
209,Josh Green,22,DAL,SG,60,21,25.7,3.4,6.4,.537,1.1,2.8,.402,2.3,3.6,.643,.626,1.1,1.6,.723,0.9,2.1,3.0,1.7,0.7,0.1,1.2,2.6,9.1,,greenjo02
210,Naji Marshall,25,NOP,SF,77,21,23.3,3.2,7.4,.433,0.9,2.8,.303,2.4,4.6,.513,.490,1.8,2.3,.789,0.6,3.0,3.6,2.5,0.7,0.2,1.3,1.5,9.1,,marshna01
211,Taurean Prince,28,MIN,PF,54,4,22.1,3.3,7.0,.467,1.4,3.6,.381,1.9,3.4,.557,.565,1.2,1.4,.844,0.3,2.2,2.4,1.6,0.5,0.3,1.3,2.3,9.1,,princta02
212,Jae'Sean Tate,27,HOU,SF,31,7,21.8,3.5,7.4,.480,0.4,1.5,.283,3.1,5.9,.530,.509,1.6,2.2,.725,1.3,2.5,3.8,2.7,0.7,0.2,1.5,3.4,9.1,,tateja01
213,Santi Aldama,22,MEM,PF,77,20,21.8,3.2,6.8,.470,1.2,3.5,.353,2.0,3.4,.591,.560,1.4,1.9,.750,1.1,3.7,4.8,1.3,0.6,0.6,0.8,1.9,9.0,,aldamsa01
214,Jose Alvarado,24,NOP,PG,61,10,21.5,3.3,8.0,.411,1.4,4.0,.336,1.9,4.0,.488,.496,1.1,1.3,.813,0.5,1.9,2.3,3.0,1.1,0.2,1.3,2.0,9.0,,alvarjo01
215,Daniel Gafford,24,WAS,C,78,47,20.6,3.7,5.1,.732,0.0,0.0,,3.7,5.1,.732,.732,1.6,2.4,.679,2.1,3.5,5.6,1.1,0.4,1.3,1.1,2.4,9.0,,gaffoda01
216,Mark Williams,21,CHO,C,43,17,19.3,3.7,5.8,.637,0.0,0.0,,3.7,5.8,.637,.637,1.6,2.3,.691,2.2,4.9,7.1,0.4,0.7,1.0,0.9,2.2,9.0,,willima07
217,AJ Griffin,19,ATL,SF,72,12,19.5,3.4,7.4,.465,1.4,3.6,.390,2.0,3.8,.536,.560,0.6,0.7,.894,0.5,1.6,2.1,1.0,0.6,0.2,0.6,1.2,8.9,,griffaj01
218,Jaden Hardy,20,DAL,SG,48,5,14.8,3.0,6.9,.438,1.3,3.3,.404,1.7,3.7,.469,.533,1.4,1.6,.823,0.2,1.6,1.9,1.4,0.4,0.1,1.0,1.3,8.8,,hardyja02
219,Shaquille Harrison,29,POR,SG,5,0,24.0,3.0,7.2,.417,0.6,2.0,.300,2.4,5.2,.462,.458,2.2,3.0,.733,0.2,4.2,4.4,6.0,2.2,0.4,1.2,2.4,8.8,,harrish01
220,Terance Mann,26,LAC,SG,81,36,23.1,3.4,6.5,.519,1.0,2.4,.389,2.4,4.0,.598,.593,1.1,1.5,.780,1.0,2.5,3.4,2.3,0.5,0.3,1.0,1.8,8.8,,mannte01
221,Royce O'Neale,29,BRK,SF,76,53,31.7,3.0,7.8,.386,2.1,5.5,.389,0.9,2.3,.379,.524,0.7,0.9,.725,0.7,4.3,5.1,3.7,0.9,0.6,1.5,3.1,8.8,,onealro01
222,Dennis Smith Jr.,25,CHO,PG,54,15,25.7,3.4,8.4,.412,0.4,2.1,.216,3.0,6.3,.475,.438,1.4,2.0,.736,0.5,2.6,3.1,4.8,1.4,0.5,1.5,2.3,8.8,,smithde03
223,Jordan Nwora,24,2TM,SF,62,14,19.2,3.1,7.2,.436,1.4,3.4,.408,1.7,3.8,.462,.533,1.1,1.4,.791,0.8,2.9,3.7,1.4,0.4,0.2,1.1,1.2,8.7,,nworajo01
224,T.J. McConnell,30,IND,PG,75,6,20.3,3.8,6.9,.543,0.3,0.8,.441,3.4,6.2,.556,.568,0.8,0.9,.853,0.6,2.5,3.1,5.3,1.1,0.1,1.9,1.4,8.7,,mccontj01
225,Cedi Osman,27,CLE,SF,77,2,20.1,3.1,6.9,.451,1.5,4.1,.372,1.6,2.8,.564,.560,1.0,1.4,.694,0.3,2.0,2.3,1.5,0.5,0.1,0.7,1.6,8.7,,osmande01
226,Landry Shamet,25,PHO,SG,40,9,20.2,2.8,7.5,.377,1.9,5.0,.377,1.0,2.5,.376,.502,1.1,1.3,.882,0.3,1.4,1.7,2.3,0.7,0.1,0.9,1.5,8.7,,shamela01
227,Steven Adams,29,MEM,C,42,42,27.0,3.7,6.3,.597,0.0,0.0,.000,3.7,6.2,.599,.597,1.1,3.1,.364,5.1,6.5,11.5,2.3,0.9,1.1,1.9,2.3,8.6,,adamsst01
228,Ayo Dosunmu,23,CHI,SG,80,51,26.2,3.5,7.1,.493,0.7,2.4,.312,2.8,4.8,.583,.545,0.8,1.0,.805,0.6,2.2,2.8,2.6,0.8,0.3,1.2,2.3,8.6,,dosunay01
229,Draymond Green,32,GSW,PF,73,73,31.5,3.4,6.5,.527,0.5,1.8,.305,2.9,4.7,.612,.570,1.1,1.5,.713,0.9,6.3,7.2,6.8,1.0,0.8,2.8,3.1,8.5,DPOY-4DEF2,greendr01
230,Shake Milton,26,PHI,SG,76,11,20.6,3.2,6.6,.479,0.7,1.9,.378,2.4,4.7,.521,.535,1.3,1.5,.853,0.5,2.0,2.5,3.2,0.3,0.2,1.2,1.6,8.4,,miltosh01
231,Dorian Finney-Smith,29,2TM,PF,66,66,30.4,3.0,7.6,.391,1.7,5.1,.337,1.2,2.5,.503,.505,0.7,0.9,.763,1.7,3.1,4.8,1.5,0.8,0.5,0.9,2.2,8.3,,finnedo01
232,Terrence Ross,31,2TM,SG,63,9,21.1,3.2,7.4,.430,1.5,4.1,.368,1.7,3.3,.507,.532,0.4,0.5,.794,0.3,2.1,2.4,1.5,0.6,0.2,0.7,1.5,8.3,,rosste01
233,Gary Harris,28,ORL,SG,48,42,24.7,2.9,6.4,.450,2.0,4.5,.431,0.9,1.9,.494,.603,0.6,0.6,.900,0.4,1.6,2.0,1.2,0.9,0.3,0.6,1.9,8.3,,harriga01
234,Kevin Love,34,2TM,PF,62,20,20.0,2.7,6.8,.389,1.6,4.8,.334,1.1,2.1,.516,.506,1.3,1.5,.879,1.0,5.5,6.4,1.9,0.3,0.2,1.1,1.6,8.2,,loveke01
235,Damion Lee,30,PHO,SG,74,5,20.4,2.7,6.1,.442,1.5,3.3,.445,1.2,2.8,.439,.564,1.3,1.4,.904,0.5,2.5,3.0,1.3,0.4,0.1,1.1,1.6,8.2,,leeda03
236,Georges Niang,29,PHI,PF,78,1,19.4,2.8,6.4,.442,2.0,4.9,.401,0.9,1.5,.576,.596,0.5,0.6,.867,0.2,2.1,2.4,1.0,0.4,0.2,0.7,1.9,8.2,,niangge01
237,Nick Richards,25,CHO,C,65,9,18.7,3.0,4.8,.629,0.0,0.0,1.000,3.0,4.8,.628,.631,2.1,2.8,.749,2.3,4.1,6.4,0.6,0.2,1.1,0.9,2.4,8.2,,richani01
238,Aleksej Pokusevski,21,OKC,PF,34,25,20.6,3.2,7.3,.434,1.1,3.1,.365,2.1,4.3,.483,.510,0.6,1.0,.629,1.3,3.4,4.7,1.9,0.6,1.3,1.3,1.7,8.1,,pokusal01
239,Grant Williams,24,BOS,PF,79,23,25.9,2.7,6.0,.454,1.5,3.7,.395,1.3,2.3,.546,.575,1.2,1.5,.770,1.1,3.5,4.6,1.7,0.5,0.4,1.0,2.4,8.1,,willigr01
240,Jevon Carter,27,MIL,PG,81,39,22.3,3.0,7.0,.423,1.8,4.2,.421,1.2,2.8,.425,.549,0.4,0.5,.816,0.4,2.1,2.5,2.4,0.8,0.4,1.0,2.0,8.0,,carteje01
241,Kemba Walker,32,DAL,PG,9,1,16.0,2.7,6.3,.421,0.8,3.1,.250,1.9,3.2,.586,.482,1.9,2.3,.810,0.3,1.4,1.8,2.1,0.2,0.2,0.4,1.2,8.0,,walkeke02
242,Kenrich Williams,28,OKC,PF,53,10,22.8,3.4,6.5,.517,0.9,2.5,.373,2.4,4.0,.608,.590,0.3,0.7,.436,1.8,3.1,4.9,2.0,0.8,0.3,0.6,2.1,8.0,,willike04
243,Robert Williams,25,BOS,C,35,20,23.5,3.6,4.9,.747,0.0,0.0,.000,3.6,4.8,.751,.747,0.7,1.2,.610,3.0,5.4,8.3,1.4,0.6,1.4,1.0,1.9,8.0,,williro04
244,Gabe York,29,IND,SG,3,0,18.7,2.7,7.0,.381,2.0,6.0,.333,0.7,1.0,.667,.524,0.7,0.7,1.000,0.0,2.0,2.0,1.7,0.7,0.0,0.0,1.7,8.0,,yorkga01
245,Jarred Vanderbilt,23,2TM,PF,78,65,24.1,3.2,5.8,.548,0.4,1.2,.322,2.8,4.6,.604,.580,1.2,1.8,.691,2.2,5.3,7.5,2.4,1.1,0.3,1.2,2.4,7.9,,vandeja01
246,Ochai Agbaji,22,UTA,SG,59,22,20.5,2.8,6.5,.427,1.4,3.9,.355,1.4,2.7,.532,.532,0.9,1.2,.812,0.7,1.3,2.1,1.1,0.3,0.3,0.7,1.7,7.9,,agbajoc01
247,Chris Duarte,25,IND,SF,46,12,19.5,2.7,7.2,.369,1.2,3.8,.316,1.5,3.5,.428,.452,1.3,1.6,.847,0.4,2.1,2.5,1.4,0.5,0.2,0.9,1.4,7.9,,duartch01
248,Duane Washington Jr.,22,PHO,SG,31,3,12.7,3.0,8.3,.367,1.3,3.6,.360,1.7,4.7,.372,.445,0.5,0.8,.667,0.1,1.1,1.2,2.0,0.2,0.1,1.1,0.7,7.9,,washidu02
249,Jeff Green,36,DEN,PF,56,4,19.5,2.9,5.9,.488,0.5,1.9,.288,2.3,4.0,.580,.534,1.6,2.1,.744,0.7,1.9,2.6,1.2,0.3,0.3,0.8,1.8,7.8,,greenje02
250,Tre Mann,21,OKC,PG,67,5,17.7,2.9,7.5,.393,1.2,3.8,.315,1.7,3.6,.475,.474,0.6,0.8,.764,0.4,1.9,2.3,1.8,0.6,0.2,0.9,1.5,7.7,,manntr01
251,Pat Connaughton,30,MIL,SF,61,33,23.7,2.7,6.9,.392,1.8,5.3,.339,0.9,1.6,.566,.521,0.4,0.7,.659,0.8,3.8,4.6,1.3,0.6,0.2,0.5,1.1,7.6,,connapa01
252,Joe Harris,31,BRK,SF,74,33,20.6,2.7,5.9,.457,1.9,4.5,.426,0.8,1.4,.551,.618,0.2,0.4,.643,0.3,1.9,2.2,1.4,0.5,0.2,0.6,1.9,7.6,,harrijo01
253,Trey Lyles,27,SAC,PF,74,0,16.9,2.5,5.5,.458,1.2,3.2,.363,1.4,2.3,.595,.565,1.4,1.7,.815,0.9,3.1,4.1,0.9,0.4,0.4,0.9,1.3,7.6,,lylestr01
254,T.J. Warren,29,2TM,PF,42,0,16.4,3.1,6.4,.489,0.5,1.6,.328,2.6,4.8,.542,.530,0.7,0.8,.800,0.6,2.3,2.9,1.0,0.5,0.3,0.5,1.5,7.5,,warretj01
255,Devonte' Graham,27,2TM,PG,73,8,18.3,2.2,5.9,.374,1.6,4.6,.352,0.6,1.3,.452,.512,1.3,1.8,.748,0.3,1.4,1.7,2.7,0.6,0.2,0.7,1.1,7.4,,grahade01
256,Torrey Craig,32,PHO,PF,79,60,24.7,2.9,6.3,.456,1.3,3.2,.395,1.6,3.1,.518,.556,0.4,0.6,.711,1.8,3.6,5.4,1.5,0.6,0.8,0.9,2.3,7.4,,craigto01
257,Mitchell Robinson,24,NYK,C,59,58,27.0,3.2,4.7,.671,0.0,0.0,,3.2,4.7,.671,.671,1.0,2.1,.484,4.5,4.9,9.4,0.9,0.9,1.8,0.7,2.7,7.4,,robinmi01
258,Obi Toppin,24,NYK,PF,67,5,15.7,2.8,6.3,.446,1.3,3.7,.344,1.5,2.6,.593,.548,0.6,0.7,.809,0.4,2.4,2.8,1.0,0.3,0.2,0.6,1.0,7.4,,toppiob01
259,Trendon Watford,22,POR,PF,62,12,19.1,2.9,5.2,.560,0.4,1.0,.391,2.5,4.2,.602,.599,1.2,1.6,.720,0.7,3.2,3.8,2.1,0.5,0.2,1.1,1.9,7.4,,watfotr01
260,Delon Wright,30,WAS,PG,50,14,24.4,2.8,5.8,.474,0.8,2.4,.345,1.9,3.4,.564,.545,1.0,1.2,.867,1.2,2.4,3.6,3.9,1.8,0.3,0.9,1.2,7.4,,wrighde01
261,Jay Huff,24,WAS,C,7,0,13.6,2.1,3.6,.600,0.9,1.7,.500,1.3,1.9,.692,.720,2.1,2.3,.938,0.9,2.1,3.0,1.4,0.4,0.6,0.7,2.1,7.3,,huffja01
262,Josh Okogie,24,PHO,SG,72,26,18.8,2.3,5.8,.391,0.9,2.7,.335,1.3,3.0,.442,.471,1.9,2.7,.724,1.5,2.0,3.5,1.5,0.8,0.5,0.9,1.6,7.3,,okogijo01
263,Reggie Bullock,31,DAL,SF,78,55,30.3,2.5,6.0,.409,1.9,5.1,.380,0.5,0.9,.562,.569,0.3,0.5,.703,0.4,3.2,3.6,1.4,0.7,0.2,0.5,2.1,7.2,,bullore01
264,Isaiah Jackson,21,IND,C,63,12,16.5,2.8,5.0,.563,0.0,0.2,.143,2.8,4.8,.582,.566,1.5,2.3,.651,1.8,2.7,4.5,0.8,0.5,1.5,0.8,2.4,7.2,,jacksis01
265,Kendrick Nunn,27,2TM,SG,70,2,13.8,2.7,6.4,.424,1.1,3.2,.354,1.6,3.2,.493,.512,0.5,0.6,.854,0.2,1.3,1.6,1.3,0.4,0.1,0.9,0.9,7.1,,nunnke01
266,Troy Brown Jr.,23,LAL,SF,76,45,24.5,2.6,6.1,.430,1.4,3.7,.381,1.2,2.4,.505,.545,0.4,0.5,.872,0.8,3.2,4.1,1.3,0.8,0.2,0.6,1.6,7.1,,browntr01
267,Edmond Sumner,27,BRK,SG,53,12,13.9,2.3,5.1,.461,0.6,1.6,.356,1.8,3.4,.511,.519,1.9,2.0,.917,0.2,1.2,1.5,1.3,0.6,0.2,0.9,1.6,7.1,,sumneed01
268,Lindell Wigginton,24,MIL,PG,7,1,12.4,2.6,5.3,.486,0.9,2.6,.333,1.7,2.7,.632,.568,1.1,1.3,.889,0.0,1.0,1.0,2.0,0.0,0.3,1.7,1.0,7.1,,wiggili01
269,Eugene Omoruyi,25,2TM,SF,40,6,16.1,2.5,5.7,.443,0.6,2.2,.281,1.9,3.5,.547,.498,1.3,1.9,.680,1.1,1.7,2.8,0.7,0.7,0.1,0.9,2.3,7.0,,omorueu01
270,Chance Comanche,26,POR,C,1,0,21.0,3.0,5.0,.600,0.0,0.0,,3.0,5.0,.600,.600,1.0,4.0,.250,2.0,1.0,3.0,0.0,0.0,1.0,0.0,0.0,7.0,,comanch01
271,Kevon Looney,26,GSW,C,82,70,23.9,3.0,4.7,.630,0.0,0.0,.000,3.0,4.7,.632,.630,1.1,1.9,.606,3.3,5.9,9.3,2.5,0.6,0.6,0.5,2.7,7.0,,looneke01
272,Joshua Primo,20,SAS,SG,4,0,23.3,2.3,6.5,.346,0.8,3.0,.250,1.5,3.5,.429,.404,1.8,2.3,.778,0.5,2.8,3.3,4.5,0.3,0.5,2.8,2.0,7.0,,primojo01
273,Daniel Theis,30,IND,C,7,1,15.6,3.0,6.3,.477,0.3,1.6,.182,2.7,4.7,.576,.500,0.7,1.7,.417,1.0,2.1,3.1,1.3,0.3,0.9,0.4,1.0,7.0,,theisda01
274,Xavier Tillman Sr.,24,MEM,C,61,29,19.3,3.1,5.0,.614,0.1,0.2,.267,3.0,4.8,.632,.621,0.8,1.5,.551,2.0,3.0,5.0,1.6,1.0,0.5,0.7,1.6,7.0,,tillmxa01
275,Svi Mykhailiuk,25,2TM,SF,32,8,14.6,2.4,5.4,.445,1.3,3.1,.424,1.1,2.3,.473,.566,0.8,1.2,.667,0.5,1.2,1.7,1.7,0.5,0.1,0.8,0.7,6.9,,mykhasv01
276,Jae Crowder,32,MIL,PF,18,3,18.9,2.5,5.2,.479,1.3,3.1,.436,1.2,2.2,.538,.606,0.6,0.7,.833,0.9,2.9,3.8,1.5,0.7,0.3,0.4,1.5,6.9,,crowdja01
277,Willy Hernangómez,28,NOP,C,38,2,12.1,2.3,4.4,.527,0.1,0.3,.273,2.3,4.2,.544,.536,2.1,2.7,.779,1.5,3.2,4.7,0.9,0.4,0.3,1.0,1.7,6.9,,hernawi01
278,Joe Ingles,35,MIL,SF,46,0,22.7,2.3,5.4,.435,1.8,4.4,.409,0.5,1.0,.556,.603,0.4,0.5,.857,0.3,2.5,2.8,3.3,0.7,0.1,1.2,1.6,6.9,,inglejo01
279,Ty Jerome,25,GSW,SG,45,2,18.1,2.6,5.4,.488,0.8,2.0,.389,1.8,3.4,.546,.560,0.8,0.9,.927,0.2,1.6,1.7,3.0,0.5,0.1,0.7,1.4,6.9,,jeromty01
280,Cory Joseph,31,DET,PG,62,2,19.8,2.4,5.7,.427,1.1,2.9,.389,1.3,2.8,.468,.527,0.9,1.2,.792,0.3,1.4,1.7,3.5,0.5,0.1,0.9,1.4,6.9,,josepco01
281,Romeo Langford,23,SAS,SG,43,21,19.6,2.8,6.0,.467,0.4,1.4,.262,2.4,4.6,.530,.498,0.9,1.3,.696,1.3,1.3,2.7,1.2,0.6,0.3,0.7,1.6,6.9,,langfro01
282,Ben Simmons,26,BRK,PG,42,33,26.3,3.2,5.6,.566,0.0,0.0,.000,3.2,5.5,.571,.566,0.6,1.4,.439,1.0,5.3,6.3,6.1,1.3,0.6,2.3,3.3,6.9,,simmobe01
283,Will Barton,32,2TM,SG,56,2,17.7,2.5,6.5,.379,1.2,3.2,.367,1.3,3.3,.391,.470,0.7,0.8,.787,0.3,2.2,2.4,2.0,0.5,0.2,0.9,1.0,6.8,,bartowi01
284,Larry Nance Jr.,30,NOP,C,65,1,21.2,2.9,4.7,.610,0.2,0.6,.333,2.6,4.0,.654,.633,0.8,1.2,.696,1.6,3.8,5.4,1.8,0.9,0.6,0.6,2.0,6.8,,nancela02
285,Jeremiah Robinson-Earl,22,OKC,PF,43,20,18.9,2.6,5.8,.444,0.9,2.6,.333,1.7,3.2,.533,.518,0.8,1.0,.833,1.7,2.5,4.2,1.0,0.6,0.3,0.4,1.7,6.8,,robinje02
286,Aaron Wiggins,24,OKC,SG,70,14,18.5,2.7,5.2,.512,0.7,1.7,.393,2.0,3.4,.573,.579,0.8,1.0,.831,1.0,2.0,3.0,1.1,0.6,0.2,0.8,1.6,6.8,,wiggiaa01
287,Justise Winslow,26,POR,PF,29,11,26.8,2.8,6.8,.409,0.5,1.6,.311,2.3,5.3,.438,.444,0.7,1.0,.714,1.7,3.3,5.0,3.4,1.0,0.4,1.5,3.1,6.8,,winslju01
288,Terence Davis,25,SAC,SG,64,5,13.1,2.4,5.7,.423,1.4,3.8,.366,1.0,1.9,.537,.545,0.5,0.7,.791,0.3,1.9,2.2,1.0,0.7,0.2,0.8,1.6,6.7,,daviste02
289,Anthony Lamb,25,GSW,SF,62,4,19.3,2.4,5.1,.471,1.2,3.2,.367,1.2,1.9,.652,.588,0.7,1.0,.767,0.9,2.6,3.5,1.5,0.5,0.3,0.9,2.2,6.7,,lamban01
290,Isaiah Livers,24,DET,PF,52,22,23.1,2.3,5.5,.417,1.4,3.9,.365,0.9,1.6,.541,.545,0.6,0.8,.821,0.5,2.2,2.8,0.8,0.5,0.5,0.6,2.0,6.7,,liveris01
291,Théo Maledon,21,CHO,PG,44,7,19.4,2.3,5.8,.402,0.6,2.2,.295,1.7,3.6,.465,.457,1.4,1.7,.851,0.3,2.5,2.8,3.5,0.8,0.3,1.3,1.4,6.7,,maledth01
292,Dwight Powell,31,DAL,C,76,64,19.2,2.6,3.5,.732,0.0,0.1,.000,2.6,3.5,.746,.732,1.5,2.2,.667,2.0,2.2,4.1,0.9,0.6,0.3,0.9,2.8,6.7,,poweldw01
293,David Roddy,21,MEM,PF,70,4,18.0,2.6,6.0,.429,0.9,3.0,.307,1.6,3.0,.553,.506,0.6,0.9,.631,0.7,2.0,2.8,0.8,0.4,0.3,0.8,1.5,6.7,,roddyda01
294,Kevin Knox,23,2TM,SF,63,5,15.1,2.4,5.3,.458,1.0,3.0,.349,1.4,2.3,.596,.556,0.7,1.0,.767,0.5,2.3,2.8,0.5,0.4,0.2,0.8,1.5,6.6,,knoxke01
295,Mo Bamba,24,2TM,C,49,7,15.7,2.4,4.9,.485,1.0,2.5,.387,1.4,2.4,.590,.585,0.8,1.3,.661,1.2,3.4,4.6,0.9,0.3,0.9,0.6,2.1,6.6,,bambamo01
296,Drew Eubanks,25,POR,C,78,28,20.3,2.7,4.3,.641,0.1,0.2,.389,2.7,4.1,.655,.651,1.1,1.6,.664,1.7,3.7,5.4,1.3,0.5,1.3,0.9,2.2,6.6,,eubandr01
297,Jordan Goodwin,24,WAS,PG,62,7,17.8,2.5,5.7,.448,0.6,1.9,.322,1.9,3.8,.511,.501,0.9,1.1,.768,0.9,2.4,3.3,2.7,0.9,0.4,0.9,1.5,6.6,,goodwjo01
298,Jock Landale,27,PHO,C,69,4,14.2,2.6,4.9,.528,0.3,1.2,.250,2.3,3.7,.621,.559,1.1,1.5,.752,1.7,2.3,4.1,1.0,0.2,0.4,0.9,1.8,6.6,,landajo01
299,Nassir Little,22,POR,SF,54,4,18.1,2.5,5.6,.442,1.1,2.9,.367,1.4,2.7,.524,.538,0.6,0.9,.717,0.5,2.1,2.6,0.9,0.4,0.4,0.7,1.2,6.6,,littlna01
300,Brandon Boston Jr.,21,LAC,SF,22,1,11.3,2.3,5.5,.418,0.5,1.3,.414,1.8,4.2,.419,.467,1.3,1.7,.763,0.3,1.0,1.4,0.9,0.4,0.0,0.5,1.0,6.5,,bostobr01
301,Luka Garza,24,MIN,C,28,0,8.7,2.3,4.1,.543,0.5,1.4,.359,1.8,2.8,.636,.603,1.5,1.9,.788,1.2,1.1,2.3,0.6,0.1,0.1,0.5,1.5,6.5,,garzalu01
302,Jay Scrubb,22,ORL,SG,2,0,15.0,2.5,3.5,.714,1.0,1.0,1.000,1.5,2.5,.600,.857,0.5,1.0,.500,0.0,3.0,3.0,0.5,1.0,0.0,1.5,1.0,6.5,,scrubja01
303,Cody Zeller,30,MIA,C,15,2,14.5,2.5,3.9,.627,0.0,0.1,.000,2.5,3.8,.649,.627,1.6,2.3,.686,1.7,2.6,4.3,0.7,0.2,0.3,0.9,2.2,6.5,,zelleco01
304,Dario Šarić,28,2TM,C,57,12,14.1,2.2,4.9,.458,0.8,2.0,.391,1.4,2.8,.506,.540,1.1,1.3,.829,0.9,2.7,3.6,1.3,0.4,0.1,1.0,1.7,6.4,,saricda01
305,R.J. Hampton,21,2TM,SG,47,3,16.0,2.2,5.0,.430,0.9,2.5,.353,1.3,2.6,.504,.517,1.2,1.6,.750,0.4,1.5,1.9,1.1,0.6,0.2,0.9,1.1,6.4,,hamptrj01
306,JaMychal Green,32,GSW,PF,57,1,14.0,2.4,4.4,.540,0.7,1.9,.378,1.6,2.5,.667,.623,0.9,1.2,.776,1.3,2.3,3.6,0.9,0.4,0.4,0.9,1.8,6.4,,greenja01
307,Sam Hauser,25,BOS,SF,80,8,16.1,2.3,5.0,.455,1.8,4.2,.418,0.5,0.8,.656,.631,0.2,0.2,.706,0.4,2.1,2.6,0.9,0.4,0.3,0.4,1.2,6.4,,hausesa01
308,Isaac Okoro,22,CLE,SF,76,46,21.7,2.3,4.7,.494,0.8,2.3,.363,1.5,2.4,.617,.582,1.0,1.4,.757,0.7,1.8,2.5,1.1,0.7,0.4,0.6,2.1,6.4,,okorois01
309,Duncan Robinson,28,MIA,SF,42,1,16.5,2.1,5.6,.371,1.5,4.6,.328,0.6,1.1,.556,.504,0.7,0.8,.906,0.2,1.5,1.6,1.1,0.3,0.0,0.7,1.8,6.4,,robindu01
310,Goran Dragić,36,2TM,PG,58,0,15.0,2.4,5.8,.421,0.9,2.5,.359,1.5,3.3,.468,.499,0.5,0.8,.689,0.3,1.1,1.4,2.6,0.2,0.1,1.1,1.1,6.3,,dragigo01
311,Simone Fontecchio,27,UTA,SF,52,6,14.7,2.2,6.0,.369,1.2,3.7,.330,1.0,2.3,.430,.470,0.7,0.8,.795,0.6,1.1,1.7,0.8,0.3,0.2,0.8,1.2,6.3,,fontesi01
312,Patrick Beverley,34,2TM,SG,67,67,27.1,2.1,5.4,.400,1.2,3.6,.335,1.0,1.8,.529,.511,0.7,1.0,.723,0.7,3.0,3.7,2.9,0.9,0.6,0.9,2.8,6.2,,beverpa01
313,Nickeil Alexander-Walker,24,2TM,SG,59,3,15.0,2.2,5.0,.444,1.0,2.7,.384,1.2,2.3,.515,.547,0.7,1.0,.667,0.3,1.5,1.7,1.8,0.5,0.4,0.9,1.5,6.2,,alexani01
314,Jared Butler,22,OKC,PG,6,1,12.8,2.5,5.3,.469,1.2,2.3,.500,1.3,3.0,.444,.578,0.0,0.0,,0.2,0.5,0.7,1.3,0.8,0.0,0.8,0.8,6.2,,butleja02
315,Quenton Jackson,24,WAS,PG,9,0,15.0,2.1,4.7,.452,0.1,1.3,.083,2.0,3.3,.600,.464,1.9,2.4,.773,0.2,0.7,0.9,1.7,0.4,0.1,0.4,1.1,6.2,,jacksqu01
316,Patty Mills,34,BRK,PG,40,2,14.2,2.2,5.2,.411,1.2,3.4,.366,0.9,1.9,.493,.529,0.6,0.8,.833,0.2,0.9,1.1,1.4,0.4,0.1,0.8,0.8,6.2,,millspa02
317,Sandro Mamukelashvili,23,2TM,C,43,7,15.3,2.3,5.3,.422,0.7,2.3,.303,1.6,3.0,.511,.487,0.9,1.3,.684,1.6,2.7,4.3,1.4,0.3,0.3,0.8,1.2,6.1,,mamuksa01
318,Mike Muscala,31,2TM,C,63,9,15.0,2.1,4.6,.449,1.3,3.3,.391,0.8,1.3,.588,.587,0.6,0.8,.769,0.6,2.6,3.2,0.8,0.2,0.4,0.4,1.6,6.1,,muscami01
319,Nicolas Batum,34,LAC,PF,78,19,21.9,2.1,4.9,.420,1.6,4.1,.391,0.5,0.8,.563,.583,0.4,0.6,.708,0.8,3.0,3.8,1.6,0.7,0.6,0.6,1.9,6.1,,batumni01
320,Oshae Brissett,24,IND,PF,65,2,16.7,1.9,4.9,.386,0.7,2.4,.310,1.2,2.5,.457,.461,1.6,2.2,.717,1.0,2.4,3.4,0.7,0.5,0.2,0.5,1.2,6.1,,brissos01
321,Evan Fournier,30,NYK,SG,27,7,17.0,2.1,6.1,.337,1.3,4.2,.307,0.8,1.9,.404,.443,0.7,0.8,.857,0.1,1.7,1.8,1.3,0.6,0.1,0.8,1.7,6.1,,fournev01
322,Saben Lee,23,2TM,PG,25,1,14.9,2.0,4.8,.405,0.4,1.2,.367,1.5,3.6,.418,.450,1.7,2.3,.737,0.5,1.3,1.8,2.7,0.8,0.0,1.0,1.3,6.0,,leesa01
323,Robert Covington,32,LAC,PF,48,0,16.2,2.1,4.8,.445,1.1,2.8,.397,1.0,1.9,.516,.563,0.6,0.8,.750,0.6,2.8,3.5,1.2,0.8,0.7,0.7,1.8,6.0,,covinro01
324,Andre Drummond,29,CHI,C,67,0,12.7,2.5,4.1,.606,0.0,0.0,.000,2.5,4.0,.613,.606,1.0,1.9,.536,2.1,4.6,6.6,0.5,0.7,0.4,1.1,1.7,6.0,,drumman01
325,Maxi Kleber,31,DAL,PF,37,5,25.1,2.1,4.6,.456,1.1,3.0,.348,1.0,1.5,.667,.571,0.7,1.0,.711,0.8,2.8,3.6,1.4,0.3,0.8,0.7,2.3,5.9,,klebima01
326,Jaylin Williams,20,OKC,C,49,36,18.7,2.1,4.8,.436,0.9,2.3,.407,1.1,2.5,.463,.534,0.8,1.1,.704,0.9,4.0,4.9,1.6,0.6,0.2,0.8,2.3,5.9,,willija07
327,Josh Christopher,21,HOU,SG,64,2,12.3,2.4,5.1,.465,0.3,1.4,.236,2.1,3.8,.550,.497,0.7,0.9,.750,0.3,0.8,1.1,1.1,0.5,0.2,0.9,0.9,5.8,,chrisjo01
328,Johnny Davis,20,WAS,SG,28,5,15.1,2.4,6.1,.386,0.6,2.5,.243,1.8,3.6,.485,.436,0.5,1.0,.519,0.4,2.0,2.3,1.0,0.4,0.3,0.6,1.7,5.8,,davisjo06
329,Stanley Johnson,26,SAS,SF,30,0,15.6,2.2,4.1,.533,0.6,1.3,.450,1.6,2.7,.573,.607,0.9,1.3,.667,0.7,2.4,3.2,2.2,0.5,0.2,1.1,1.6,5.8,,johnsst04
330,Charles Bassey,22,SAS,C,35,2,14.5,2.5,3.9,.644,0.1,0.2,.375,2.4,3.6,.661,.656,0.6,1.1,.595,2.1,3.4,5.5,1.4,0.5,0.9,1.2,2.1,5.7,,bassech01
331,Rodney McGruder,31,DET,SG,32,12,16.4,1.9,4.8,.408,1.3,3.0,.423,0.7,1.7,.382,.543,0.6,0.7,.818,0.6,1.7,2.3,0.9,0.5,0.0,0.3,1.2,5.7,,mcgruro01
332,Ziaire Williams,21,MEM,SF,37,4,15.2,2.3,5.3,.429,0.7,2.6,.258,1.6,2.7,.596,.492,0.5,0.6,.773,0.4,1.7,2.1,0.9,0.4,0.2,1.0,1.6,5.7,,willizi02
333,James Bouknight,22,CHO,SG,34,0,15.1,2.0,5.7,.358,1.0,3.2,.303,1.1,2.5,.429,.443,0.6,0.9,.667,0.2,1.9,2.1,1.2,0.4,0.1,0.9,1.4,5.6,,bouknja01
334,Alex Caruso,28,CHI,PG,67,36,23.5,1.9,4.3,.455,0.8,2.3,.364,1.1,2.0,.556,.551,0.9,1.1,.808,0.6,2.3,2.9,2.9,1.5,0.7,1.1,2.4,5.6,DPOY-11DEF1,carusal01
335,Montrezl Harrell,29,PHI,C,57,7,11.9,2.2,3.7,.598,0.0,0.1,.000,2.2,3.6,.616,.598,1.2,1.8,.693,1.2,1.6,2.8,0.6,0.3,0.4,0.6,1.3,5.6,,harremo01
336,Jalen Johnson,21,ATL,SF,70,6,14.9,2.3,4.6,.491,0.4,1.5,.288,1.8,3.1,.587,.537,0.7,1.1,.628,0.7,3.3,4.0,1.2,0.5,0.5,0.6,1.6,5.6,,johnsja05
337,Davion Mitchell,24,SAC,PG,80,9,18.1,2.3,5.0,.454,0.8,2.5,.320,1.5,2.5,.584,.533,0.3,0.4,.806,0.2,1.1,1.3,2.3,0.6,0.2,0.8,1.4,5.6,,mitchda01
338,Payton Pritchard,25,BOS,PG,48,3,13.4,2.1,5.1,.412,1.2,3.2,.364,0.9,1.9,.495,.527,0.3,0.3,.750,0.5,1.3,1.8,1.3,0.3,0.0,0.8,0.8,5.6,,pritcpa01
339,Derrick Rose,34,NYK,PG,27,0,12.5,2.3,5.9,.384,0.7,2.3,.302,1.6,3.6,.438,.443,0.4,0.4,.917,0.3,1.2,1.5,1.7,0.3,0.2,0.8,0.7,5.6,,rosede01
340,Yuta Watanabe,28,BRK,SF,58,1,16.0,2.0,4.0,.491,1.0,2.3,.444,0.9,1.7,.557,.621,0.6,0.8,.723,0.5,1.9,2.4,0.8,0.4,0.3,0.4,1.4,5.6,,watanyu01
341,Danny Green,35,2TM,SG,11,0,12.5,2.0,4.5,.449,1.5,3.4,.432,0.5,1.1,.500,.612,0.1,0.1,1.000,0.3,1.0,1.3,0.5,0.5,0.3,0.9,1.5,5.5,,greenda02
342,Jarrell Brantley,26,UTA,PF,4,0,9.8,2.0,3.5,.571,1.0,2.3,.444,1.0,1.3,.800,.714,0.5,0.5,1.000,0.3,1.3,1.5,0.8,0.0,0.5,0.5,0.8,5.5,,brantja01
343,Wenyen Gabriel,25,LAL,C,68,2,15.1,2.3,3.8,.596,0.1,0.5,.278,2.1,3.3,.647,.615,0.8,1.2,.619,1.7,2.5,4.2,0.5,0.4,0.5,0.7,2.1,5.5,,gabriwe01
344,Nikola Jović,19,MIA,PF,15,8,13.6,1.9,4.6,.406,0.5,2.3,.229,1.3,2.3,.588,.464,1.2,1.3,.947,0.6,1.5,2.1,0.7,0.5,0.1,0.7,1.3,5.5,,jovicni01
345,Otto Porter Jr.,29,TOR,SF,8,2,18.3,1.9,3.8,.500,0.8,2.1,.353,1.1,1.6,.692,.600,1.0,1.0,1.000,0.8,1.6,2.4,1.0,1.4,0.0,0.5,0.9,5.5,,porteot01
346,Jamal Cain,23,MIA,PF,18,0,13.3,2.1,3.7,.561,0.4,1.1,.350,1.7,2.6,.652,.614,0.9,1.2,.773,0.8,2.1,2.9,0.7,0.6,0.1,0.3,1.2,5.4,,cainja01
347,Bryce McGowens,20,CHO,SG,46,7,17.1,1.7,4.4,.396,0.6,1.7,.325,1.2,2.7,.443,.460,1.3,1.7,.750,0.4,1.6,2.0,1.2,0.3,0.1,0.9,1.0,5.3,,mcgowbr01
348,Lamar Stevens,25,CLE,SF,62,25,18.1,2.1,4.6,.448,0.5,1.5,.316,1.6,3.1,.513,.500,0.6,0.9,.702,0.8,2.6,3.3,0.5,0.4,0.3,0.4,1.3,5.3,,stevela01
349,Dewayne Dedmon,33,2TM,C,38,1,11.2,2.0,4.0,.510,0.3,1.0,.308,1.7,2.9,.580,.550,0.9,1.3,.673,0.9,2.6,3.5,0.7,0.2,0.5,0.7,2.0,5.2,,dedmode01
350,Darius Bazley,22,2TM,C,43,1,14.3,1.9,4.3,.454,0.5,1.2,.377,1.5,3.0,.485,.508,0.9,1.6,.543,0.8,2.4,3.2,0.9,0.5,0.8,0.6,1.0,5.2,,bazleda01
351,Rudy Gay,36,UTA,PF,56,0,14.6,1.9,5.1,.380,0.6,2.3,.254,1.4,2.8,.484,.437,0.8,0.9,.857,0.6,2.3,2.9,1.0,0.3,0.3,0.7,1.2,5.2,,gayru01
352,Javonte Green,29,CHI,SF,32,1,15.0,1.9,3.4,.565,0.4,1.1,.371,1.5,2.3,.658,.625,0.9,1.4,.667,0.8,1.9,2.8,0.7,0.8,0.7,0.6,1.6,5.2,,greenja02
353,Zeke Nnaji,22,DEN,PF,53,5,13.7,2.1,3.7,.561,0.3,1.2,.262,1.8,2.5,.710,.605,0.8,1.2,.645,1.2,1.4,2.6,0.3,0.3,0.4,0.6,2.0,5.2,,nnajize01
354,Ricky Rubio,32,CLE,PG,33,2,17.2,1.8,5.4,.343,0.6,2.5,.256,1.2,2.9,.417,.402,0.8,1.1,.800,0.3,1.8,2.1,3.5,0.8,0.2,0.9,1.5,5.2,,rubiori01
355,Lindy Waters III,25,OKC,SG,41,0,13.0,1.7,4.3,.393,1.4,4.0,.358,0.3,0.4,.750,.556,0.4,0.5,.800,0.4,1.4,1.8,0.7,0.3,0.3,0.2,1.0,5.2,,waterli01
356,MarJon Beauchamp,22,MIL,SF,52,11,13.5,1.8,4.7,.395,0.9,2.7,.331,0.9,1.9,.485,.492,0.5,0.7,.730,0.7,1.5,2.2,0.7,0.4,0.1,0.9,1.4,5.1,,beaucma01
357,DeAndre Jordan,34,DEN,C,39,8,15.0,2.3,2.9,.765,0.0,0.0,1.000,2.2,2.9,.763,.770,0.6,1.2,.458,1.3,3.8,5.2,0.9,0.3,0.6,1.2,1.8,5.1,,jordade01
358,John Konchar,26,MEM,SF,72,23,20.8,1.9,4.4,.431,0.8,2.5,.339,1.1,2.0,.545,.525,0.4,0.5,.778,0.9,3.4,4.3,1.4,1.1,0.3,0.5,1.6,5.1,,konchjo01
359,George Hill,36,2TM,SG,46,1,18.1,1.7,3.6,.470,0.7,2.1,.358,1.0,1.5,.620,.572,0.9,1.2,.764,0.3,1.5,1.8,2.4,0.6,0.1,0.7,1.2,5.0,,hillge01
360,Vlatko Čančar,25,DEN,PF,60,9,14.8,1.8,3.8,.476,0.7,1.9,.374,1.1,1.9,.580,.570,0.6,0.7,.927,0.4,1.7,2.1,1.3,0.4,0.2,0.6,1.4,5.0,,cancavl01
361,Isaiah Hartenstein,24,NYK,C,82,8,19.8,2.1,4.0,.535,0.1,0.5,.216,2.0,3.5,.576,.547,0.6,0.9,.676,2.5,4.0,6.5,1.2,0.6,0.8,0.8,2.6,5.0,,harteis01
362,Jaxson Hayes,22,NOP,C,47,2,13.0,1.8,3.3,.551,0.1,0.6,.103,1.8,2.7,.654,.561,1.2,1.8,.699,0.8,2.0,2.8,0.7,0.4,0.4,0.7,1.4,5.0,,hayesja02
363,Jonathan Isaac,25,ORL,PF,11,0,11.3,2.0,4.8,.415,0.5,1.4,.400,1.5,3.5,.421,.472,0.5,0.8,.556,1.4,2.6,4.0,0.5,1.3,0.4,0.4,0.5,5.0,,isaacjo01
364,Derrick Jones Jr.,25,CHI,PF,64,0,14.0,1.8,3.6,.500,0.4,1.3,.338,1.4,2.3,.587,.559,1.0,1.3,.738,0.9,1.5,2.4,0.5,0.5,0.6,0.4,1.3,5.0,,jonesde02
365,Kenneth Lofton Jr.,20,MEM,PF,24,1,7.3,2.0,3.9,.527,0.3,0.7,.353,1.8,3.2,.566,.559,0.7,1.1,.593,0.8,1.3,2.1,0.8,0.2,0.1,0.5,1.2,5.0,,loftoke01
366,Cody Martin,27,CHO,SF,7,0,19.1,2.0,5.1,.389,0.4,2.0,.214,1.6,3.1,.500,.431,0.6,1.0,.571,1.1,2.3,3.4,1.6,0.6,0.1,0.3,1.9,5.0,,martico01
367,Sam Merrill,26,CLE,SG,5,0,11.8,1.8,4.4,.409,1.0,3.6,.278,0.8,0.8,1.000,.523,0.4,0.4,1.000,0.0,1.8,1.8,1.0,0.8,0.0,0.0,0.6,5.0,,merrisa01
368,Blake Wesley,19,SAS,SG,37,1,18.1,1.9,5.8,.321,0.5,1.4,.385,1.3,4.4,.301,.367,0.7,1.2,.591,0.3,1.9,2.2,2.6,0.7,0.1,1.8,1.8,5.0,,weslebl01
369,Ousmane Dieng,19,OKC,PF,39,1,14.6,1.9,4.6,.420,0.7,2.5,.265,1.3,2.1,.602,.492,0.4,0.6,.652,0.5,2.2,2.7,1.2,0.4,0.2,0.7,1.1,4.9,,diengou01
370,Chimezie Metu,25,SAC,PF,66,0,10.4,2.0,3.3,.589,0.1,0.6,.237,1.8,2.7,.663,.610,0.8,1.1,.740,0.7,2.3,3.0,0.6,0.3,0.3,0.5,1.2,4.9,,metuch01
371,Austin Rivers,30,MIN,SG,52,10,19.5,1.8,4.0,.435,0.8,2.4,.350,0.9,1.7,.558,.538,0.6,0.8,.769,0.1,1.5,1.6,1.4,0.5,0.1,0.4,1.5,4.9,,riverau01
372,Danuel House Jr.,29,PHI,SF,56,5,14.4,1.7,3.5,.472,0.7,2.0,.336,1.0,1.6,.644,.566,0.8,1.1,.750,0.2,1.5,1.7,0.8,0.3,0.2,0.5,1.2,4.8,,houseda01
373,Johnny Juzang,21,UTA,SG,18,0,12.9,1.9,5.8,.337,0.8,3.5,.238,1.1,2.3,.488,.409,0.1,0.2,.500,0.4,1.7,2.2,0.4,0.2,0.2,0.2,0.7,4.8,,juzanjo01
374,Meyers Leonard,30,MIL,C,9,2,12.7,1.6,3.2,.483,0.8,2.0,.389,0.8,1.2,.636,.603,0.9,1.0,.889,1.3,2.4,3.8,0.1,0.2,0.0,0.7,1.8,4.8,,leoname01
375,Garrison Mathews,26,2TM,SG,54,0,12.7,1.4,3.7,.363,1.2,3.3,.350,0.2,0.4,.476,.520,0.9,1.0,.906,0.2,1.1,1.4,0.5,0.4,0.1,0.4,1.1,4.8,,mathega01
376,Moses Moody,20,GSW,SG,63,3,13.0,1.7,3.6,.476,0.8,2.1,.363,0.9,1.5,.641,.584,0.6,0.8,.698,0.4,1.2,1.7,0.8,0.3,0.1,0.5,0.9,4.8,,moodymo01
377,Christian Braun,21,DEN,SG,76,6,15.5,1.9,3.8,.495,0.4,1.3,.354,1.4,2.5,.565,.554,0.5,0.8,.625,0.6,1.8,2.4,0.8,0.5,0.2,0.5,1.3,4.7,,braunch01
378,Keon Johnson,20,POR,SG,40,0,10.4,1.7,4.5,.376,0.7,2.0,.346,1.0,2.4,.402,.455,0.7,1.0,.659,0.3,0.8,1.1,1.5,0.5,0.2,1.1,1.1,4.7,,johnske07
379,Chuma Okeke,24,ORL,SF,27,8,19.2,1.6,4.5,.352,1.0,3.2,.302,0.6,1.3,.472,.459,0.6,0.8,.762,1.0,2.6,3.6,1.4,0.7,0.4,0.6,1.5,4.7,,okekech01
380,Day'Ron Sharpe,21,BRK,C,48,3,11.5,1.9,3.6,.544,0.1,0.2,.545,1.8,3.3,.544,.561,0.7,1.1,.636,2.1,2.1,4.2,0.8,0.3,0.7,0.9,1.9,4.7,,sharpda01
381,Dean Wade,26,CLE,PF,44,13,20.3,1.7,4.0,.412,1.0,2.9,.354,0.6,1.1,.560,.540,0.3,0.5,.652,0.5,3.0,3.4,0.8,0.6,0.5,0.4,2.0,4.7,,wadede01
382,TyTy Washington Jr.,21,HOU,PG,31,2,14.0,1.9,5.2,.363,0.6,2.6,.238,1.3,2.6,.488,.422,0.3,0.6,.556,0.1,1.4,1.5,1.5,0.5,0.1,0.5,0.9,4.7,,washity02
383,Gary Payton II,30,2TM,SG,22,1,16.7,1.9,3.1,.594,0.6,1.2,.500,1.3,2.0,.651,.688,0.3,0.3,.857,1.1,2.0,3.1,1.4,1.0,0.2,0.7,2.0,4.6,,paytoga02
384,Dalano Banton,23,TOR,PG,31,2,9.0,1.8,4.2,.423,0.5,1.6,.294,1.3,2.5,.506,.481,0.5,0.8,.708,0.4,1.1,1.5,1.2,0.4,0.4,0.6,1.1,4.6,,bantoda01
385,Dāvis Bertāns,30,DAL,PF,45,1,10.9,1.5,3.6,.431,1.2,3.1,.390,0.3,0.4,.737,.603,0.3,0.3,.867,0.2,1.0,1.2,0.5,0.2,0.2,0.2,1.2,4.6,,bertada01
386,Malachi Flynn,24,TOR,PG,53,2,13.0,1.6,4.6,.360,0.9,2.5,.353,0.8,2.1,.367,.457,0.5,0.6,.758,0.3,1.2,1.4,1.3,0.4,0.1,0.5,1.2,4.6,,flynnma01
387,Kira Lewis Jr.,21,NOP,PG,25,0,9.4,1.6,3.5,.455,0.6,1.4,.441,1.0,2.2,.463,.540,0.8,0.9,.864,0.2,1.1,1.3,0.9,0.4,0.1,0.4,1.0,4.6,,lewiski01
388,Justin Holiday,33,2TM,SF,46,2,15.3,1.7,4.4,.377,1.0,3.1,.322,0.7,1.3,.508,.490,0.1,0.2,.625,0.1,1.1,1.2,0.9,0.4,0.4,0.5,1.5,4.5,,holidju01
389,Goga Bitadze,23,2TM,C,38,1,12.0,1.8,3.3,.552,0.2,0.7,.231,1.7,2.6,.636,.576,0.6,1.1,.548,1.6,2.0,3.6,1.0,0.4,0.7,0.6,1.7,4.4,,bitadgo01
390,Jarrett Culver,23,ATL,SF,10,1,13.7,1.7,4.3,.395,0.1,1.2,.083,1.6,3.1,.516,.407,0.9,1.3,.692,1.0,2.8,3.8,0.6,0.6,0.2,0.7,1.4,4.4,,culveja01
391,A.J. Green,23,MIL,SG,35,1,9.9,1.5,3.6,.424,1.3,3.0,.419,0.3,0.6,.450,.600,0.1,0.1,1.000,0.2,1.1,1.3,0.6,0.2,0.0,0.3,0.9,4.4,,greenaj01
392,Haywood Highsmith,26,MIA,PF,54,11,17.9,1.7,4.0,.431,0.7,2.0,.339,1.0,2.0,.523,.516,0.2,0.5,.464,1.1,2.4,3.5,0.8,0.7,0.3,0.8,1.5,4.4,,highsha01
393,JaVale McGee,35,DAL,C,42,7,8.5,1.9,3.0,.640,0.0,0.1,.400,1.9,2.9,.650,.648,0.6,1.0,.585,0.7,1.8,2.5,0.3,0.1,0.6,0.9,1.3,4.4,,mcgeeja01
394,Thaddeus Young,34,TOR,PF,54,9,14.7,2.0,3.7,.545,0.1,0.6,.176,1.9,3.0,.622,.561,0.3,0.5,.692,1.3,1.8,3.1,1.4,1.0,0.1,0.8,1.6,4.4,,youngth01
395,Omer Yurtseven,24,MIA,C,9,0,9.2,1.8,3.0,.593,0.3,0.8,.429,1.4,2.2,.650,.648,0.6,0.7,.833,0.9,1.7,2.6,0.2,0.2,0.2,0.4,1.8,4.4,,yurtsom01
396,Moses Brown,23,2TM,C,36,1,8.2,1.7,2.7,.635,0.0,0.0,,1.7,2.7,.635,.635,0.9,2.0,.458,1.6,2.3,3.9,0.1,0.1,0.4,0.4,1.1,4.3,,brownmo01
397,Bismack Biyombo,30,PHO,C,61,14,14.3,2.0,3.4,.578,0.0,0.0,,2.0,3.4,.578,.578,0.4,1.1,.357,1.5,2.8,4.3,0.9,0.3,1.4,0.8,1.9,4.3,,biyombi01
398,Michael Carter-Williams,31,ORL,PG,4,0,11.0,1.5,3.5,.429,0.3,0.8,.333,1.3,2.8,.455,.464,1.0,1.8,.571,0.3,1.0,1.3,1.8,0.3,0.3,1.0,1.3,4.3,,cartemi01
399,Justin Minaya,23,POR,SF,4,0,22.3,1.8,5.8,.304,0.8,3.0,.250,1.0,2.8,.364,.370,0.0,0.3,.000,0.8,3.0,3.8,1.0,0.5,1.3,1.0,2.3,4.3,,minayju01
400,Xavier Sneed,25,CHO,SF,4,0,12.0,1.3,2.5,.500,0.8,1.5,.500,0.5,1.0,.500,.650,1.0,1.0,1.000,0.0,1.3,1.3,1.3,0.0,0.3,0.8,1.8,4.3,,sneedxa01
401,Paul Reed,23,PHI,C,69,2,10.9,1.8,3.0,.593,0.0,0.1,.167,1.8,2.9,.606,.596,0.6,0.7,.745,1.6,2.2,3.8,0.4,0.7,0.7,0.7,1.8,4.2,,reedpa01
402,Admiral Schofield,25,ORL,PF,37,0,12.2,1.5,3.3,.451,0.6,2.0,.324,0.8,1.3,.646,.549,0.6,0.6,.913,0.6,1.1,1.7,0.8,0.2,0.1,0.4,1.6,4.2,,schofad01
403,Ish Wainright,28,PHO,SF,60,2,15.3,1.4,3.8,.370,1.0,2.9,.329,0.5,0.9,.500,.496,0.4,0.5,.839,0.8,1.6,2.3,0.9,0.6,0.4,0.4,2.0,4.2,,wainris01
404,McKinley Wright IV,24,DAL,PG,27,1,12.4,1.7,3.6,.469,0.3,1.0,.321,1.4,2.6,.529,.515,0.5,0.7,.684,0.3,1.4,1.7,2.1,0.3,0.2,0.7,0.9,4.2,,wrighmc01
405,Matisse Thybulle,25,2TM,SG,71,28,16.9,1.5,3.6,.435,0.8,2.1,.365,0.8,1.5,.533,.542,0.3,0.4,.679,0.6,1.4,2.0,0.7,1.2,0.5,0.3,1.6,4.1,,thybuma01
406,Blake Griffin,33,BOS,C,41,16,13.9,1.5,3.2,.485,0.6,1.6,.348,1.0,1.6,.625,.573,0.5,0.8,.656,1.1,2.6,3.8,1.5,0.3,0.2,0.5,1.8,4.1,,griffbl01
407,Kevon Harris,25,ORL,SG,34,0,13.4,1.4,3.1,.439,0.5,1.3,.372,0.9,1.9,.484,.514,0.9,1.2,.756,0.8,1.2,2.1,0.5,0.5,0.1,0.6,1.6,4.1,,harrike01
408,Serge Ibaka,33,MIL,C,16,0,11.6,1.6,3.4,.481,0.4,1.1,.333,1.3,2.3,.556,.537,0.5,0.8,.615,0.9,1.8,2.8,0.3,0.1,0.4,0.7,1.4,4.1,,ibakase01
409,Isaiah Roby,24,SAS,PF,42,2,11.3,1.6,3.7,.432,0.4,1.4,.300,1.2,2.3,.516,.490,0.5,1.0,.488,0.5,2.0,2.5,0.9,0.4,0.2,0.7,1.3,4.1,,robyis01
410,Daishen Nix,20,HOU,PG,57,7,16.0,1.4,4.2,.342,0.7,2.5,.286,0.7,1.7,.423,.426,0.4,0.6,.667,0.3,1.4,1.7,2.3,0.5,0.1,1.5,1.0,4.0,,nixda01
411,Olivier Sarr,23,OKC,C,9,1,12.7,1.7,3.3,.500,0.1,0.9,.125,1.6,2.4,.636,.517,0.6,0.8,.714,1.3,2.1,3.4,0.4,0.1,0.6,0.4,1.9,4.0,,sarrol01
412,Bruno Fernando,24,2TM,C,39,4,10.4,1.5,2.9,.527,0.0,0.1,.000,1.5,2.8,.546,.527,0.9,1.3,.700,1.4,2.1,3.5,0.8,0.2,0.9,0.6,1.9,3.9,,fernabr01
413,Patrick Baldwin Jr.,20,GSW,SF,31,0,7.3,1.4,3.5,.394,1.0,2.7,.381,0.4,0.8,.440,.541,0.1,0.2,.667,0.0,1.3,1.3,0.4,0.2,0.1,0.4,0.5,3.9,,baldwpa01
414,Dominick Barlow,19,SAS,PF,28,0,14.6,1.6,3.1,.535,0.0,0.1,.000,1.6,2.9,.561,.535,0.6,0.9,.720,1.6,2.0,3.6,0.9,0.4,0.7,0.5,2.0,3.9,,barlodo01
415,Gorgui Dieng,33,SAS,C,31,1,11.5,1.5,3.8,.385,0.7,2.4,.280,0.8,1.4,.571,.474,0.3,0.4,.769,0.9,2.6,3.5,1.7,0.1,0.5,1.0,1.8,3.9,,dienggo01
416,Udonis Haslem,42,MIA,C,7,1,10.1,1.4,4.1,.345,0.4,1.3,.333,1.0,2.9,.350,.397,0.6,0.7,.800,0.6,1.0,1.6,0.0,0.1,0.3,0.1,1.6,3.9,,hasleud01
417,Aaron Holiday,26,ATL,PG,63,6,13.4,1.5,3.5,.418,0.6,1.4,.409,0.9,2.1,.424,.500,0.4,0.5,.844,0.4,0.8,1.2,1.4,0.6,0.2,0.6,1.3,3.9,,holidaa01
418,Jabari Walker,20,POR,PF,56,0,11.1,1.5,3.5,.419,0.3,1.0,.286,1.2,2.5,.472,.460,0.6,0.8,.756,0.9,1.5,2.3,0.6,0.2,0.2,0.5,1.2,3.9,,walkeja01
419,Markieff Morris,33,2TM,PF,35,2,10.1,1.3,3.3,.409,0.8,2.0,.394,0.5,1.3,.432,.530,0.3,0.3,1.000,0.4,1.7,2.0,0.9,0.3,0.1,0.5,1.4,3.8,,morrima02
420,Xavier Cooks,27,WAS,PF,10,1,12.6,1.7,2.8,.607,0.0,0.1,.000,1.7,2.7,.630,.607,0.4,1.0,.400,1.6,2.2,3.8,0.6,0.6,0.4,0.8,1.3,3.8,,cooksxa01
421,Dyson Daniels,19,NOP,PG,59,11,17.7,1.5,3.5,.418,0.5,1.5,.314,1.0,2.1,.492,.483,0.4,0.7,.650,0.6,2.6,3.2,2.3,0.7,0.2,1.0,1.7,3.8,,daniedy01
422,Darius Days,23,HOU,SF,4,0,6.3,1.3,3.0,.417,0.8,2.5,.300,0.5,0.5,1.000,.542,0.5,0.5,1.000,0.3,1.3,1.5,0.3,0.0,0.3,0.0,0.5,3.8,,daysda01
423,Caleb Houstan,20,ORL,SF,51,4,15.9,1.3,3.6,.363,0.9,2.7,.338,0.4,0.9,.435,.489,0.3,0.4,.833,0.7,1.3,1.9,0.6,0.2,0.1,0.4,1.2,3.8,,houstca01
424,Furkan Korkmaz,25,PHI,SG,37,0,9.5,1.3,3.0,.432,0.5,1.2,.391,0.8,1.8,.462,.514,0.7,1.0,.722,0.2,1.0,1.1,0.6,0.3,0.1,0.6,0.5,3.8,,korkmfu01
425,Luke Kornet,27,BOS,C,69,0,11.7,1.6,2.5,.665,0.0,0.2,.231,1.6,2.3,.701,.674,0.5,0.6,.821,1.2,1.6,2.9,0.8,0.2,0.7,0.4,1.2,3.8,,kornelu01
426,JT Thor,20,CHO,PF,69,8,14.0,1.4,3.4,.399,0.6,1.8,.317,0.8,1.7,.487,.481,0.5,0.7,.702,0.5,1.7,2.2,0.5,0.3,0.3,0.6,1.0,3.8,,thorjt01
427,A.J. Lawson,22,2TM,SG,15,0,7.2,1.5,2.9,.500,0.7,1.7,.400,0.8,1.3,.632,.614,0.1,0.5,.250,0.4,1.0,1.4,0.1,0.1,0.0,0.2,0.7,3.7,,lawsoaj01
428,David Duke Jr.,23,BRK,SG,23,0,9.9,1.6,3.4,.462,0.0,0.5,.083,1.5,2.9,.530,.468,0.5,0.7,.706,0.5,0.8,1.3,0.9,0.4,0.0,0.8,1.3,3.7,,dukeda01
429,Nathan Knight,25,MIN,C,38,0,7.7,1.2,2.1,.568,0.2,0.6,.364,1.0,1.6,.644,.617,1.0,1.5,.684,0.6,0.9,1.5,0.3,0.3,0.2,0.6,1.1,3.7,,knighna01
430,Jordan McLaughlin,26,MIN,PG,43,0,15.8,1.4,3.4,.421,0.6,1.8,.308,0.9,1.6,.552,.503,0.3,0.4,.833,0.3,1.1,1.4,3.4,0.7,0.1,0.8,0.7,3.7,,mclaujo01
431,Orlando Robinson,22,MIA,C,31,1,13.7,1.5,2.9,.528,0.0,0.2,.000,1.5,2.7,.566,.528,0.7,1.0,.710,1.5,2.5,4.1,0.8,0.4,0.4,0.5,1.7,3.7,,robinor01
432,Matt Ryan,25,2TM,SF,34,0,9.1,1.2,3.2,.370,0.9,2.5,.381,0.2,0.7,.333,.519,0.3,0.4,.833,0.1,0.6,0.8,0.5,0.1,0.0,0.2,0.8,3.6,,ryanma01
433,Bryn Forbes,29,MIN,SG,25,0,10.7,1.2,3.3,.361,0.6,1.8,.304,0.6,1.5,.432,.446,0.6,0.6,1.000,0.2,0.4,0.6,0.7,0.3,0.1,0.5,0.9,3.6,,forbebr01
434,Damian Jones,27,2TM,C,41,1,11.6,1.3,2.1,.640,0.2,0.4,.588,1.1,1.7,.652,.698,0.5,0.7,.759,1.0,2.0,3.0,0.4,0.2,0.5,0.6,1.3,3.5,,jonesda03
435,Udoka Azubuike,23,UTA,C,36,4,10.0,1.6,2.0,.819,0.0,0.0,,1.6,2.0,.819,.819,0.2,0.6,.350,0.9,2.4,3.3,0.3,0.2,0.4,0.5,0.9,3.5,,azubuud01
436,Miles McBride,22,NYK,PG,64,2,11.9,1.2,3.4,.358,0.6,2.1,.299,0.6,1.3,.457,.451,0.4,0.7,.667,0.2,0.6,0.8,1.1,0.6,0.1,0.4,0.9,3.5,,mcbrimi01
437,P.J. Tucker,37,PHI,PF,75,75,25.6,1.3,3.0,.427,0.7,1.9,.393,0.5,1.1,.482,.549,0.3,0.3,.826,1.3,2.7,3.9,0.8,0.5,0.2,0.6,2.4,3.5,,tuckepj01
438,Amir Coffey,25,LAC,SF,50,9,12.5,1.1,2.9,.386,0.2,0.8,.275,0.9,2.1,.429,.424,1.0,1.3,.778,0.3,0.7,1.1,1.1,0.1,0.1,0.4,1.0,3.4,,coffeam01
439,Taj Gibson,37,WAS,C,49,2,9.8,1.3,2.6,.520,0.2,0.5,.333,1.2,2.1,.564,.552,0.6,0.9,.714,0.7,1.2,1.9,0.7,0.3,0.2,0.5,1.7,3.4,,gibsota01
440,Kai Jones,22,CHO,C,46,0,12.0,1.5,2.6,.558,0.1,0.4,.211,1.4,2.2,.624,.575,0.4,0.6,.731,0.8,1.9,2.7,0.3,0.4,0.7,0.7,1.4,3.4,,joneska01
441,Wesley Matthews,36,MIL,SF,52,0,15.8,1.1,3.1,.363,0.8,2.4,.315,0.4,0.7,.528,.484,0.5,0.5,.857,0.7,1.5,2.2,0.7,0.4,0.3,0.3,1.4,3.4,,matthwe02
442,Micah Potter,24,UTA,PF,7,0,7.4,1.4,2.1,.667,0.6,1.0,.571,0.9,1.1,.750,.800,0.0,0.0,,0.4,1.9,2.3,0.6,0.1,0.0,0.3,0.7,3.4,,pottemi01
443,Jericho Sims,24,NYK,C,52,16,15.6,1.6,2.1,.776,0.0,0.0,.000,1.6,2.0,.783,.776,0.2,0.3,.750,1.9,2.8,4.7,0.5,0.3,0.5,0.5,1.8,3.4,,simsje01
444,Anthony Gill,30,WAS,PF,59,8,10.6,1.2,2.2,.538,0.1,0.5,.138,1.1,1.7,.650,.553,0.8,1.1,.731,0.6,1.1,1.7,0.6,0.1,0.2,0.3,1.2,3.3,,gillan01
445,Boban Marjanović,34,HOU,C,31,0,5.5,1.3,1.9,.683,0.0,0.0,.000,1.3,1.9,.695,.683,0.6,0.9,.741,0.6,1.3,1.9,0.3,0.2,0.1,0.5,0.3,3.3,,marjabo01
446,Raul Neto,30,CLE,PG,48,1,10.5,1.2,2.3,.518,0.3,0.9,.286,0.9,1.4,.662,.573,0.6,0.7,.912,0.2,0.8,1.0,1.6,0.4,0.1,0.5,1.0,3.3,,netora01
447,Peyton Watson,20,DEN,SG,23,2,8.1,1.3,2.6,.492,0.3,0.6,.429,1.0,2.0,.511,.542,0.5,0.9,.550,0.3,1.3,1.6,0.5,0.1,0.5,0.3,0.6,3.3,,watsope01
448,Jared Rhoden,23,DET,SG,14,0,14.1,1.2,3.1,.386,0.4,1.4,.250,0.9,1.7,.500,.443,0.4,0.4,1.000,0.8,1.9,2.6,0.3,0.3,0.1,0.2,1.6,3.2,,rhodeja01
449,Max Christie,19,LAL,SG,41,3,12.5,1.1,2.6,.415,0.6,1.5,.419,0.4,1.1,.409,.538,0.3,0.4,.875,0.2,1.7,1.8,0.5,0.2,0.2,0.3,0.8,3.1,,chrisma02
450,Jordan Hall,21,SAS,SF,9,0,9.2,1.0,3.1,.321,0.3,1.7,.200,0.7,1.4,.462,.375,0.8,1.0,.778,0.3,1.0,1.3,1.2,0.1,0.0,0.8,0.7,3.1,,halljo02
451,Richaun Holmes,29,SAC,C,42,1,8.3,1.3,2.1,.618,0.1,0.2,.625,1.2,1.9,.617,.646,0.4,0.5,.789,0.7,1.2,1.9,0.2,0.1,0.3,0.3,1.2,3.1,,holmeri01
452,Christian Koloko,22,TOR,C,58,19,13.8,1.2,2.6,.480,0.0,0.2,.083,1.2,2.4,.514,.483,0.6,1.0,.627,1.4,1.5,2.9,0.5,0.4,1.0,0.3,2.2,3.1,,kolokch01
453,Josh Minott,20,MIN,SF,15,0,6.4,1.2,2.4,.500,0.1,0.4,.333,1.1,2.0,.533,.528,0.5,0.5,1.000,0.3,1.3,1.7,0.3,0.3,0.4,0.2,0.7,3.1,,minotjo01
454,Jamaree Bouyea,23,2TM,PG,5,0,14.2,1.2,2.8,.429,0.4,1.2,.333,0.8,1.6,.500,.500,0.2,0.4,.500,0.2,1.0,1.2,0.8,0.8,0.4,0.8,1.2,3.0,,bouyeja01
455,Juan Toscano-Anderson,29,2TM,SF,52,9,13.5,1.2,2.8,.448,0.2,0.8,.186,1.1,1.9,.560,.476,0.4,0.5,.792,0.5,1.8,2.4,1.3,0.3,0.2,0.7,1.5,3.0,,toscaju01
456,Tyler Dorsey,26,DAL,SF,3,0,2.7,1.3,1.7,.800,0.3,0.7,.500,1.0,1.0,1.000,.900,0.0,0.0,,0.3,0.3,0.7,0.0,0.0,0.0,0.0,0.0,3.0,,dorsety01
457,Usman Garuba,20,HOU,C,75,1,12.9,1.1,2.4,.486,0.3,0.8,.407,0.8,1.6,.525,.554,0.4,0.6,.617,1.6,2.5,4.1,0.9,0.6,0.4,0.6,1.8,3.0,,garubus01
458,Jacob Gilyard,24,MEM,PG,1,0,41.0,1.0,3.0,.333,1.0,3.0,.333,0.0,0.0,,.500,0.0,0.0,,0.0,4.0,4.0,7.0,3.0,0.0,2.0,3.0,3.0,,gilyaja01
459,Jake LaRavia,21,MEM,PF,35,0,11.8,1.1,2.7,.389,0.7,2.0,.338,0.4,0.7,.542,.516,0.2,0.3,.778,0.5,1.3,1.8,0.6,0.3,0.1,0.5,1.4,3.0,,laravja01
460,Robin Lopez,34,CLE,C,37,2,8.1,1.3,2.0,.640,0.1,0.1,.500,1.2,1.9,.648,.653,0.4,0.5,.778,0.6,0.8,1.4,0.5,0.1,0.2,0.7,1.2,3.0,,lopezro01
461,Trevelin Queen,25,IND,SG,7,0,10.0,1.0,4.1,.241,0.3,2.1,.133,0.7,2.0,.357,.276,0.7,0.7,1.000,1.1,1.3,2.4,0.9,0.3,0.7,1.0,0.6,3.0,,queentr01
462,Terry Taylor,23,2TM,PF,31,2,8.5,1.3,2.4,.520,0.2,0.6,.263,1.1,1.8,.607,.553,0.2,0.4,.545,0.9,0.6,1.5,0.3,0.1,0.2,0.3,0.8,2.9,,taylote01
463,Dru Smith,25,2TM,SG,15,1,10.5,1.2,3.0,.400,0.3,1.3,.263,0.9,1.7,.500,.456,0.2,0.2,1.000,0.1,1.5,1.6,1.5,0.7,0.3,0.2,1.5,2.9,,smithdr01
464,Juancho Hernangómez,27,TOR,PF,42,10,14.6,1.1,2.7,.421,0.4,1.6,.254,0.7,1.1,.660,.496,0.2,0.4,.563,0.6,2.3,2.9,0.6,0.4,0.1,0.4,1.0,2.9,,hernaju01
465,Carlik Jones,25,CHI,PG,7,0,8.0,0.9,2.1,.400,0.4,0.9,.500,0.4,1.3,.333,.500,0.7,1.1,.625,0.1,0.6,0.7,0.9,0.3,0.0,0.3,0.3,2.9,,jonesca03
466,Frank Ntilikina,24,DAL,SG,47,5,12.9,1.0,2.8,.364,0.4,1.4,.254,0.7,1.4,.477,.428,0.5,0.7,.667,0.1,1.2,1.3,1.2,0.3,0.1,0.6,1.4,2.9,,ntilila01
467,Jason Preston,23,LAC,PG,14,0,8.9,1.3,2.9,.439,0.4,1.3,.278,0.9,1.6,.565,.500,0.0,0.1,.000,0.1,1.4,1.6,1.9,0.1,0.0,0.7,0.5,2.9,,prestja01
468,Kessler Edwards,22,2TM,SF,36,4,10.7,1.0,2.6,.387,0.5,1.5,.309,0.5,1.1,.500,.478,0.3,0.4,.733,0.6,1.1,1.7,0.6,0.4,0.2,0.4,1.1,2.8,,edwarke02
469,James Johnson,35,IND,PF,18,1,9.0,1.2,2.7,.449,0.2,0.8,.200,1.1,1.9,.559,.480,0.2,0.4,.500,0.2,1.4,1.7,0.8,0.4,0.3,0.4,1.8,2.8,,johnsja01
470,Moussa Diabaté,21,LAC,C,22,1,8.9,1.1,2.1,.511,0.0,0.1,.500,1.0,2.0,.511,.521,0.5,0.7,.625,1.4,0.9,2.3,0.2,0.3,0.4,0.4,0.7,2.7,,diabamo01
471,Mamadi Diakite,26,CLE,C,22,2,8.0,1.1,2.3,.480,0.3,1.0,.333,0.8,1.3,.586,.550,0.1,0.1,1.000,0.4,1.0,1.4,0.4,0.2,0.4,0.5,1.2,2.6,,diakima01
472,Isaiah Mobley,23,CLE,PF,12,0,7.0,1.0,2.3,.429,0.3,0.7,.375,0.8,1.7,.450,.482,0.3,0.3,1.000,0.3,1.3,1.7,0.3,0.3,0.3,0.1,0.7,2.6,,mobleis01
473,Jaden Springer,20,PHI,SG,16,2,5.6,1.1,2.2,.486,0.1,0.3,.400,0.9,1.9,.500,.514,0.4,0.5,.750,0.4,0.5,0.9,0.5,0.4,0.2,0.2,0.9,2.6,,sprinja01
474,Frank Kaminsky,29,2TM,C,36,0,6.5,0.9,1.8,.492,0.4,0.9,.394,0.5,0.8,.600,.595,0.4,0.4,.875,0.2,1.3,1.4,0.9,0.2,0.1,0.3,0.6,2.5,,kaminfr01
475,Lester Quiñones,22,GSW,SG,4,0,4.5,0.5,1.3,.400,0.5,1.0,.500,0.0,0.3,.000,.600,1.0,1.5,.667,0.3,0.5,0.8,0.5,0.3,0.0,1.3,0.0,2.5,,quinole01
476,Ish Smith,34,DEN,PG,43,0,9.3,1.2,3.0,.397,0.0,0.3,.167,1.2,2.8,.420,.405,0.0,0.1,.500,0.1,1.1,1.3,2.3,0.2,0.2,1.0,0.8,2.5,,smithis01
477,John Butler,20,POR,C,19,1,11.6,0.9,2.8,.321,0.4,1.8,.229,0.5,0.9,.500,.396,0.2,0.2,.750,0.2,0.7,0.9,0.6,0.4,0.5,0.1,1.2,2.4,,butlejo01
478,Jeff Dowtin Jr.,25,TOR,PG,25,0,10.4,1.0,2.3,.439,0.2,0.6,.313,0.8,1.6,.488,.482,0.2,0.4,.667,0.2,0.7,0.9,1.2,0.4,0.1,0.2,0.5,2.4,,dowtije01
479,Theo Pinson,27,DAL,SG,40,1,8.1,0.8,2.2,.356,0.6,1.6,.355,0.2,0.6,.360,.483,0.3,0.3,.846,0.3,1.3,1.6,1.2,0.2,0.0,0.3,0.9,2.4,,pinsoth01
480,Neemias Queta,23,SAC,C,5,0,5.8,1.2,1.8,.667,0.0,0.0,,1.2,1.8,.667,.667,0.0,0.4,.000,1.0,1.2,2.2,0.2,0.0,0.4,0.2,1.4,2.4,,quetane01
481,Trent Forrest,24,ATL,SG,23,3,12.0,1.1,2.6,.417,0.0,0.1,.000,1.1,2.5,.431,.417,0.1,0.1,.667,0.2,1.4,1.6,1.7,0.3,0.1,0.7,0.7,2.3,,forretr01
482,Scotty Pippen Jr.,22,LAL,PG,6,0,5.3,0.7,2.0,.333,0.2,0.5,.333,0.5,1.5,.333,.375,0.8,1.5,.556,0.3,0.3,0.7,0.3,0.3,0.2,0.3,0.5,2.3,,pippesc02
483,Justin Champagnie,21,2TM,SF,5,0,6.8,1.0,3.0,.333,0.2,1.0,.200,0.8,2.0,.400,.367,0.0,0.0,,0.6,1.0,1.6,0.8,0.2,0.0,0.0,0.4,2.2,,champju01
484,Khem Birch,30,TOR,C,20,0,8.1,1.0,1.6,.594,0.1,0.1,.500,0.9,1.5,.600,.609,0.2,0.3,.800,0.4,0.9,1.3,0.4,0.3,0.3,0.4,1.2,2.2,,birchkh01
485,Kennedy Chandler,20,MEM,PG,36,0,7.8,1.0,2.3,.422,0.1,0.4,.133,0.9,1.9,.485,.434,0.2,0.4,.462,0.3,0.8,1.1,1.6,0.3,0.1,0.5,0.4,2.2,,chandke01
486,Ron Harper Jr.,22,TOR,PF,9,0,5.3,0.9,1.8,.500,0.3,1.0,.333,0.6,0.8,.714,.594,0.1,0.1,1.000,0.3,0.4,0.8,0.4,0.0,0.1,0.0,0.3,2.2,,harpero02
487,Dalen Terry,20,CHI,SG,38,0,5.6,0.8,1.9,.444,0.2,0.7,.259,0.7,1.2,.556,.493,0.4,0.6,.667,0.3,0.7,1.0,0.6,0.3,0.1,0.2,0.6,2.2,,terryda01
488,Nerlens Noel,28,2TM,C,17,4,11.5,0.8,2.1,.361,0.1,0.1,.500,0.7,2.0,.353,.375,0.5,0.7,.667,0.6,2.1,2.7,0.6,0.9,0.6,0.8,1.9,2.1,,noelne01
489,Davon Reed,27,2TM,SG,43,1,8.0,0.7,2.0,.333,0.4,1.1,.370,0.3,0.9,.289,.435,0.4,0.6,.667,0.2,1.1,1.4,0.5,0.3,0.1,0.5,0.9,2.1,,reedda01
490,Andre Iguodala,39,GSW,PF,8,0,14.1,0.9,1.9,.467,0.1,1.1,.111,0.8,0.8,1.000,.500,0.3,0.4,.667,0.4,1.8,2.1,2.4,0.5,0.4,1.1,1.4,2.1,,iguodan01
491,Chris Silva,26,DAL,PF,1,0,3.0,1.0,1.0,1.000,0.0,0.0,,1.0,1.0,1.000,1.000,0.0,0.0,,0.0,0.0,0.0,0.0,0.0,0.0,1.0,2.0,2.0,,silvach01
492,Garrett Temple,36,NOP,SG,25,0,6.5,0.7,1.8,.400,0.4,1.0,.423,0.3,0.8,.368,.522,0.1,0.2,.750,0.2,0.5,0.7,0.5,0.4,0.1,0.2,0.6,2.0,,templga01
493,Stanley Umude,23,DET,SG,1,0,2.0,0.0,1.0,.000,0.0,1.0,.000,0.0,0.0,,.000,2.0,2.0,1.000,0.0,0.0,0.0,0.0,1.0,1.0,0.0,0.0,2.0,,umudest01
494,Donovan Williams,21,ATL,SG,2,0,2.0,1.0,2.5,.400,0.0,1.0,.000,1.0,1.5,.667,.400,0.0,0.0,,0.0,1.0,1.0,0.0,0.0,0.0,0.0,0.0,2.0,,willido02
495,Vince Williams Jr.,22,MEM,SG,15,1,7.0,0.8,2.7,.300,0.3,1.9,.143,0.5,0.8,.667,.350,0.1,0.1,1.000,0.3,0.7,1.0,0.3,0.4,0.1,0.3,0.8,2.0,,willivi01
496,Ryan Rollins,20,GSW,PG,12,0,5.2,0.6,1.7,.350,0.3,0.8,.333,0.3,0.9,.364,.425,0.5,0.5,1.000,0.3,0.8,1.0,0.5,0.1,0.1,1.3,0.8,1.9,,rolliry01
497,Greg Brown III,21,POR,PF,16,0,5.8,0.7,1.8,.393,0.1,0.4,.143,0.6,1.3,.476,.411,0.3,0.8,.417,0.1,1.1,1.2,0.2,0.3,0.3,0.4,0.8,1.8,,browngr01
498,Trevor Hudgins,23,HOU,PG,5,0,5.6,0.4,1.8,.222,0.4,1.6,.250,0.0,0.2,.000,.333,0.6,0.6,1.000,0.0,0.0,0.0,0.6,0.0,0.0,0.2,0.2,1.8,,hudgitr01
499,Alize Johnson,26,SAS,PF,4,0,7.5,0.8,1.5,.500,0.0,0.5,.000,0.8,1.0,.750,.500,0.3,0.5,.500,0.5,2.0,2.5,0.3,0.3,0.0,1.0,0.8,1.8,,johnsal02
500,Xavier Moon,28,LAC,SG,4,0,5.0,0.8,2.3,.333,0.3,0.8,.333,0.5,1.5,.333,.389,0.0,0.0,,0.0,0.8,0.8,1.3,0.0,0.0,0.3,0.5,1.8,,moonxa01
501,Alex Len,29,SAC,C,26,2,6.2,0.6,1.2,.533,0.0,0.1,.000,0.6,1.1,.571,.533,0.4,0.6,.688,0.9,1.4,2.3,0.5,0.2,0.4,0.6,1.1,1.7,,lenal01
502,Dylan Windler,26,CLE,SF,3,0,3.3,0.7,1.0,.667,0.3,0.7,.500,0.3,0.3,1.000,.833,0.0,0.0,,0.0,0.0,0.0,0.3,0.3,0.0,0.3,0.0,1.7,,windldy01
503,Buddy Boeheim,23,DET,SF,10,0,9.0,0.5,2.7,.185,0.4,2.5,.160,0.1,0.2,.500,.259,0.2,0.2,1.000,0.2,0.4,0.6,0.4,0.2,0.0,0.0,0.6,1.6,,boehebu01
504,Tony Bradley,25,CHI,C,12,0,2.8,0.5,1.0,.500,0.3,0.4,.600,0.3,0.6,.429,.625,0.3,0.3,1.000,0.1,0.8,0.9,0.1,0.1,0.1,0.1,0.2,1.6,,bradlto01
505,JD Davison,20,BOS,SG,12,0,5.5,0.7,1.6,.421,0.2,0.6,.286,0.5,1.0,.500,.474,0.1,0.2,.500,0.2,0.6,0.8,0.9,0.2,0.2,0.3,0.4,1.6,,davisjd01
506,Kendall Brown,19,IND,SG,6,0,6.7,0.7,1.2,.571,0.0,0.2,.000,0.7,1.0,.667,.571,0.2,0.3,.500,0.3,0.7,1.0,0.5,0.7,0.0,0.3,1.5,1.5,,brownke03
507,Matthew Dellavedova,32,SAC,PG,32,0,6.7,0.5,1.6,.340,0.3,0.8,.333,0.3,0.7,.348,.430,0.1,0.2,.571,0.0,0.4,0.4,1.3,0.2,0.0,0.3,0.6,1.5,,dellama01
508,Keon Ellis,23,SAC,SG,16,0,4.4,0.4,1.0,.438,0.4,0.8,.500,0.1,0.3,.250,.625,0.3,0.4,.571,0.3,0.3,0.5,0.4,0.3,0.1,0.1,0.6,1.5,,elliske01
509,Mfiondu Kabengele,25,BOS,PF,4,0,9.0,0.5,1.8,.286,0.0,0.8,.000,0.5,1.0,.500,.286,0.5,0.5,1.000,1.3,1.3,2.5,0.0,0.5,0.0,0.3,0.8,1.5,,kabenmf01
510,Jordan Schakel,24,WAS,SF,2,0,3.0,0.5,1.0,.500,0.5,0.5,1.000,0.0,0.5,.000,.750,0.0,0.0,,0.0,0.0,0.0,0.5,0.5,0.0,0.0,0.5,1.5,,schakjo01
511,Isaiah Todd,21,WAS,PF,6,1,10.2,0.5,3.2,.158,0.2,1.7,.100,0.3,1.5,.222,.184,0.3,0.3,1.000,0.3,1.7,2.0,0.7,0.2,0.0,0.3,0.7,1.5,,toddis01
512,Thanasis Antetokounmpo,30,MIL,PF,37,0,5.6,0.5,1.2,.435,0.0,0.2,.000,0.5,1.0,.526,.435,0.3,0.6,.500,0.4,0.8,1.2,0.4,0.1,0.1,0.3,0.6,1.4,,antetth01
513,PJ Dozier,26,SAC,SF,16,0,4.9,0.6,2.1,.303,0.1,1.0,.125,0.5,1.1,.471,.333,0.0,0.0,,0.1,0.8,0.9,0.6,0.4,0.1,0.3,0.4,1.4,,doziepj01
514,Wendell Moore Jr.,21,MIN,SG,29,2,5.3,0.6,1.5,.419,0.1,0.6,.118,0.6,0.9,.615,.442,0.1,0.2,.800,0.1,0.5,0.6,0.6,0.3,0.2,0.3,0.4,1.4,,moorewe01
515,Ryan Arcidiacono,28,2TM,PG,20,4,8.6,0.5,1.9,.243,0.4,1.2,.348,0.1,0.7,.071,.351,0.0,0.0,,0.0,0.8,0.8,1.2,0.3,0.0,0.4,0.9,1.3,,arcidry01
516,Facundo Campazzo,31,DAL,PG,8,0,6.5,0.4,1.6,.231,0.4,1.4,.273,0.0,0.3,.000,.346,0.1,0.3,.500,0.0,0.3,0.3,1.1,0.8,0.0,0.4,0.4,1.3,,campafa01
517,Braxton Key,25,DET,SF,3,0,3.0,0.3,0.3,1.000,0.0,0.0,,0.3,0.3,1.000,1.000,0.7,0.7,1.000,0.0,0.3,0.3,0.0,0.0,0.0,0.0,0.0,1.3,,keybr01
518,Tyrese Martin,23,ATL,SG,16,0,4.1,0.6,1.4,.391,0.1,0.4,.143,0.5,1.0,.500,.413,0.1,0.1,1.000,0.3,0.4,0.8,0.1,0.1,0.0,0.1,0.1,1.3,,martity01
519,KZ Okpala,23,SAC,PF,35,3,7.1,0.5,1.1,.421,0.2,0.6,.333,0.3,0.5,.529,.513,0.2,0.2,.875,0.2,0.8,1.0,0.4,0.2,0.2,0.2,1.1,1.3,,okpalkz01
520,Cole Swider,23,LAL,SF,7,0,5.9,0.4,1.3,.333,0.4,1.1,.375,0.0,0.1,.000,.500,0.0,0.0,,0.1,0.9,1.0,0.6,0.0,0.0,0.0,0.4,1.3,,swideco01
521,Vít Krejčí,22,ATL,PG,29,0,5.7,0.5,1.3,.405,0.2,0.7,.238,0.3,0.6,.625,.473,0.0,0.1,.500,0.2,0.7,0.9,0.6,0.2,0.0,0.2,0.6,1.2,,krejcvi01
522,Jack White,25,DEN,SF,17,0,3.9,0.5,1.1,.421,0.2,0.5,.333,0.3,0.6,.500,.500,0.1,0.2,.667,0.4,0.6,1.0,0.2,0.2,0.1,0.1,0.5,1.2,,whiteja03
523,Noah Vonleh,27,BOS,C,23,1,7.4,0.5,1.0,.458,0.0,0.2,.250,0.4,0.9,.500,.479,0.1,0.1,1.000,0.8,1.3,2.1,0.3,0.1,0.3,0.5,1.5,1.1,,vonleno01
524,Malcolm Hill,27,CHI,SF,5,0,1.8,0.4,0.8,.500,0.2,0.6,.333,0.2,0.2,1.000,.625,0.0,0.0,,0.0,0.6,0.6,0.0,0.0,0.0,0.0,0.2,1.0,,hillma01
525,Trevor Keels,19,NYK,SG,3,0,2.7,0.3,1.3,.250,0.3,1.3,.250,0.0,0.0,,.375,0.0,0.0,,0.0,0.7,0.7,0.0,0.0,0.0,0.0,0.0,1.0,,keelstr01
526,Chima Moneke,27,SAC,SF,2,0,4.0,0.5,1.0,.500,0.0,0.0,,0.5,1.0,.500,.500,0.0,1.0,.000,1.0,0.0,1.0,0.5,0.0,0.0,1.0,1.0,1.0,,monekch01
527,Kobi Simmons,25,CHO,SG,5,0,5.6,0.2,1.2,.167,0.2,1.0,.200,0.0,0.2,.000,.250,0.4,0.4,1.000,0.2,0.6,0.8,1.0,0.0,0.4,0.2,0.0,1.0,,simmoko01
528,Joe Wieskamp,23,TOR,SF,9,0,5.6,0.3,1.6,.214,0.3,1.3,.250,0.0,0.2,.000,.321,0.0,0.0,,0.0,0.4,0.4,0.3,0.0,0.0,0.1,0.3,1.0,,wieskjo01
529,Justin Jackson,27,BOS,SF,23,0,4.7,0.3,1.2,.259,0.2,0.9,.250,0.1,0.3,.286,.352,0.0,0.1,.500,0.1,0.7,0.7,0.4,0.2,0.2,0.1,0.3,0.9,,jacksju01
530,Marko Simonovic,23,CHI,C,7,0,2.9,0.3,1.0,.286,0.1,0.6,.250,0.1,0.4,.333,.357,0.1,0.3,.500,0.1,0.1,0.3,0.0,0.0,0.0,0.0,0.7,0.9,,simonma01
531,Dereon Seabron,22,NOP,SG,5,0,2.4,0.4,1.0,.400,0.0,0.0,,0.4,1.0,.400,.400,0.0,0.0,,0.2,0.0,0.2,0.0,0.0,0.0,0.0,0.2,0.8,,seabrde01
532,Vernon Carey Jr.,21,WAS,C,11,0,2.5,0.2,0.7,.250,0.0,0.0,,0.2,0.7,.250,.250,0.2,0.2,1.000,0.3,0.7,1.0,0.3,0.2,0.2,0.2,0.5,0.5,,careyve01
533,Devon Dotson,23,WAS,PG,6,0,8.8,0.2,1.7,.100,0.2,0.7,.250,0.0,1.0,.000,.150,0.0,0.0,,1.0,0.7,1.7,1.3,0.8,0.0,0.5,1.5,0.5,,dotsode01
534,Leandro Bolmaro,22,UTA,SF,14,0,4.9,0.2,1.4,.150,0.0,0.3,.000,0.2,1.1,.188,.150,0.0,0.0,,0.3,0.2,0.5,0.5,0.2,0.1,0.5,0.7,0.4,,bolmale01
535,Sterling Brown,27,LAL,SF,4,0,6.0,0.0,1.0,.000,0.0,0.5,.000,0.0,0.5,.000,.000,0.0,0.0,,0.8,1.3,2.0,0.5,0.8,0.0,0.0,1.0,0.0,,brownst02
536,Deonte Burton,29,SAC,PF,2,0,3.0,0.0,1.0,.000,0.0,0.5,.000,0.0,0.5,.000,.000,0.0,0.0,,0.0,0.0,0.0,0.0,0.0,0.0,0.0,0.0,0.0,,burtode02
537,Michael Foster Jr.,20,PHI,PF,1,0,1.0,0.0,0.0,,0.0,0.0,,0.0,0.0,,,0.0,0.0,,0.0,0.0,0.0,0.0,0.0,0.0,0.0,0.0,0.0,,fostemi02
538,Frank Jackson,24,UTA,PG,1,0,5.0,0.0,3.0,.000,0.0,1.0,.000,0.0,2.0,.000,.000,0.0,0.0,,1.0,1.0,2.0,1.0,0.0,0.0,0.0,0.0,0.0,,jacksfr01
539,Alondes Williams,23,BRK,SG,1,0,5.0,0.0,0.0,,0.0,0.0,,0.0,0.0,,,0.0,0.0,,0.0,1.0,1.0,0.0,0.0,0.0,2.0,1.0,0.0,,willial06
