Rank,Player,Age,Team,Pos,G,GS,MP,PG%,SG%,SF%,PF%,C%,+/- Per 100 Poss_OnCourt,+/- Per 100 Poss_On-Off,BadPass,LostBall,Fouls Committed_Shoot,Fouls Committed_Off.,Fouls Drawn_Shoot,Fouls Drawn_Off.,PGA,And1,Blkd,Awards,-9999
1,Mikal Bridges,26,2TM,SG,83,83,2963,1,38,51,10,0,0.8,-1.5,73,37,92,6,159,28,662,43,54,,bridgmi01
2,Anthony Edwards,21,MIN,SG,79,79,2842,1,65,32,3,0,1.0,4.0,127,88,72,22,206,5,861,64,59,AS,edwaran01
3,Zach LaVine,27,CHI,SG,77,77,2768,25,43,32,1,0,0.4,-4.0,86,63,94,16,211,4,769,51,78,,lavinza01
4,Nikola Vučević,32,CHI,C,82,82,2746,0,0,0,1,100,-1.0,-8.1,56,36,107,27,71,4,653,22,44,,vucevni01
5,Julius Randle,28,NYK,PF,77,77,2737,0,0,0,96,4,3.0,-0.5,72,75,87,43,246,9,812,81,57,CPOY-14ASNBA3,randlju01
6,Domantas Sabonis,26,SAC,C,79,79,2736,0,0,0,0,100,2.9,1.9,81,65,136,55,196,12,1451,46,62,MVP-7ASNBA3,sabondo01
7,Jayson Tatum,24,BOS,SF,74,74,2732,0,13,53,34,0,8.3,5.5,79,78,46,32,255,3,874,50,58,MVP-4CPOY-10ASNBA1,tatumja01
8,Spencer Dinwiddie,29,2TM,SG,79,79,2725,36,54,9,1,0,0.4,-0.9,85,26,84,19,161,21,1287,38,62,,dinwisp01
9,Evan Mobley,21,CLE,PF,79,79,2715,0,0,0,56,44,6.5,2.4,41,50,138,23,151,10,530,34,62,DPOY-3DEF1,mobleev01
10,Dejounte Murray,26,ATL,SG,74,74,2693,29,70,1,0,0,-1.2,-5.0,85,56,53,6,92,6,1042,26,56,,murrade01
11,DeMar DeRozan,33,CHI,SF,74,74,2682,0,0,68,32,0,1.5,-0.5,74,45,104,14,270,32,923,78,62,CPOY-3AS,derozde01
12,Scottie Barnes,21,TOR,SF,77,76,2678,3,49,48,1,0,3.0,5.5,97,25,80,13,118,18,888,30,46,,barnesc01
13,Harrison Barnes,30,SAC,PF,82,82,2662,0,0,16,84,0,3.9,4.8,38,24,52,11,180,22,317,31,31,,barneha02
14,Pascal Siakam,28,TOR,PF,71,71,2652,0,0,13,67,20,2.2,3.1,72,44,103,31,228,8,1026,52,35,AS,siakapa01
15,CJ McCollum,31,NOP,PG,75,75,2649,69,31,0,0,0,0.9,-3.5,102,38,81,17,107,9,1002,27,60,,mccolcj01
16,Franz Wagner,21,ORL,SF,80,80,2609,0,16,72,12,0,0.6,10.2,72,53,78,23,138,44,680,31,84,,wagnefr01
17,Jalen Green,20,HOU,SG,76,76,2602,21,79,0,0,0,-8.9,-1.8,94,73,73,13,203,14,644,43,105,,greenja05
18,Bam Adebayo,25,MIA,C,75,75,2598,0,0,0,0,100,1.7,5.4,60,46,83,50,194,10,587,37,49,DPOY-5ASDEF2,adebaba01
19,Trae Young,24,ATL,PG,73,73,2541,100,0,0,0,0,0.8,1.0,233,43,48,13,220,41,1685,43,84,,youngtr01
20,Fred VanVleet,28,TOR,PG,69,69,2535,92,8,0,0,0,2.6,3.9,75,33,80,15,102,26,1137,23,57,,vanvlfr01
21,Buddy Hield,30,IND,SF,80,73,2482,0,21,68,12,0,-2.6,2.3,74,39,75,4,34,2,545,7,40,,hieldbu01
22,RJ Barrett,22,NYK,SG,73,73,2475,0,21,78,1,0,-0.6,-10.0,73,45,88,19,205,7,486,44,94,,barrerj01
23,Jordan Poole,23,GSW,PG,82,43,2458,64,36,0,0,0,-0.8,-7.1,107,77,79,29,176,16,906,41,75,,poolejo01
24,Josh Hart,27,2TM,SF,76,52,2454,1,14,79,6,0,6.0,12.0,74,20,94,9,85,20,717,26,40,,hartjo01
25,Jabari Smith Jr.,19,HOU,PF,79,79,2451,0,0,0,88,12,-11.5,-8.5,41,36,137,13,85,12,225,15,35,,smithja05
26,Trey Murphy III,22,NOP,SF,79,65,2448,0,7,62,32,0,0.6,-4.0,27,15,96,11,73,16,261,22,23,,murphtr02
27,Darius Garland,23,CLE,PG,69,69,2447,97,3,0,0,0,7.9,5.9,95,55,58,11,123,40,1214,25,54,,garlada01
28,Tobias Harris,30,PHI,SF,74,74,2436,0,1,74,25,0,5.7,2.4,30,26,78,19,58,1,466,16,52,,harrito02
29,De'Aaron Fox,25,SAC,PG,73,73,2435,100,0,0,0,0,2.6,0.9,90,71,80,7,210,34,1103,52,53,MVP-11CPOY-1ASNBA3,foxde01
30,Donovan Mitchell,26,CLE,SG,68,68,2432,30,69,1,0,0,6.0,0.9,92,58,73,15,136,14,701,40,55,MVP-6CPOY-6ASNBA2,mitchdo01
31,Paolo Banchero,20,ORL,PF,72,72,2430,0,0,23,74,3,-4.5,-4.4,79,78,90,22,258,8,634,53,92,ROY-1,banchpa01
32,Jaden McDaniels,22,MIN,SF,79,79,2416,0,7,73,20,0,1.6,4.4,47,26,131,16,75,15,351,23,29,,mcdanja02
33,Shai Gilgeous-Alexander,24,OKC,PG,68,68,2416,84,17,0,0,0,3.1,4.9,84,64,78,30,322,15,942,57,97,MVP-5CPOY-7ASNBA1,gilgesh01
34,Royce O'Neale,29,BRK,SF,76,53,2409,0,24,61,15,0,2.6,3.5,71,19,139,13,30,25,690,5,28,,onealro01
35,Jaylen Brown,26,BOS,SF,67,67,2405,0,39,58,3,0,5.1,-3.9,61,68,70,27,171,9,599,47,74,ASNBA2,brownja02
36,Luka Dončić,23,DAL,PG,66,66,2391,96,4,0,0,0,2.2,4.9,141,64,73,12,308,10,1316,74,44,MVP-8CPOY-8ASNBA1,doncilu01
37,OG Anunoby,25,TOR,SF,67,67,2386,0,11,62,27,0,2.1,2.4,54,29,87,29,77,15,307,19,65,DPOY-7DEF2,anunoog01
38,Keegan Murray,22,SAC,SF,80,78,2382,0,2,84,14,0,1.3,-2.6,32,11,112,4,41,19,238,14,40,ROY-5,murrake02
39,Kentavious Caldwell-Pope,29,DEN,SG,76,76,2381,24,74,2,0,0,9.6,16.3,54,20,70,5,49,45,433,11,9,,caldwke01
40,P.J. Washington,24,CHO,PF,73,73,2380,0,0,3,95,3,-7.3,-3.9,55,31,121,11,86,8,407,23,62,,washipj01
41,Jalen Brunson,26,NYK,PG,68,68,2379,100,0,0,0,0,2.4,-1.9,75,39,70,18,169,77,1036,50,51,MVP-12CPOY-4,brunsja01
42,Brook Lopez,34,MIL,C,78,78,2373,0,0,0,0,100,8.0,11.0,28,14,134,36,104,2,243,42,26,DPOY-2DEF1,lopezbr01
43,Josh Giddey,20,OKC,PF,76,76,2367,0,1,17,67,15,-2.7,-9.5,127,57,85,12,81,1,1119,31,83,,giddejo01
44,Reggie Bullock,31,DAL,SF,78,55,2364,0,2,45,51,2,-1.7,-4.7,22,1,86,8,3,7,272,1,9,,bullore01
45,Immanuel Quickley,23,NYK,SG,81,21,2344,26,73,1,0,0,6.7,8.6,49,18,77,7,118,10,688,34,31,6MOY-2,quickim01
46,Tyler Herro,23,MIA,SG,67,67,2337,6,81,13,0,0,2.6,6.8,88,32,58,13,77,2,680,16,52,,herroty01
47,Patrick Williams,21,CHI,PF,82,65,2323,0,0,0,89,11,-1.8,-8.3,24,29,77,20,50,11,248,10,38,,willipa01
48,Nikola Jokić,27,DEN,C,69,69,2323,0,0,0,0,100,12.0,21.9,138,68,91,26,185,12,1564,64,49,MVP-2CPOY-13ASNBA2,jokicni01
49,Derrick White,28,BOS,SG,82,70,2319,21,71,8,0,0,10.7,9.7,54,25,115,4,96,51,793,27,33,DEF2,whitede01
50,Jaden Ivey,20,DET,SG,74,73,2304,27,64,8,1,0,-13.4,-11.8,137,59,118,13,167,20,920,32,85,ROY-6,iveyja01
51,D'Angelo Russell,26,2TM,PG,71,71,2304,91,9,0,0,0,1.4,0.5,131,34,56,8,79,18,1012,16,23,,russeda01
52,Draymond Green,32,GSW,PF,73,73,2297,0,0,1,74,25,7.3,13.1,144,19,113,29,47,30,1218,13,20,DPOY-4DEF2,greendr01
53,KJ Martin,22,HOU,SF,82,49,2292,0,1,87,13,0,-8.4,-0.2,33,23,75,18,119,6,306,30,53,,martike04
54,Joel Embiid,28,PHI,C,66,66,2284,0,0,0,0,100,9.1,10.2,75,89,109,32,354,3,702,75,90,MVP-1DPOY-9CPOY-5ASNBA1,embiijo01
55,Bruce Brown,26,DEN,SF,80,31,2280,0,32,64,3,0,0.9,-5.6,56,37,106,12,75,11,631,23,37,,brownbr01
56,Klay Thompson,32,GSW,SF,69,69,2279,0,26,71,3,0,3.1,3.1,57,24,73,12,53,3,379,11,33,,thompkl01
57,Jalen Williams,21,OKC,SG,75,62,2276,9,71,20,1,0,-0.3,-3.3,42,41,99,16,99,20,604,25,52,ROY-2,willija06
58,Lauri Markkanen,25,UTA,PF,66,66,2273,0,0,20,62,18,3.2,10.0,31,53,64,35,169,9,319,45,65,MIP-1AS,markkla01
59,Max Strus,26,MIA,SF,80,33,2272,0,16,57,27,0,-4.1,-9.1,40,13,103,9,34,17,397,8,23,,strusma01
60,Luguentz Dort,23,OKC,SF,74,73,2272,0,17,61,21,1,1.0,-0.4,31,30,111,14,120,93,365,23,53,,dortlu01
61,Nic Claxton,23,BRK,C,76,76,2271,0,0,0,0,100,5.2,9.1,21,21,105,31,119,14,350,35,29,DPOY-9,claxtni01
62,Jerami Grant,28,POR,PF,63,63,2246,0,0,4,94,2,-0.9,6.4,36,40,76,24,161,25,371,39,52,,grantje01
63,Kyrie Irving,30,2TM,SG,60,60,2241,72,28,0,0,0,4.6,5.3,69,36,85,9,114,16,808,34,55,CPOY-12AS,irvinky01
64,Kyle Kuzma,27,WAS,PF,64,64,2239,0,0,14,81,5,0.2,3.4,65,52,76,35,120,8,574,29,59,,kuzmaky01
65,Caris LeVert,28,CLE,SG,74,30,2237,2,60,38,1,0,4.7,-2.2,73,24,87,7,79,30,667,16,32,,leverca01
66,Bennedict Mathurin,20,IND,SG,78,17,2222,1,65,34,0,0,-4.5,-2.5,56,49,67,30,218,10,288,52,83,ROY-46MOY-8,mathube01
67,Terry Rozier,28,CHO,SG,63,63,2221,32,65,3,0,0,-6.3,-1.1,56,40,52,15,93,38,756,23,64,,roziete01
68,Jarrett Allen,24,CLE,C,68,68,2220,0,0,0,0,100,7.9,4.9,41,18,90,17,100,13,271,20,43,,allenja01
69,Dillon Brooks,27,MEM,SF,73,73,2214,0,20,75,5,0,4.3,1.7,43,27,104,15,70,23,451,18,38,DEF2,brookdi01
70,Kevin Huerter,24,SAC,SG,75,75,2203,1,72,26,2,0,3.0,1.6,53,14,85,6,49,8,516,12,23,,huertke01
71,Jrue Holiday,32,MIL,PG,67,65,2183,62,37,1,0,0,9.3,12.8,124,48,55,14,69,21,1209,17,45,DPOY-7ASDEF1,holidjr01
72,Alperen Şengün,20,HOU,C,75,72,2171,0,0,0,0,100,-7.9,0.8,85,44,152,34,123,31,672,42,62,,sengual01
73,Anfernee Simons,23,POR,SG,62,62,2171,38,60,2,0,0,-1.2,5.4,65,34,73,15,69,11,595,18,42,,simonan01
74,Ivica Zubac,25,LAC,C,76,76,2170,0,0,0,0,100,-0.6,-2.8,36,31,148,28,110,2,184,18,46,,zubaciv01
75,Killian Hayes,21,DET,PG,76,56,2154,83,17,0,0,0,-11.6,-6.8,111,38,111,5,36,28,1147,5,29,,hayeski01
76,Tim Hardaway Jr.,30,DAL,SF,71,45,2152,0,13,72,14,0,4.2,8.5,31,14,65,11,66,40,330,16,25,,hardati02
77,De'Anthony Melton,24,PHI,SG,77,58,2150,22,60,18,0,0,2.9,-3.9,56,26,94,9,29,8,492,5,25,,meltode01
78,Rudy Gobert,30,MIN,C,70,70,2148,0,0,0,0,100,-0.3,-0.3,27,40,108,35,165,4,213,45,40,,goberru01
79,Jimmy Butler,33,MIA,PF,64,64,2138,0,0,15,83,3,1.4,3.5,54,24,32,10,245,12,835,61,53,MVP-10DPOY-12CPOY-2NBA2,butleji01
80,James Harden,33,PHI,PG,58,58,2135,100,0,0,0,0,6.5,3.7,117,40,46,20,147,11,1429,36,50,,hardeja01
81,Jamal Murray,25,DEN,PG,65,65,2133,81,19,0,0,0,6.2,6.2,93,29,59,8,65,17,923,9,35,,murraja01
82,John Collins,25,ATL,PF,71,71,2130,0,0,0,92,8,-0.3,-1.6,24,28,149,18,90,20,214,21,45,,collijo01
83,Saddiq Bey,23,2TM,SF,77,37,2129,0,10,76,13,1,-3.4,3.1,19,14,44,12,121,3,282,27,55,,beysa01
84,De'Andre Hunter,25,ATL,SF,67,67,2126,0,0,74,26,0,-0.2,-1.5,20,33,97,13,99,33,225,20,47,,huntede01
85,Russell Westbrook,34,2TM,PG,73,24,2126,74,26,0,0,0,-0.1,-1.4,169,51,71,16,144,8,1252,34,79,6MOY-9,westbru01
86,Quentin Grimes,22,NYK,SG,71,66,2121,0,65,35,0,0,4.7,3.3,30,14,93,7,44,15,351,13,20,,grimequ01
87,Kristaps Porziņģis,27,WAS,C,65,65,2120,0,0,0,0,100,1.6,6.2,52,40,112,31,175,8,419,51,57,,porzikr01
88,Gary Trent Jr.,24,TOR,SG,66,44,2118,22,76,3,0,0,-1.6,-6.2,17,16,42,12,85,10,254,21,32,,trentga02
89,Damian Lillard,32,POR,PG,58,58,2107,100,0,0,0,0,2.2,12.8,139,29,54,8,200,23,1009,43,43,CPOY-10ASNBA3,lillada01
90,Ayo Dosunmu,23,CHI,SG,80,51,2098,2,60,36,2,0,-1.2,-6.0,43,28,85,8,43,9,481,10,49,,dosunay01
91,Corey Kispert,23,WAS,SF,74,45,2093,0,38,58,3,0,-3.4,-4.5,23,9,54,10,39,6,201,8,36,,kispeco01
92,Malik Beasley,26,2TM,SG,81,27,2093,17,50,31,2,0,-2.8,-3.2,48,29,56,6,26,6,302,10,26,,beaslma01
93,Caleb Martin,27,MIA,SF,71,49,2077,2,34,62,3,0,0.9,2.4,30,19,71,12,48,30,295,10,26,,martica02
94,Andrew Nembhard,23,IND,SG,75,63,2073,29,70,1,0,0,-6.2,-5.8,84,20,75,7,26,30,807,12,25,,nembhan01
95,Keldon Johnson,23,SAS,SF,63,63,2063,2,23,64,11,0,-11.7,-3.4,58,47,55,14,175,4,442,59,64,,johnske04
96,Aaron Gordon,27,DEN,PF,68,68,2055,0,0,4,88,8,12.1,18.4,39,29,82,16,147,10,474,31,64,,gordoaa01
97,Mason Plumlee,32,2TM,C,79,60,2054,0,0,0,0,100,-6.0,-2.8,49,25,117,30,150,9,574,38,38,,plumlma01
98,Grant Williams,24,BOS,PF,79,23,2045,0,0,5,86,8,5.3,-2.7,27,20,100,17,47,20,333,12,21,,willigr01
99,Deandre Ayton,24,PHO,C,67,67,2035,0,0,0,0,100,-1.6,-6.8,23,41,117,35,96,0,279,24,39,,aytonde01
100,Mike Conley,35,2TM,PG,67,66,2029,100,0,0,0,0,0.8,2.2,76,19,75,3,61,43,1090,15,14,,conlemi01
101,Giannis Antetokounmpo,28,MIL,PF,63,63,2024,0,0,0,59,41,7.4,7.8,71,62,69,59,385,5,927,98,82,MVP-3DPOY-6ASNBA1,antetgi01
102,Kevin Porter Jr.,22,HOU,PG,59,59,2024,99,1,0,0,0,-8.8,-1.1,113,51,58,12,117,12,809,31,62,,porteke02
103,Deni Avdija,22,WAS,SF,76,40,2020,0,8,62,30,0,-0.6,1.3,62,30,129,23,78,6,502,21,36,,avdijde01
104,Tyrese Maxey,22,PHI,SG,60,41,2016,47,53,0,0,0,5.7,1.9,36,13,55,15,109,10,506,33,38,,maxeyty01
105,Dorian Finney-Smith,29,2TM,PF,66,66,2009,0,0,27,63,10,0.4,-0.2,33,10,81,9,27,4,250,9,20,,finnedo01
106,Jordan Clarkson,30,UTA,SG,61,61,1988,25,68,7,0,0,0.2,2.6,97,49,52,11,99,6,662,25,52,,clarkjo01
107,Dennis Schröder,29,LAL,PG,66,50,1986,100,0,0,0,0,2.9,4.7,77,24,61,8,86,30,717,20,45,,schrode01
108,Tre Jones,23,SAS,PG,68,65,1984,100,0,0,0,0,-8.3,3.6,70,24,53,5,71,50,1076,20,41,,jonestr01
109,Grayson Allen,27,MIL,SG,72,70,1972,5,75,21,0,0,5.7,4.1,49,11,68,1,44,23,409,7,22,,allengr01
110,Jonas Valančiūnas,30,NOP,C,79,79,1968,0,0,0,0,100,-0.5,-5.1,34,46,123,53,108,1,321,24,47,,valanjo01
111,Eric Gordon,34,2TM,SG,69,58,1965,18,49,33,0,0,-5.3,0.9,56,24,47,8,72,8,429,20,31,,gordoer01
112,Kevon Looney,26,GSW,C,82,70,1958,0,0,0,0,100,5.1,6.4,15,7,125,19,77,2,526,19,34,,looneke01
113,Kyle Anderson,29,MIN,PF,69,46,1957,0,0,8,90,2,1.9,4.0,54,21,63,10,67,16,780,16,19,,anderky01
114,Marcus Smart,28,BOS,PG,61,61,1957,98,2,0,0,0,5.9,-1.5,84,22,79,19,48,51,914,11,18,,smartma01
115,LeBron James,38,LAL,PF,55,54,1954,0,0,1,93,7,5.1,8.8,107,36,37,27,170,9,870,60,47,ASNBA3,jamesle01
116,Herbert Jones,24,NOP,PF,66,66,1951,0,0,22,76,2,3.8,3.2,40,13,105,14,76,35,386,18,33,,joneshe01
117,Torrey Craig,32,PHO,PF,79,60,1948,0,0,20,79,1,-3.2,-9.9,37,17,102,12,21,14,287,5,23,,craigto01
118,Ja Morant,23,MEM,PG,61,59,1948,100,0,0,0,0,6.9,6.5,111,46,46,10,234,25,1170,62,84,MVP-12AS,moranja01
119,Kelly Olynyk,31,UTA,C,68,68,1942,0,0,0,48,52,0.0,2.1,75,40,121,32,89,25,606,28,30,,olynyke01
120,Stephen Curry,34,GSW,PG,56,56,1941,100,0,0,0,0,5.8,8.0,111,26,49,12,114,20,838,37,41,MVP-9CPOY-9ASNBA2,curryst01
121,Tyus Jones,26,MEM,PG,80,22,1940,78,23,0,0,0,1.4,-4.2,57,10,14,4,29,11,1009,7,14,6MOY-6,jonesty01
122,Paul George,32,LAC,SF,56,56,1939,0,5,69,26,1,3.6,5.9,98,47,80,18,115,16,714,23,37,AS,georgpa01
123,Al Horford,36,BOS,C,63,63,1922,0,0,0,8,92,7.9,2.4,17,5,80,14,10,2,466,5,8,,horfoal01
124,P.J. Tucker,37,PHI,PF,75,75,1920,0,0,8,83,8,4.2,-1.1,13,3,97,21,6,12,153,2,9,,tuckepj01
125,Jalen McDaniels,25,2TM,SF,80,24,1913,0,0,76,24,0,-2.8,1.1,35,29,99,15,72,15,312,22,39,,mcdanja01
126,Jakob Poeltl,27,2TM,C,72,71,1906,0,0,0,0,100,-3.5,2.8,58,32,125,26,93,4,446,25,34,,poeltja01
127,Anthony Davis,29,LAL,C,56,54,1904,0,0,0,0,100,4.7,7.8,39,42,85,25,198,5,355,49,58,,davisan02
128,Donte DiVincenzo,26,GSW,SG,72,36,1894,10,79,10,0,0,3.2,2.6,71,17,52,11,27,34,612,7,16,,divindo01
129,Bojan Bogdanović,33,DET,PF,59,59,1893,0,1,44,53,2,-8.5,0.0,60,52,49,11,93,6,377,20,79,,bogdabo02
130,Chris Paul,37,PHO,PG,59,59,1889,100,0,0,0,0,1.8,0.0,81,20,59,7,26,8,1233,4,6,,paulch01
131,Tyrese Haliburton,22,IND,PG,56,56,1883,87,13,0,0,0,-1.3,4.1,84,32,35,6,86,7,1419,33,46,AS,halibty01
132,Jarred Vanderbilt,23,2TM,PF,78,65,1879,0,0,43,53,3,-1.7,-1.6,29,36,92,16,61,22,462,11,30,,vandeja01
133,Terance Mann,26,LAC,SG,81,36,1872,18,46,33,4,0,1.3,1.3,38,21,56,14,61,18,447,16,33,,mannte01
134,Troy Brown Jr.,23,LAL,SF,76,45,1860,0,2,70,28,0,-0.9,-2.7,27,10,65,5,18,12,226,5,30,,browntr01
135,Onyeka Okongwu,22,ATL,C,80,18,1849,0,0,0,1,100,2.3,3.4,22,16,161,31,92,3,204,22,42,,okongon01
136,Austin Reaves,24,LAL,SG,64,22,1843,0,44,48,8,0,5.2,8.7,49,27,70,8,117,44,520,38,19,6MOY-7,reaveau01
137,Desmond Bane,24,MEM,SG,58,58,1841,4,86,10,0,0,8.2,8.6,48,33,78,17,78,8,615,28,73,,banede01
138,Devin Booker,26,PHO,SG,53,53,1835,0,47,50,3,0,5.5,7.0,75,40,74,17,156,14,715,50,43,,bookede01
139,Marcus Morris,33,LAC,PF,65,65,1825,0,0,11,81,8,-0.8,-2.7,18,16,68,10,32,7,283,9,15,,morrima03
140,Myles Turner,26,IND,C,62,62,1825,0,0,0,0,100,-1.6,3.4,26,21,130,31,129,5,214,32,30,,turnemy01
141,Bobby Portis,27,MIL,PF,70,22,1818,0,0,6,81,12,0.4,-5.9,22,24,55,15,51,1,275,11,34,6MOY-3,portibo01
142,Aaron Nesmith,23,IND,SF,73,60,1816,0,2,35,63,0,-5.4,-3.6,34,13,134,11,60,34,238,12,46,,nesmiaa01
143,Patrick Beverley,34,2TM,SG,67,67,1816,47,45,8,0,0,-1.1,-2.9,32,7,84,6,21,26,453,5,12,,beverpa01
144,Jevon Carter,27,MIL,PG,81,39,1810,99,1,0,0,0,3.4,-0.3,44,18,75,1,10,6,492,2,16,,carteje01
145,Michael Porter Jr.,24,DEN,SF,62,62,1798,0,0,96,4,0,10.1,12.7,25,20,77,8,57,0,156,15,28,,portemi01
146,Naji Marshall,25,NOP,SF,77,21,1792,0,22,65,13,0,1.1,-1.9,56,15,63,10,82,5,445,24,39,,marshna01
147,Jaren Jackson Jr.,23,MEM,C,63,63,1787,0,0,0,23,77,10.0,11.7,28,28,109,38,154,5,138,31,66,DPOY-1ASDEF1,jacksja02
148,Shaedon Sharpe,19,POR,SG,80,15,1779,9,61,30,0,0,-7.7,-7.3,32,29,63,8,47,8,229,11,31,,sharpsh01
149,Markelle Fultz,24,ORL,PG,60,60,1778,75,25,0,0,0,-4.2,-2.5,73,33,60,19,56,7,835,19,40,,fultzma01
150,Tari Eason,21,HOU,PF,82,5,1767,0,0,22,77,1,-4.0,7.9,39,28,99,15,81,3,213,21,67,,easonta01
151,Gabe Vincent,26,MIA,PG,68,34,1759,82,19,0,0,0,-0.1,0.1,48,19,76,13,32,24,403,11,19,,vincega01
152,Kawhi Leonard,31,LAC,SF,52,50,1748,1,45,46,9,0,5.9,9.3,34,29,44,7,123,4,515,33,25,,leonaka01
153,Malcolm Brogdon,30,BOS,PG,67,0,1744,52,47,1,0,0,5.1,-2.7,42,34,49,7,78,18,616,14,50,6MOY-1,brogdma01
154,Christian Wood,27,DAL,C,67,17,1738,0,0,0,13,87,-1.3,-2.6,33,29,94,37,131,8,290,38,40,6MOY-9,woodch01
155,Coby White,22,CHI,SG,74,2,1730,49,47,4,0,0,4.0,4.3,38,18,69,3,33,24,479,12,24,,whiteco01
156,Clint Capela,28,ATL,C,65,63,1730,0,0,0,0,100,-0.5,-1.7,17,8,69,15,68,18,137,17,26,,capelca01
157,Malik Monk,24,SAC,SG,77,0,1719,2,92,6,0,0,1.1,-2.1,85,32,69,13,80,7,694,18,53,6MOY-5,monkma01
158,Kyle Lowry,36,MIA,PG,55,44,1718,100,0,0,0,0,1.3,2.7,70,16,69,4,56,29,656,18,24,,lowryky01
159,Nicolas Batum,34,LAC,PF,78,19,1709,0,0,0,60,41,4.8,7.4,30,5,67,8,21,5,302,5,5,,batumni01
160,Walker Kessler,21,UTA,C,74,40,1703,0,0,0,0,100,2.8,6.8,13,12,119,24,70,1,180,23,34,ROY-3,kesslwa01
161,Monte Morris,27,WAS,PG,62,61,1695,100,0,0,0,0,0.1,2.4,42,12,34,2,30,15,769,11,19,,morrimo01
162,Wendell Carter Jr.,23,ORL,C,57,54,1690,0,0,0,6,94,-1.5,2.3,35,28,82,30,78,4,301,17,18,,cartewe01
163,Santi Aldama,22,MEM,PF,77,20,1682,0,0,2,69,29,2.2,-2.5,19,20,93,11,48,11,231,12,20,,aldamsa01
164,Bradley Beal,29,WAS,SG,50,50,1673,6,77,16,1,0,0.8,3.6,79,45,57,12,104,7,651,26,33,,bealbr01
165,Kevin Durant,34,2TM,PF,47,47,1672,0,0,0,70,30,7.8,9.1,91,43,51,13,139,7,554,48,25,AS,duranke01
166,Jalen Duren,19,DET,C,67,31,1670,0,0,0,4,96,-8.4,0.1,33,16,97,31,77,2,174,17,35,,durenja01
167,Reggie Jackson,32,2TM,PG,68,40,1657,98,2,0,0,0,-2.8,-5.1,65,17,52,17,34,9,566,12,16,,jacksre01
168,Isaac Okoro,22,CLE,SF,76,46,1652,0,21,73,6,0,6.1,0.7,14,11,68,4,56,10,199,15,16,,okorois01
169,Isaiah Hartenstein,24,NYK,C,82,8,1626,0,0,0,0,100,4.5,2.3,33,7,113,17,33,6,242,13,17,,harteis01
170,Daniel Gafford,24,WAS,C,78,47,1604,0,0,0,32,68,-2.1,-1.4,21,24,120,32,97,7,201,36,28,,gaffoda01
171,Mitchell Robinson,24,NYK,C,59,58,1591,0,0,0,0,100,6.5,5.4,11,12,115,9,58,3,133,8,27,,robinmi01
172,Drew Eubanks,25,POR,C,78,28,1584,0,0,0,3,97,-3.0,1.1,26,13,110,20,47,12,262,11,9,,eubandr01
173,Gordon Hayward,32,CHO,SF,50,50,1577,0,10,81,9,0,-3.2,4.4,45,24,36,11,82,4,495,25,19,,haywago01
174,Alex Caruso,28,CHI,PG,67,36,1575,61,39,0,0,0,6.0,7.2,51,18,82,3,34,47,449,7,15,DPOY-11DEF1,carusal01
175,Shake Milton,26,PHI,SG,76,11,1567,18,68,14,1,0,4.2,-0.9,47,20,66,11,56,4,569,13,36,,miltosh01
176,Norman Powell,29,LAC,SG,60,8,1567,25,67,7,0,0,-3.3,-6.5,35,40,54,15,120,10,271,19,39,6MOY-4,powelno01
177,Cole Anthony,22,ORL,PG,60,4,1552,100,0,0,0,0,-0.6,3.6,43,28,83,6,76,8,558,20,22,,anthoco01
178,Malaki Branham,19,SAS,SG,66,32,1550,55,41,4,0,0,-10.6,-0.8,46,16,76,2,35,6,288,8,40,,branhma01
179,Cedi Osman,27,CLE,SF,77,2,1548,0,5,56,39,0,7.1,2.3,21,16,54,6,44,26,276,12,22,,osmande01
180,Kelly Oubre Jr.,27,CHO,SF,48,40,1548,0,58,42,0,0,-7.7,-3.2,22,28,61,7,107,25,124,37,55,,oubreke01
181,Josh Green,22,DAL,SG,60,21,1539,23,49,26,2,0,2.5,3.7,33,23,66,10,50,36,262,14,23,,greenjo02
182,Brandon Ingram,25,NOP,SF,45,45,1538,0,72,28,1,0,3.1,1.6,62,42,61,21,117,11,654,29,36,,ingrabr01
183,Josh Richardson,29,2TM,SG,65,10,1530,23,70,6,1,0,-5.1,1.2,48,14,62,9,27,12,411,9,9,,richajo01
184,Joe Harris,31,BRK,SF,74,33,1527,0,4,48,42,6,-1.9,-5.1,26,3,76,7,11,4,242,3,22,,harrijo01
185,T.J. McConnell,30,IND,PG,75,6,1526,100,0,0,0,0,-2.4,1.6,89,33,46,2,31,30,960,16,17,,mccontj01
186,Chris Boucher,30,TOR,PF,76,0,1523,0,5,47,45,3,-0.7,-3.0,7,17,95,8,75,18,65,19,35,,bouchch01
187,Georges Niang,29,PHI,PF,78,1,1512,0,0,1,94,5,1.7,-5.0,27,7,76,10,20,9,186,8,13,,niangge01
188,Bogdan Bogdanović,30,ATL,SG,54,9,1508,0,69,32,0,0,1.8,2.1,39,17,44,2,31,3,343,2,13,,bogdabo01
189,Damion Lee,30,PHO,SG,74,5,1506,5,57,36,2,0,1.3,-0.8,24,23,55,11,29,20,239,5,14,,leeda03
190,Bol Bol,23,ORL,PF,70,33,1505,0,0,1,82,18,-4.4,-2.5,36,47,50,8,55,3,164,16,19,,bolbo01
191,John Konchar,26,MEM,SF,72,23,1494,0,55,44,0,0,7.0,5.5,24,8,68,2,21,18,247,9,14,,konchjo01
192,Rui Hachimura,24,2TM,PF,63,9,1466,0,0,42,55,3,-1.2,-1.1,15,20,34,13,57,2,139,14,40,,hachiru01
193,Dwight Powell,31,DAL,C,76,64,1458,0,0,0,0,100,6.2,9.3,15,14,138,28,69,16,169,16,17,,poweldw01
194,Jeremy Sochan,19,SAS,PF,56,53,1458,0,0,6,93,2,-7.6,3.8,47,27,58,10,62,7,340,18,48,,sochaje01
195,Keita Bates-Diop,27,SAS,PF,67,42,1452,0,1,37,62,0,-8.0,3.2,23,17,41,4,84,2,260,23,37,,bateske01
196,Davion Mitchell,24,SAC,PG,80,9,1447,86,14,0,0,0,2.4,0.2,40,8,53,4,16,51,463,9,13,,mitchda01
197,Pat Connaughton,30,MIL,SF,61,33,1443,2,35,60,3,0,4.9,2.0,20,6,51,6,18,9,184,5,14,,connapa01
198,Zach Collins,25,SAS,C,63,26,1441,0,0,0,2,99,-8.1,3.1,54,23,118,40,59,13,411,16,35,,colliza01
199,Isaiah Stewart,21,DET,C,50,47,1414,0,0,0,46,55,-8.4,0.2,17,16,70,18,64,5,170,11,20,,stewais01
200,AJ Griffin,19,ATL,SF,72,12,1401,0,15,74,11,0,2.9,3.8,17,15,47,1,23,5,174,4,22,,griffaj01
201,Isaiah Joe,23,OKC,SG,73,10,1395,36,54,11,0,0,4.8,5.6,23,13,55,1,36,34,216,8,11,,joeis01
202,Jonathan Kuminga,20,GSW,PF,67,16,1394,0,0,2,57,42,-1.4,-5.0,37,25,65,14,66,10,328,13,33,,kuminjo01
203,Jusuf Nurkić,28,POR,C,52,52,1391,0,0,0,0,100,-0.3,5.2,44,32,99,34,95,8,364,32,34,,nurkiju01
204,Dennis Smith Jr.,25,CHO,PG,54,15,1390,98,2,0,0,0,-1.6,6.4,52,16,63,5,46,6,614,5,37,,smithde03
205,Larry Nance Jr.,30,NOP,C,65,1,1381,0,0,0,19,81,7.8,8.8,17,7,57,15,35,15,281,9,14,,nancela02
206,Josh Okogie,24,PHO,SG,72,26,1350,6,86,8,0,0,5.1,5.0,30,15,59,5,84,38,253,7,26,,okogijo01
207,Devonte' Graham,27,2TM,PG,73,8,1338,62,38,0,0,0,-6.3,-4.2,32,13,43,5,50,13,444,8,12,,grahade01
208,Terrence Ross,31,2TM,SG,63,9,1330,8,49,38,5,0,-3.4,-2.2,23,8,58,3,16,8,228,5,16,,rosste01
209,Luke Kennard,26,2TM,SG,59,14,1315,18,66,16,0,0,6.5,5.5,23,14,44,6,13,6,227,4,12,,kennalu01
210,Doug McDermott,31,SAS,SF,64,0,1314,0,13,60,26,1,-10.6,-0.8,29,10,71,9,28,4,215,7,23,,mcderdo01
211,Talen Horton-Tucker,22,UTA,SG,65,20,1313,6,46,42,6,0,-0.4,1.0,60,24,50,19,78,10,584,21,45,,hortota01
212,Jose Alvarado,24,NOP,PG,61,10,1310,100,0,0,0,0,4.7,3.9,46,20,61,6,33,15,430,5,30,,alvarjo01
213,Aaron Wiggins,24,OKC,SG,70,14,1297,4,39,47,9,0,2.4,1.8,23,20,65,5,40,6,199,11,33,,wiggiaa01
214,Lonnie Walker IV,24,LAL,SG,56,32,1297,9,52,37,2,0,-6.6,-10.7,18,10,45,4,51,5,150,10,21,,walkelo01
215,Sam Hauser,25,BOS,SF,80,8,1290,0,11,57,31,0,7.7,1.6,13,11,59,3,6,4,175,1,6,,hausesa01
216,Jalen Smith,22,IND,C,68,31,1279,0,0,0,29,71,-4.5,-1.5,19,21,95,19,67,11,159,19,39,,smithja04
217,LaMelo Ball,21,CHO,PG,36,36,1268,75,25,0,0,0,-5.2,0.8,71,17,51,13,40,11,686,9,27,,ballla01
218,David Roddy,21,MEM,PF,70,4,1258,0,3,60,36,1,-2.0,-8.2,21,15,65,9,32,8,140,7,24,,roddyda01
219,Jaylen Nowell,23,MIN,SG,65,2,1252,15,61,22,1,0,-0.7,-0.8,38,14,54,5,51,14,311,18,38,,nowelja01
220,Naz Reid,23,MIN,C,68,11,1251,0,0,0,16,84,-4.6,-6.6,34,21,120,17,61,9,186,19,33,,reidna01
221,Trey Lyles,27,SAC,PF,74,0,1247,0,0,0,60,40,3.5,1.8,34,7,56,10,55,11,160,14,21,,lylestr01
222,Jalen Suggs,21,ORL,SG,53,19,1246,31,53,16,0,0,-2.4,0.6,55,21,54,11,49,27,366,15,29,,suggsja01
223,Kevin Love,34,2TM,PF,62,20,1240,0,0,0,89,11,3.4,-0.5,44,8,61,11,29,35,258,6,8,,loveke01
224,Cory Joseph,31,DET,PG,62,2,1227,100,0,0,0,0,-5.2,4.6,34,12,43,6,26,13,535,5,19,,josepco01
225,Delon Wright,30,WAS,PG,50,14,1221,78,22,0,0,0,2.4,5.3,18,16,32,3,29,15,467,11,14,,wrighde01
226,Nick Richards,25,CHO,C,65,9,1217,0,0,0,0,100,-3.8,2.9,10,12,73,33,99,5,89,34,38,,richani01
227,Seth Curry,32,BRK,SG,61,7,1211,35,49,17,0,0,-3.9,-7.4,24,9,33,7,17,12,244,8,14,,curryse01
228,Ochai Agbaji,22,UTA,SG,59,22,1209,35,38,24,4,0,-0.5,0.9,15,8,65,9,32,3,159,4,20,,agbajoc01
229,Kenrich Williams,28,OKC,PF,53,10,1206,0,8,39,43,10,4.7,5.1,11,10,60,7,21,35,255,5,13,,willike04
230,Matisse Thybulle,25,2TM,SG,71,28,1200,4,51,43,2,0,1.8,1.6,16,3,50,3,16,10,133,4,7,,thybuma01
231,Isaiah Livers,24,DET,PF,52,22,1199,0,0,17,78,5,-8.3,0.3,12,5,62,3,15,7,99,2,7,,liveris01
232,Cameron Johnson,26,2TM,PF,42,41,1199,0,0,1,88,12,6.6,6.1,17,13,42,3,49,11,187,16,26,,johnsca02
233,Anthony Lamb,25,GSW,SF,62,4,1195,0,1,50,49,0,1.0,-1.2,33,11,69,6,23,16,249,8,11,,lamban01
234,Taurean Prince,28,MIN,PF,54,4,1192,0,2,45,52,0,1.3,2.2,33,15,69,8,38,23,196,13,14,,princta02
235,Andrew Wiggins,27,GSW,SF,37,37,1190,0,1,73,26,0,5.3,5.0,23,12,59,10,38,10,219,12,21,,wiggian01
236,Jordan Nwora,24,2TM,SF,62,14,1188,0,4,42,53,0,-8.5,-10.1,25,22,47,7,49,4,207,17,29,,nworajo01
237,Gary Harris,28,ORL,SG,48,42,1184,9,79,12,0,0,-3.5,-1.0,11,4,43,3,12,6,145,3,14,,harriga01
238,Tre Mann,21,OKC,PG,67,5,1183,100,0,0,0,0,0.7,-0.7,26,19,55,5,28,8,297,9,16,,manntr01
239,Trendon Watford,22,POR,PF,62,12,1182,0,0,1,44,55,-6.4,-4.0,25,15,60,18,51,13,311,12,14,,watfotr01
240,Christian Braun,21,DEN,SG,76,6,1181,14,58,27,1,0,-3.2,-9.2,9,8,51,5,31,4,145,10,25,,braunch01
241,Xavier Tillman Sr.,24,MEM,C,61,29,1180,0,0,0,44,56,-1.3,-7.0,15,14,55,11,45,3,227,12,34,,tillmxa01
242,Devin Vassell,22,SAS,SG,38,32,1178,6,73,20,0,0,-12.9,-4.0,36,11,38,5,47,4,335,12,18,,vassede01
243,Collin Sexton,24,UTA,PG,48,15,1145,74,26,0,0,0,-0.9,0.3,40,26,51,8,92,28,334,24,51,,sextoco01
244,Precious Achiuwa,23,TOR,C,55,12,1140,0,0,0,17,83,-1.5,-3.8,8,21,53,19,58,7,128,15,31,,achiupr01
245,Steven Adams,29,MEM,C,42,42,1133,0,0,0,0,100,9.5,8.3,40,10,40,23,51,7,223,15,14,,adamsst01
246,Alec Burks,31,DET,SG,51,8,1122,2,84,13,1,0,-1.0,10.6,24,15,54,7,72,18,270,16,14,,burksal01
247,Lamar Stevens,25,CLE,SF,62,25,1120,0,11,58,32,0,1.8,-5.4,6,11,45,2,26,6,82,5,29,,stevela01
248,Moritz Wagner,25,ORL,C,57,18,1109,0,0,0,6,94,-1.5,1.8,20,13,67,19,90,24,197,21,31,,wagnemo01
249,Jordan Goodwin,24,WAS,PG,62,7,1106,87,13,0,0,0,-4.7,-4.8,34,12,48,2,34,12,399,9,27,,goodwjo01
250,Victor Oladipo,30,MIA,SG,42,2,1106,45,54,2,0,0,-1.5,-1.8,50,20,59,2,28,13,345,5,16,,oladivi01
251,Ben Simmons,26,BRK,PG,42,33,1105,25,71,4,0,0,2.6,1.8,48,16,55,24,22,8,630,8,10,,simmobe01
252,Jeff Green,36,DEN,PF,56,4,1091,0,0,8,89,3,-8.1,-15.8,17,4,53,15,60,12,161,13,17,,greenje02
253,Brandon Clarke,26,MEM,PF,56,8,1090,0,0,9,82,9,0.3,-4.6,12,10,72,22,71,3,171,25,18,,clarkbr01
254,Bones Hyland,22,2TM,PG,56,1,1085,97,3,0,0,0,-4.7,-9.7,49,16,42,5,34,8,400,8,36,,hylanbo01
255,Oshae Brissett,24,IND,PF,65,2,1083,0,1,5,92,3,0.1,4.8,13,8,40,7,64,6,109,6,22,,brissos01
256,Thomas Bryant,25,2TM,C,59,26,1081,0,0,0,3,97,-4.2,-6.1,13,7,68,11,65,3,77,18,32,,bryanth01
257,Obi Toppin,24,NYK,PF,67,5,1050,0,0,0,100,0,2.9,-0.3,14,8,42,9,22,0,160,2,15,,toppiob01
258,Joe Ingles,35,MIL,SF,46,0,1044,0,6,53,39,2,2.8,-1.1,39,7,35,2,5,10,348,1,5,,inglejo01
259,Jalen Johnson,21,ATL,SF,70,6,1042,0,0,0,99,1,0.2,-0.3,17,11,65,6,43,4,192,12,24,,johnsja05
260,Isaiah Jackson,21,IND,C,63,12,1042,0,0,0,22,78,-5.3,-2.5,13,8,72,24,70,4,121,17,29,,jacksis01
261,Dyson Daniels,19,NOP,PG,59,11,1042,17,57,26,0,0,0.5,-2.3,38,10,58,6,13,6,314,6,10,,daniedy01
262,Wenyen Gabriel,25,LAL,C,68,2,1024,0,0,0,22,78,0.5,-0.1,11,8,86,21,41,4,91,16,18,,gabriwe01
263,Austin Rivers,30,MIN,SG,52,10,1016,35,63,2,0,0,-5.8,-7.6,10,6,49,1,20,16,184,5,13,,riverau01
264,Hamidou Diallo,24,DET,SF,56,0,996,0,26,63,11,0,-0.4,10.9,25,12,41,16,73,15,133,19,18,,diallha01
265,Will Barton,32,2TM,SG,56,2,993,20,75,5,0,0,-8.3,-9.1,27,11,34,1,18,2,263,3,25,,bartowi01
266,Marvin Bagley III,23,DET,C,42,25,990,0,0,0,27,73,-11.0,-3.4,11,10,51,12,51,7,94,12,15,,baglema01
267,Cam Reddish,23,2TM,SF,40,20,990,0,1,84,16,0,-9.0,-9.7,16,25,46,1,38,5,136,11,19,,reddica01
268,Jock Landale,27,PHO,C,69,4,979,0,0,0,6,94,6.1,5.7,11,16,73,21,48,6,171,14,22,,landajo01
269,Nassir Little,22,POR,SF,54,4,976,1,21,56,22,0,-8.6,-6.6,15,11,37,7,22,4,122,6,19,,littlna01
270,Usman Garuba,20,HOU,C,75,1,970,0,0,0,7,93,-11.1,-3.8,15,6,71,15,17,5,152,5,19,,garubus01
271,JT Thor,20,CHO,PF,69,8,969,0,0,3,94,3,-6.6,-1.0,20,12,46,4,19,1,85,2,13,,thorjt01
272,Haywood Highsmith,26,MIA,PF,54,11,969,0,0,26,72,2,-3.5,-4.4,24,6,47,2,11,6,111,1,10,,highsha01
273,Cameron Payne,28,PHO,PG,48,15,968,98,2,0,0,0,2.7,1.3,49,9,31,9,31,23,494,5,21,,payneca01
274,Kendrick Nunn,27,2TM,SG,70,2,964,13,72,14,1,0,-2.8,-3.0,38,18,40,2,17,8,208,3,30,,nunnke01
275,Karl-Anthony Towns,27,MIN,PF,29,29,957,0,0,0,65,35,0.9,1.4,40,12,57,28,59,6,318,15,19,,townska01
276,Zion Williamson,22,NOP,PF,29,29,956,0,0,0,95,5,7.3,6.9,34,41,31,14,127,2,344,35,44,AS,willizi01
277,Kevin Knox,23,2TM,SF,63,5,952,0,1,20,68,10,-12.0,-5.8,11,20,55,6,25,1,78,5,12,,knoxke01
278,Cam Thomas,21,BRK,SG,57,4,948,9,56,32,3,0,-1.3,-3.3,22,18,32,4,76,10,187,18,14,,thomaca02
279,Mike Muscala,31,2TM,C,63,9,945,0,0,0,9,91,9.0,7.1,7,3,50,12,18,3,121,1,10,,muscami01
280,Maxi Kleber,31,DAL,PF,37,5,930,0,0,0,64,36,-2.8,-3.9,10,7,62,5,13,7,138,2,5,,klebima01
281,Yuta Watanabe,28,BRK,SF,58,1,928,0,4,31,58,8,-1.2,-3.2,10,5,57,3,24,8,117,3,9,,watanyu01
282,Ish Wainright,28,PHO,SF,60,2,915,0,0,36,64,0,5.4,4.8,13,0,62,5,11,8,133,2,8,,wainris01
283,Daishen Nix,20,HOU,PG,57,7,914,83,17,0,0,0,-7.8,0.7,59,17,32,5,15,4,304,2,12,,nixda01
284,Jaylin Williams,20,OKC,C,49,36,914,0,0,0,0,100,-3.8,-6.5,17,4,64,13,26,48,185,4,17,,willija07
285,Chris Duarte,25,IND,SF,46,12,897,1,5,72,23,0,-5.6,-2.8,18,10,38,5,32,8,151,7,18,,duartch01
286,Derrick Jones Jr.,25,CHI,PF,64,0,893,0,0,4,86,10,7.4,7.5,6,8,38,9,41,5,85,11,19,,jonesde02
287,Dean Wade,26,CLE,PF,44,13,891,0,0,33,62,5,7.1,1.8,10,4,44,0,13,8,96,4,7,,wadede01
288,Vlatko Čančar,25,DEN,PF,60,9,889,0,0,1,90,9,-3.9,-9.3,16,12,47,6,22,7,193,7,9,,cancavl01
289,Nickeil Alexander-Walker,24,2TM,SG,59,3,884,12,59,27,1,0,-2.5,-2.0,38,9,59,3,25,23,262,6,13,,alexani01
290,Bismack Biyombo,30,PHO,C,61,14,874,0,0,0,1,99,3.8,2.5,10,12,68,20,33,4,126,12,11,,biyombi01
291,Goran Dragić,36,2TM,PG,58,0,870,94,5,1,0,0,0.0,-1.8,37,10,25,3,23,7,344,5,15,,dragigo01
292,James Wiseman,21,2TM,C,45,22,867,0,0,0,0,100,-17.6,-13.7,13,10,69,16,43,2,72,7,22,,wisemja01
293,Théo Maledon,21,CHO,PG,44,7,854,100,0,0,0,0,-8.1,-2.9,37,11,34,2,30,5,359,9,15,,maledth01
294,Andre Drummond,29,CHI,C,67,0,849,0,0,0,0,100,3.2,2.1,21,17,58,23,65,4,75,14,27,,drumman01
295,Aaron Holiday,26,ATL,PG,63,6,845,61,39,0,0,0,1.9,1.8,20,6,40,3,13,15,214,5,16,,holidaa01
296,Romeo Langford,23,SAS,SG,43,21,844,3,57,39,1,0,-8.9,1.6,14,9,33,2,28,20,118,6,13,,langfro01
297,Terence Davis,25,SAC,SG,64,5,841,3,47,48,1,0,3.4,1.4,29,11,50,7,21,4,153,4,12,,daviste02
298,George Hill,36,2TM,SG,46,1,834,71,29,0,0,0,2.2,-0.4,20,9,32,4,12,14,262,1,8,,hillge01
299,Mark Williams,21,CHO,C,43,17,828,0,0,0,0,100,-4.3,1.9,10,12,53,16,47,1,43,10,20,,willima07
300,Robert Williams,25,BOS,C,35,20,824,0,0,1,46,53,10.2,4.5,16,6,44,8,22,0,128,9,12,,williro04
301,Wesley Matthews,36,MIL,SF,52,0,820,1,29,56,13,1,4.8,1.5,7,4,36,5,10,9,86,0,2,,matthwe02
302,Moses Moody,20,GSW,SG,63,3,817,0,47,51,2,0,-0.7,-3.2,20,6,30,1,30,9,127,12,10,,moodymo01
303,Rudy Gay,36,UTA,PF,56,0,816,0,0,23,57,20,3.1,5.3,17,9,38,3,22,2,140,3,2,,gayru01
304,Ty Jerome,25,GSW,SG,45,2,816,21,61,18,0,0,-6.0,-9.8,16,7,30,2,23,5,340,8,9,,jeromty01
305,Jeremiah Robinson-Earl,22,OKC,PF,43,20,814,0,0,10,42,47,0.1,-1.4,6,5,46,2,22,2,104,2,13,,robinje02
306,Jericho Sims,24,NYK,C,52,16,812,0,0,0,17,83,-6.3,-11.8,6,5,63,11,8,1,60,4,6,,simsje01
307,Caleb Houstan,20,ORL,SF,51,4,812,2,34,53,11,1,-5.5,-3.4,8,3,35,1,6,0,78,1,7,,houstca01
308,Danuel House Jr.,29,PHI,SF,56,5,807,0,11,81,8,0,0.9,-4.9,11,4,39,5,30,11,104,6,4,,houseda01
309,Landry Shamet,25,PHO,SG,40,9,807,41,59,0,0,0,1.7,-0.1,18,13,33,2,16,13,211,3,15,,shamela01
310,Dario Šarić,28,2TM,C,57,12,806,0,0,0,60,40,0.9,-1.0,22,13,66,10,42,3,174,18,18,,saricda01
311,Luke Kornet,27,BOS,C,69,0,804,0,0,0,0,100,4.6,-2.5,7,6,63,6,17,1,136,5,7,,kornelu01
312,Christian Koloko,22,TOR,C,58,19,802,0,0,0,0,100,8.5,9.2,5,4,83,10,25,2,72,3,20,,kolokch01
313,Khris Middleton,31,MIL,SF,33,19,801,0,20,63,16,0,6.5,3.7,39,19,34,4,39,6,385,11,19,,middlkh01
314,JaMychal Green,32,GSW,PF,57,1,797,0,0,0,30,71,-8.2,-12.6,16,12,55,17,36,5,130,9,14,,greenja01
315,Thaddeus Young,34,TOR,PF,54,9,795,0,0,3,38,59,-5.4,-8.2,31,7,49,2,14,10,168,4,9,,youngth01
316,Bryce McGowens,20,CHO,SG,46,7,787,3,63,35,0,0,-8.4,-3.3,19,12,23,7,40,11,122,10,19,,mcgowbr01
317,Josh Christopher,21,HOU,SG,64,2,786,5,81,14,0,0,-15.0,-8.3,28,22,35,6,28,2,173,7,20,,chrisjo01
318,Robert Covington,32,LAC,PF,48,0,779,0,0,21,73,6,-0.2,-1.1,23,3,56,1,18,5,137,2,9,,covinro01
319,Justise Winslow,26,POR,PF,29,11,776,0,10,62,28,1,-1.6,2.5,21,12,44,7,12,7,225,0,13,,winslju01
320,Mo Bamba,24,2TM,C,49,7,769,0,0,0,0,100,0.8,4.1,11,9,69,8,27,0,111,7,14,,bambamo01
321,Simone Fontecchio,27,UTA,SF,52,6,766,0,13,58,29,0,-13.2,-15.1,17,10,29,4,19,2,103,3,16,,fontesi01
322,Miles McBride,22,NYK,PG,64,2,760,91,9,0,0,0,5.5,2.9,13,5,33,2,14,12,178,2,11,,mcbrimi01
323,Paul Reed,23,PHI,C,69,2,755,0,0,0,1,99,0.8,-4.9,10,13,81,10,27,2,65,7,17,,reedpa01
324,John Wall,32,LAC,PG,34,3,755,79,21,0,0,0,-5.2,-7.2,49,21,39,5,59,1,435,13,30,,walljo01
325,R.J. Hampton,21,2TM,SG,47,3,750,43,43,14,0,0,-9.1,-3.7,19,6,28,7,37,1,135,8,14,,hamptrj01
326,Edmond Sumner,27,BRK,SG,53,12,736,42,48,10,1,0,2.9,2.0,25,13,38,3,56,10,155,14,25,,sumneed01
327,Zeke Nnaji,22,DEN,PF,53,5,728,0,0,0,23,77,-5.8,-11.1,6,3,64,17,25,1,45,5,12,,nnajize01
328,Jaden Hardy,20,DAL,SG,48,5,708,41,54,4,0,0,-3.3,-4.3,20,14,29,6,30,6,163,7,30,,hardyja02
329,Justin Holiday,33,2TM,SF,46,2,706,0,22,65,10,3,-7.5,-8.6,15,3,40,1,4,6,99,1,9,,holidju01
330,MarJon Beauchamp,22,MIL,SF,52,11,701,1,41,52,6,0,-5.6,-11.2,16,11,37,7,18,3,91,2,17,,beaucma01
331,Aleksej Pokusevski,21,OKC,PF,34,25,701,0,0,1,21,79,-13.0,-17.3,22,10,38,2,15,1,151,1,8,,pokusal01
332,Juan Toscano-Anderson,29,2TM,SF,52,9,700,0,15,59,26,0,-9.2,-9.8,15,8,40,8,9,9,159,2,12,,toscaju01
333,Malachi Flynn,24,TOR,PG,53,2,691,100,0,0,0,0,-2.7,-4.7,13,8,34,3,13,5,161,4,9,,flynnma01
334,Duncan Robinson,28,MIA,SF,42,1,691,1,6,55,38,0,-4.5,-5.2,20,1,48,4,10,7,106,4,5,,robindu01
335,Chimezie Metu,25,SAC,PF,66,0,689,0,0,1,68,31,7.1,5.9,11,13,49,4,34,2,101,8,11,,metuch01
336,T.J. Warren,29,2TM,PF,42,0,687,0,0,19,68,14,3.7,2.3,4,5,33,4,17,2,95,6,7,,warretj01
337,Garrison Mathews,26,2TM,SG,54,0,686,0,33,66,1,0,-5.6,1.9,8,2,27,3,18,26,63,2,2,,mathega01
338,Montrezl Harrell,29,PHI,C,57,7,681,0,0,0,7,93,2.8,-2.4,13,11,50,9,53,14,80,17,19,,harremo01
339,Jordan McLaughlin,26,MIN,PG,43,0,678,97,4,0,0,0,6.9,8.6,28,3,22,0,7,6,342,1,8,,mclaujo01
340,Jae'Sean Tate,27,HOU,SF,31,7,677,0,38,55,7,0,-7.1,1.5,16,8,49,12,30,13,214,9,25,,tateja01
341,Blake Wesley,19,SAS,SG,37,1,669,36,57,7,0,0,-14.5,-5.3,37,17,46,3,20,2,246,3,26,,weslebl01
342,Sandro Mamukelashvili,23,2TM,C,43,7,660,0,0,0,23,77,-9.8,-4.6,16,9,31,5,27,6,150,5,14,,mamuksa01
343,Eugene Omoruyi,25,2TM,SF,40,6,645,0,2,37,57,5,-3.5,1.0,14,7,44,7,32,17,63,8,22,,omorueu01
344,Payton Pritchard,25,BOS,PG,48,3,643,100,0,0,0,0,1.1,-6.5,21,9,16,0,7,2,162,1,9,,pritcpa01
345,Amir Coffey,25,LAC,SF,50,9,625,1,7,74,18,1,-8.8,-11.3,11,7,32,2,29,7,127,5,16,,coffeam01
346,Anthony Gill,30,WAS,PF,59,8,624,0,0,30,66,5,0.2,1.8,8,3,44,2,30,8,81,8,10,,gillan01
347,Jabari Walker,20,POR,PF,56,0,619,0,6,37,55,2,-8.7,-6.0,10,8,29,8,21,4,84,5,13,,walkeja01
348,Darius Bazley,22,2TM,C,43,1,616,0,0,0,16,84,-2.9,-4.3,12,9,24,1,38,3,96,6,26,,bazleda01
349,Juancho Hernangómez,27,TOR,PF,42,10,614,0,0,0,52,49,0.4,-0.9,3,5,25,4,8,5,66,2,5,,hernaju01
350,Jaxson Hayes,22,NOP,C,47,2,610,0,0,0,46,54,-5.2,-8.7,17,2,37,8,39,3,92,8,8,,hayesja02
351,Frank Ntilikina,24,DAL,SG,47,5,607,17,59,24,1,0,5.9,6.7,12,7,38,2,16,6,150,3,7,,ntilila01
352,DeAndre Jordan,34,DEN,C,39,8,586,0,0,0,0,100,-8.8,-14.1,20,7,38,16,24,0,81,6,6,,jordade01
353,Blake Griffin,33,BOS,C,41,16,569,0,0,2,23,76,8.3,2.0,5,2,35,10,13,17,157,4,5,,griffbl01
354,Ousmane Dieng,19,OKC,PF,39,1,569,0,0,8,71,20,3.9,3.2,10,8,26,2,12,0,107,3,8,,diengou01
355,Kris Dunn,28,UTA,PG,22,3,568,97,3,0,0,0,-5.1,-4.7,21,7,33,3,30,1,300,9,16,,dunnkr01
356,Patty Mills,34,BRK,PG,40,2,567,100,0,0,0,0,-7.2,-9.9,17,8,14,2,9,8,130,1,7,,millspa02
357,Ricky Rubio,32,CLE,PG,33,2,566,60,40,0,0,0,3.3,-2.7,22,3,22,0,14,15,281,2,12,,rubiori01
358,Ziaire Williams,21,MEM,SF,37,4,561,1,13,77,9,0,-5.3,-10.4,16,9,35,2,12,17,80,4,5,,willizi02
359,Day'Ron Sharpe,21,BRK,C,48,3,552,0,0,0,0,100,-10.3,-13.5,13,11,47,16,25,0,85,6,17,,sharpda01
360,Kai Jones,22,CHO,C,46,0,550,0,0,0,58,42,-2.7,3.5,5,5,38,11,16,1,38,8,8,,joneska01
361,Lindy Waters III,25,OKC,SG,41,0,531,1,20,54,24,0,10.0,10.1,3,4,31,0,7,1,72,0,3,,waterli01
362,Rodney McGruder,31,DET,SG,32,12,524,0,56,40,4,0,-5.0,4.1,8,2,23,1,9,10,65,1,9,,mcgruro01
363,Chuma Okeke,24,ORL,SF,27,8,518,5,52,40,3,0,-10.4,-8.7,7,3,24,1,9,1,92,1,4,,okekech01
364,James Bouknight,22,CHO,SG,34,0,515,9,89,3,0,0,-7.9,-2.4,8,12,26,3,14,4,101,2,13,,bouknja01
365,Max Christie,19,LAL,SG,41,3,512,0,26,68,6,0,-8.5,-10.4,8,1,26,1,7,1,50,0,6,,chrisma02
366,Charles Bassey,22,SAS,C,35,2,508,0,0,0,11,89,-3.6,7.5,14,7,41,13,17,0,112,5,4,,bassech01
367,Raul Neto,30,CLE,PG,48,1,505,100,0,0,0,0,2.7,-3.4,17,5,24,1,11,14,192,2,5,,netora01
368,Dāvis Bertāns,30,DAL,PF,45,1,492,0,0,4,73,24,-3.4,-4.2,7,1,26,2,5,3,48,1,3,,bertada01
369,Taj Gibson,37,WAS,C,49,2,480,0,0,0,18,82,-1.6,-0.4,7,5,39,8,17,5,82,4,8,,gibsota01
370,Javonte Green,29,CHI,SF,32,1,480,0,10,61,29,0,6.8,5.9,7,6,27,4,24,6,53,5,8,,greenja02
371,Damian Jones,27,2TM,C,41,1,477,0,0,0,7,93,-9.4,-9.5,8,2,32,10,13,2,39,1,11,,jonesda03
372,Isaiah Roby,24,SAS,PF,42,2,474,0,0,8,76,17,-11.7,-1.9,13,10,33,3,21,3,87,6,7,,robyis01
373,Stanley Johnson,26,SAS,SF,30,0,469,0,8,40,52,1,-7.4,3.0,23,5,26,3,19,1,158,7,9,,johnsst04
374,Svi Mykhailiuk,25,2TM,SF,32,8,468,1,23,69,7,0,1.6,7.2,11,10,13,3,15,3,127,4,11,,mykhasv01
375,Evan Fournier,30,NYK,SG,27,7,459,0,55,45,0,0,-4.7,-8.9,11,7,19,3,5,3,88,0,4,,fournev01
376,Willy Hernangómez,28,NOP,C,38,2,458,0,0,0,0,100,2.2,0.1,7,9,38,14,46,3,83,7,18,,hernawi01
377,Kevon Harris,25,ORL,SG,34,0,457,23,67,10,0,0,0.2,3.4,10,6,32,3,19,2,37,8,10,,harrike01
378,Goga Bitadze,23,2TM,C,38,1,457,0,0,0,0,100,2.1,5.5,7,8,31,6,17,1,94,4,11,,bitadgo01
379,Admiral Schofield,25,ORL,PF,37,0,451,0,1,22,65,13,-9.1,-7.0,11,2,38,2,8,8,79,3,6,,schofad01
380,TyTy Washington Jr.,21,HOU,PG,31,2,433,100,0,0,0,0,-5.3,3.3,8,4,20,1,8,4,106,2,4,,washity02
381,Dewayne Dedmon,33,2TM,C,38,1,426,0,0,0,0,100,-10.3,-11.8,4,4,41,11,23,3,62,7,16,,dedmode01
382,Orlando Robinson,22,MIA,C,31,1,425,0,0,0,4,96,4.0,4.7,4,5,24,6,14,3,63,3,8,,robinor01
383,Johnny Davis,20,WAS,SG,28,5,423,0,52,47,1,0,-6.9,-6.2,5,8,24,2,14,2,67,4,9,,davisjo06
384,Keon Johnson,20,POR,SG,40,0,416,66,33,1,0,0,-18.0,-16.1,23,8,20,2,18,4,144,3,9,,johnske07
385,Jake LaRavia,21,MEM,PF,35,0,414,0,0,19,61,20,-6.9,-11.7,7,4,24,1,5,3,51,1,4,,laravja01
386,Dominick Barlow,19,SAS,PF,28,0,408,0,0,11,54,36,-12.0,-2.1,5,4,40,5,12,2,59,5,8,,barlodo01
387,Bruno Fernando,24,2TM,C,39,4,405,0,0,0,0,100,-8.3,-1.0,7,5,36,10,23,1,77,4,14,,fernabr01
388,Cade Cunningham,21,DET,PG,12,12,400,73,26,1,0,0,-7.5,1.1,21,11,16,5,18,2,176,3,23,,cunnica01
389,Ish Smith,34,DEN,PG,43,0,398,100,0,0,0,0,-4.1,-8.3,30,11,19,1,2,4,241,0,6,,smithis01
390,Duane Washington Jr.,22,PHO,SG,31,3,394,72,26,2,0,0,-3.7,-6.2,22,11,13,0,10,3,147,3,16,,washidu02
391,Kessler Edwards,22,2TM,SF,36,4,385,0,18,66,15,0,1.7,-0.4,6,4,23,2,3,4,60,0,5,,edwarke02
392,Saben Lee,23,2TM,PG,25,1,373,99,1,0,0,0,-2.8,-5.2,17,4,14,2,25,8,155,3,13,,leesa01
393,Gary Payton II,30,2TM,SG,22,1,367,27,66,8,0,0,5.1,7.5,5,4,19,5,2,1,77,1,1,,paytoga02
394,Udoka Azubuike,23,UTA,C,36,4,359,0,0,0,2,99,-11.2,-11.1,2,5,29,2,9,0,24,2,3,,azubuud01
395,Gorgui Dieng,33,SAS,C,31,1,358,0,0,0,19,81,-21.3,-12.4,17,4,37,3,5,6,126,1,5,,dienggo01
396,JaVale McGee,35,DAL,C,42,7,355,0,0,0,0,100,-7.4,-8.5,10,6,30,14,20,2,25,5,8,,mcgeeja01
397,Markieff Morris,33,2TM,PF,35,2,355,0,0,7,57,36,2.5,1.8,10,1,23,5,3,1,68,0,0,,morrima02
398,Furkan Korkmaz,25,PHI,SG,37,0,353,0,74,24,1,0,1.0,-4.1,11,4,9,3,17,1,53,4,8,,korkmfu01
399,Richaun Holmes,29,SAC,C,42,1,348,0,0,0,5,95,-11.4,-15.0,2,2,30,7,9,0,23,3,8,,holmeri01
400,A.J. Green,23,MIL,SG,35,1,345,17,55,28,1,0,-4.4,-8.8,2,5,21,0,1,2,57,0,1,,greenaj01
401,Davon Reed,27,2TM,SG,43,1,342,9,65,24,2,0,-12.6,-17.0,9,3,24,2,9,1,56,0,6,,reedda01
402,Jae Crowder,32,MIL,PF,18,3,340,0,1,41,58,0,0.5,-3.4,1,2,16,4,5,2,64,1,2,,crowdja01
403,Derrick Rose,34,NYK,PG,27,0,338,91,9,0,0,0,-2.9,-6.6,12,5,10,2,6,2,106,1,13,,rosede01
404,McKinley Wright IV,24,DAL,PG,27,1,335,99,1,0,0,0,-13.5,-15.0,8,9,17,0,7,4,151,5,7,,wrighmc01
405,Theo Pinson,27,DAL,SG,40,1,323,2,16,41,36,5,-5.1,-5.9,7,2,17,1,3,3,115,1,5,,pinsoth01
406,Julian Champagnie,21,2TM,SF,17,3,320,0,16,60,24,0,-10.1,-0.3,4,5,19,1,9,1,24,5,5,,champju02
407,Matt Ryan,25,2TM,SF,34,0,310,0,15,57,28,1,2.4,2.4,2,1,13,1,4,1,35,0,4,,ryanma01
408,Robin Lopez,34,CLE,C,37,2,299,0,0,0,0,100,-9.3,-16.2,7,4,25,7,8,4,50,4,7,,lopezro01
409,Moses Brown,23,2TM,C,36,1,294,0,0,0,0,100,3.8,3.5,2,3,21,5,29,1,9,8,11,,brownmo01
410,Nathan Knight,25,MIN,C,38,0,291,0,0,0,53,47,-2.8,-2.8,4,9,24,5,30,0,34,5,7,,knighna01
411,Kennedy Chandler,20,MEM,PG,36,0,281,100,0,0,0,0,-7.8,-12.3,7,8,6,0,6,2,128,2,11,,chandke01
412,Dalano Banton,23,TOR,PG,31,2,279,46,49,6,0,0,-6.6,-8.4,7,7,20,1,11,0,85,2,7,,bantoda01
413,Trent Forrest,24,ATL,SG,23,3,277,29,66,6,0,0,-8.4,-9.5,12,2,12,0,2,1,92,1,7,,forretr01
414,Bryn Forbes,29,MIN,SG,25,0,268,56,44,0,0,0,-7.7,-8.1,4,3,11,0,8,1,42,2,5,,forbebr01
415,Terry Taylor,23,2TM,PF,31,2,264,0,8,10,73,9,4.4,7.2,1,2,7,3,6,1,28,1,6,,taylote01
416,Jeff Dowtin Jr.,25,TOR,PG,25,0,259,56,44,0,0,0,2.0,0.9,3,0,9,0,4,3,70,2,3,,dowtije01
417,KZ Okpala,23,SAC,PF,35,3,248,0,1,65,35,0,3.7,1.5,4,1,17,1,4,7,31,0,2,,okpalkz01
418,Brandon Boston Jr.,21,LAC,SF,22,1,248,1,71,26,3,0,-10.6,-12.0,2,6,10,1,16,4,46,6,11,,bostobr01
419,Luka Garza,24,MIN,C,28,0,243,0,0,0,2,98,1.3,1.6,1,4,21,7,22,3,43,5,8,,garzalu01
420,Jamal Cain,23,MIA,PF,18,0,240,0,14,48,38,0,7.3,8.0,2,2,8,2,13,1,32,4,2,,cainja01
421,Kira Lewis Jr.,21,NOP,PG,25,0,235,88,12,0,0,0,11.0,9.4,5,3,10,1,9,0,54,2,9,,lewiski01
422,Frank Kaminsky,29,2TM,C,36,0,235,0,0,0,9,91,-2.1,-0.3,4,1,18,3,6,0,75,0,3,,kaminfr01
423,Johnny Juzang,21,UTA,SG,18,0,232,1,76,23,1,0,-17.4,-17.4,0,2,7,1,2,1,18,0,2,,juzanjo01
424,David Duke Jr.,23,BRK,SG,23,0,228,0,23,64,13,0,-7.0,-8.8,10,2,11,4,10,3,55,3,10,,dukeda01
425,Patrick Baldwin Jr.,20,GSW,SF,31,0,226,0,1,22,69,9,-11.4,-14.0,5,0,9,3,3,1,27,0,3,,baldwpa01
426,John Butler,20,POR,C,19,1,221,0,0,0,0,100,-15.7,-12.7,1,0,18,0,3,0,25,2,2,,butlejo01
427,Cody Zeller,30,MIA,C,15,2,217,0,0,0,0,100,-11.9,-12.4,6,0,19,6,14,0,26,3,3,,zelleco01
428,Dalen Terry,20,CHI,SG,38,0,214,0,22,61,18,0,2.8,1.2,2,2,15,1,10,4,58,1,7,,terryda01
429,Matthew Dellavedova,32,SAC,PG,32,0,213,94,6,0,0,0,-8.2,-11.1,7,1,7,2,2,7,98,1,1,,dellama01
430,Thanasis Antetokounmpo,30,MIL,PF,37,0,206,0,0,7,53,40,-25.9,-31.1,1,2,10,4,9,0,39,0,5,,antetth01
431,Nikola Jović,19,MIA,PF,15,8,204,0,0,0,54,46,-3.4,-3.3,7,0,13,0,8,3,25,3,0,,jovicni01
432,Jared Rhoden,23,DET,SG,14,0,198,0,6,62,32,0,1.3,10.2,1,0,11,2,2,0,9,0,5,,rhodeja01
433,Moussa Diabaté,21,LAC,C,22,1,195,0,0,3,21,76,-9.6,-10.8,2,2,4,3,9,1,8,4,6,,diabamo01
434,Nerlens Noel,28,2TM,C,17,4,195,0,0,0,2,98,-15.6,-9.6,4,5,21,3,4,6,23,0,2,,noelne01
435,Skylar Mays,25,POR,PG,6,6,189,100,0,0,0,0,-16.2,-13.1,5,3,8,1,6,1,116,2,8,,mayssk01
436,Peyton Watson,20,DEN,SG,23,2,186,0,29,66,5,0,-14.5,-18.6,4,3,8,0,10,2,23,2,4,,watsope01
437,Serge Ibaka,33,MIL,C,16,0,185,0,0,0,20,80,-9.5,-13.7,1,4,10,5,5,0,10,1,3,,ibakase01
438,Kenneth Lofton Jr.,20,MEM,PF,24,1,176,0,0,0,45,55,-14.0,-18.4,3,3,12,5,15,0,51,5,4,,loftoke01
439,Mamadi Diakite,26,CLE,C,22,2,176,0,0,0,17,83,0.6,-5.3,3,2,16,3,1,1,19,0,3,,diakima01
440,Ryan Arcidiacono,28,2TM,PG,20,4,172,85,15,0,0,0,-10.3,-8.0,4,3,10,0,0,7,53,0,2,,arcidry01
441,Boban Marjanović,34,HOU,C,31,0,171,0,0,0,0,100,16.7,26.1,3,7,6,1,14,0,20,7,3,,marjabo01
442,Noah Vonleh,27,BOS,C,23,1,171,0,0,0,20,80,-2.2,-9.2,2,2,15,7,1,0,20,0,4,,vonleno01
443,Vít Krejčí,22,ATL,PG,29,0,165,30,68,2,0,0,-0.6,-1.0,2,1,12,1,1,0,42,0,3,,krejcvi01
444,Garrett Temple,36,NOP,SG,25,0,162,0,22,78,1,0,-3.0,-5.4,3,0,9,0,2,0,29,0,2,,templga01
445,Khem Birch,30,TOR,C,20,0,162,0,0,0,0,100,3.6,2.5,1,1,8,6,2,1,18,1,1,,birchkh01
446,James Johnson,35,IND,PF,18,1,162,0,0,7,64,29,-0.2,3.4,3,1,21,4,3,1,39,0,3,,johnsja01
447,Alex Len,29,SAC,C,26,2,161,0,0,0,0,100,5.9,3.8,6,4,13,5,6,0,31,0,1,,lenal01
448,Luka Šamanić,23,UTA,PF,7,4,161,0,0,60,40,0,-0.8,0.4,6,1,9,2,7,0,33,1,3,,samanlu01
449,Dru Smith,25,2TM,SG,15,1,158,58,41,1,0,0,-8.4,-9.2,1,1,14,0,2,1,51,1,3,,smithdr01
450,Wendell Moore Jr.,21,MIN,SG,29,2,153,17,29,44,10,0,-12.7,-13.1,5,1,7,0,2,3,45,0,3,,moorewe01
451,Otto Porter Jr.,29,TOR,SF,8,2,146,10,75,14,0,0,-9.8,-11.4,2,1,3,0,4,3,18,2,0,,porteot01
452,Kemba Walker,32,DAL,PG,9,1,144,100,0,0,0,0,-3.5,-3.9,4,0,11,0,9,3,48,2,5,,walkeke02
453,Danny Green,35,2TM,SG,11,0,138,0,56,39,5,0,-6.4,-11.7,6,1,10,2,1,1,16,1,1,,greenda02
454,Jarrett Culver,23,ATL,SF,10,1,137,0,17,37,47,0,-6.3,-7.0,2,2,9,1,7,3,15,1,4,,culveja01
455,Quenton Jackson,24,WAS,PG,9,0,135,57,43,0,0,0,-8.4,-7.4,1,1,5,0,8,6,37,2,3,,jacksqu01
456,Cody Martin,27,CHO,SF,7,0,134,0,41,59,0,0,-7.6,-1.9,2,0,10,0,5,1,28,3,4,,martico01
457,Nate Williams,23,POR,SG,5,4,127,3,88,9,0,0,-10.8,-7.4,2,0,9,1,2,0,23,1,2,,willije02
458,Xavier Cooks,27,WAS,PF,10,1,126,0,0,9,91,0,4.7,6.1,1,5,7,1,3,1,15,0,3,,cooksxa01
459,Jason Preston,23,LAC,PG,14,0,124,100,0,0,0,0,-5.6,-6.5,5,4,6,0,0,1,61,0,0,,prestja01
460,Jonathan Isaac,25,ORL,PF,11,0,124,0,0,98,2,0,-6.4,-3.7,0,2,2,0,5,0,15,1,2,,isaacjo01
461,Shaquille Harrison,29,POR,SG,5,0,120,71,29,0,0,0,5.0,8.9,5,0,6,0,8,2,76,2,2,,harrish01
462,Meyers Leonard,30,MIL,C,9,2,114,0,0,0,0,100,-11.5,-15.6,2,0,9,4,4,0,2,1,2,,leoname01
463,Olivier Sarr,23,OKC,C,9,1,114,0,0,0,0,100,6.1,5.0,0,2,10,2,4,1,9,1,0,,sarrol01
464,Andre Iguodala,39,GSW,PF,8,0,113,0,0,0,95,5,15.2,13.8,7,1,8,1,1,2,47,1,0,,iguodan01
465,Daniel Theis,30,IND,C,7,1,109,0,0,0,0,100,-8.9,-5.6,0,0,4,1,7,0,23,2,3,,theisda01
466,A.J. Lawson,22,2TM,SG,15,0,108,1,36,48,15,0,-18.2,-18.9,2,0,7,0,5,1,5,2,3,,lawsoaj01
467,Justin Jackson,27,BOS,SF,23,0,107,0,0,77,23,0,-29.3,-36.9,2,0,5,0,1,0,21,0,1,,jacksju01
468,Vince Williams Jr.,22,MEM,SG,15,1,105,7,91,2,0,0,-16.3,-20.5,2,1,7,1,1,1,10,0,1,,willivi01
469,Josh Minott,20,MIN,SF,15,0,96,0,5,75,21,0,10.3,10.8,2,1,8,0,4,0,11,0,6,,minotjo01
470,Jay Huff,24,WAS,C,7,0,95,0,0,0,0,100,-4.5,-3.3,1,2,11,2,5,0,26,1,0,,huffja01
471,Greg Brown III,21,POR,PF,16,0,93,0,0,44,49,7,-2.5,1.2,2,1,6,0,6,0,7,2,4,,browngr01
472,Joshua Primo,20,SAS,SG,4,0,93,8,56,37,0,0,-0.4,9.9,6,3,6,0,5,5,45,1,4,,primojo01
473,Buddy Boeheim,23,DET,SF,10,0,90,0,3,25,72,0,1.6,10.3,0,0,2,0,1,0,11,0,0,,boehebu01
474,Jaden Springer,20,PHI,SG,16,2,89,95,5,0,0,0,-0.4,-5.3,2,1,11,0,3,0,19,0,3,,sprinja01
475,Justin Minaya,23,POR,SF,4,0,89,5,23,72,0,0,-11.8,-8.3,3,0,7,0,1,0,10,1,0,,minayju01
476,Lindell Wigginton,24,MIL,PG,7,1,87,100,0,0,0,0,-20.3,-24.4,9,2,6,1,5,4,33,1,2,,wiggili01
477,Isaiah Mobley,23,CLE,PF,12,0,84,0,0,35,46,19,18.3,12.9,0,0,5,1,2,1,8,0,2,,mobleis01
478,Jordan Hall,21,SAS,SF,9,0,83,11,67,23,0,0,-14.0,-4.0,2,0,3,2,4,0,28,1,1,,halljo02
479,Omer Yurtseven,24,MIA,C,9,0,83,0,0,0,0,100,6.5,6.9,1,2,11,1,3,0,4,2,1,,yurtsom01
480,PJ Dozier,26,SAC,SF,16,0,79,7,34,54,6,0,-14.0,-16.6,5,0,4,0,0,4,23,0,1,,doziepj01
481,Jared Butler,22,OKC,PG,6,1,77,1,99,0,0,0,-1.3,-2.5,4,1,4,0,0,1,20,0,4,,butleja02
482,Keon Ellis,23,SAC,SG,16,0,71,3,65,32,0,0,-16.8,-19.5,1,0,8,0,2,0,14,0,0,,elliske01
483,Udonis Haslem,42,MIA,C,7,1,71,0,0,0,29,71,-11.0,-11.1,0,1,7,0,2,5,0,1,0,,hasleud01
484,Jamaree Bouyea,23,2TM,PG,5,0,71,100,0,0,0,0,-13.6,-13.6,0,2,2,1,1,0,8,0,1,,bouyeja01
485,Trevelin Queen,25,IND,SG,7,0,70,40,60,0,0,0,7.4,11.0,2,4,3,0,1,2,14,0,1,,queentr01
486,Leandro Bolmaro,22,UTA,SF,14,0,68,0,0,91,9,0,-0.1,1.0,5,1,7,0,0,4,17,0,1,,bolmale01
487,Jack White,25,DEN,SF,17,0,66,0,0,50,50,0,-6.1,-9.6,0,0,8,0,2,0,9,1,2,,whiteja03
488,Tyrese Martin,23,ATL,SG,16,0,66,0,6,72,22,0,0.8,0.4,0,2,1,0,1,0,5,0,2,,martity01
489,JD Davison,20,BOS,SG,12,0,66,26,74,0,0,0,-4.6,-11.4,3,1,2,0,1,1,25,0,1,,davisjd01
490,Ryan Rollins,20,GSW,PG,12,0,62,100,0,0,0,0,-37.3,-39.8,7,5,3,1,0,0,14,0,2,,rolliry01
491,Isaiah Todd,21,WAS,PF,6,1,61,0,0,5,16,80,-6.9,-5.7,0,1,2,1,0,0,11,0,1,,toddis01
492,Sam Merrill,26,CLE,SG,5,0,59,5,95,0,0,0,-3.4,-9.2,0,0,1,0,0,0,13,0,0,,merrisa01
493,Carlik Jones,25,CHI,PG,7,0,56,100,0,0,0,0,23.4,22.2,1,1,0,0,3,0,13,0,2,,jonesca03
494,Gabe York,29,IND,SG,3,0,56,75,25,0,0,0,16.6,20.4,0,0,2,0,1,3,13,0,2,,yorkga01
495,Devon Dotson,23,WAS,PG,6,0,53,95,5,0,0,0,-1.8,-0.6,3,0,3,0,0,0,20,0,2,,dotsode01
496,Facundo Campazzo,31,DAL,PG,8,0,52,100,0,0,0,0,10.7,10.6,2,0,1,0,0,1,23,0,1,,campafa01
497,Micah Potter,24,UTA,PF,7,0,52,0,0,0,97,3,-1.7,-0.7,1,1,4,0,0,1,9,0,0,,pottemi01
498,Joe Wieskamp,23,TOR,SF,9,0,50,23,31,46,0,0,5.6,4.5,0,1,1,0,0,0,7,0,1,,wieskjo01
499,Ron Harper Jr.,22,TOR,PF,9,0,48,0,0,56,44,0,16.8,15.9,0,0,3,0,1,0,9,1,1,,harpero02
500,Xavier Sneed,25,CHO,SF,4,0,48,0,19,58,24,0,-23.9,-18.3,0,2,4,1,1,1,11,0,1,,sneedxa01
501,Michael Carter-Williams,31,ORL,PG,4,0,44,95,5,0,0,0,-31.4,-28.9,3,0,4,1,4,0,16,1,2,,cartemi01
502,Cole Swider,23,LAL,SF,7,0,41,0,0,10,80,10,-1.6,-2.2,0,0,2,0,0,0,10,0,0,,swideco01
503,Mac McClung,24,PHI,SG,2,0,41,100,0,0,0,0,20.0,15.4,1,2,1,0,3,1,22,1,1,,mccluma01
504,Jacob Gilyard,24,MEM,PG,1,0,41,100,0,0,0,0,-12.6,-16.3,2,0,2,0,0,0,17,0,0,,gilyaja01
505,Kendall Brown,19,IND,SG,6,0,40,0,54,46,0,0,6.4,9.9,0,0,3,0,1,0,8,0,1,,brownke03
506,Jarrell Brantley,26,UTA,PF,4,0,39,0,13,54,33,0,17.8,19.1,1,1,2,0,1,0,7,0,0,,brantja01
507,Mfiondu Kabengele,25,BOS,PF,4,0,36,0,0,0,83,17,-10.6,-17.4,0,0,0,1,0,0,0,0,0,,kabenmf01
508,RaiQuan Gray,23,BRK,PF,1,0,35,0,0,0,35,65,-19.4,-20.9,2,1,3,0,1,0,16,0,0,,grayra01
509,Justin Champagnie,21,2TM,SF,5,0,34,0,29,57,13,0,-8.2,-13.1,0,0,1,0,0,1,9,0,2,,champju01
510,Tony Bradley,25,CHI,C,12,0,33,0,0,0,0,100,13.3,11.8,0,0,1,1,0,0,2,0,0,,bradlto01
511,Scotty Pippen Jr.,22,LAL,PG,6,0,32,100,0,0,0,0,-6.2,-6.8,2,0,1,0,4,0,5,1,2,,pippesc02
512,Alize Johnson,26,SAS,PF,4,0,30,0,21,36,31,12,23.1,33.5,0,2,1,1,1,1,3,0,0,,johnsal02
513,Jay Scrubb,22,ORL,SG,2,0,30,21,35,45,0,0,-29.6,-27.0,2,0,0,1,1,0,2,0,2,,scrubja01
514,Neemias Queta,23,SAC,C,5,0,29,0,0,0,0,100,-36.0,-38.6,0,1,5,0,1,1,2,0,0,,quetane01
515,Louis King,23,PHI,PF,1,0,29,0,0,40,60,0,5.4,0.7,0,1,2,1,1,0,5,1,0,,kinglo02
516,Vernon Carey Jr.,21,WAS,C,11,0,28,0,0,0,0,100,-19.0,-17.8,1,0,5,0,1,0,7,0,1,,careyve01
517,Trevor Hudgins,23,HOU,PG,5,0,28,100,0,0,0,0,9.3,17.7,1,0,0,0,1,0,7,0,0,,hudgitr01
518,Kobi Simmons,25,CHO,SG,5,0,28,59,41,0,0,0,-36.9,-31.4,0,0,0,0,1,1,11,0,0,,simmoko01
519,Darius Days,23,HOU,SF,4,0,25,0,7,93,0,0,4.1,12.5,0,0,2,0,1,0,3,0,1,,daysda01
520,Sterling Brown,27,LAL,SF,4,0,24,0,0,65,35,0,-3.0,-3.6,0,0,3,0,0,0,4,0,1,,brownst02
521,Chance Comanche,26,POR,C,1,0,21,0,0,0,64,36,-65.1,-61.7,0,0,0,0,0,0,0,0,0,,comanch01
522,Marko Simonovic,23,CHI,C,7,0,20,0,0,0,24,76,36.0,34.6,0,0,3,0,0,0,0,0,0,,simonma01
523,Xavier Moon,28,LAC,SG,4,0,20,17,83,0,0,0,-25.0,-25.7,1,0,2,0,0,0,12,0,0,,moonxa01
524,Lester Quiñones,22,GSW,SG,4,0,18,50,50,0,0,0,17.9,16.2,2,1,0,0,3,0,4,0,0,,quinole01
525,Dereon Seabron,22,NOP,SG,5,0,12,0,0,55,45,0,45.5,43.5,0,0,1,0,0,0,0,0,1,,seabrde01
526,Dylan Windler,26,CLE,SF,3,0,10,0,0,60,40,0,-11.4,-17.2,1,0,0,0,0,0,2,0,0,,windldy01
527,Malcolm Hill,27,CHI,SF,5,0,9,0,0,35,65,0,68.1,66.7,0,0,1,0,0,0,0,0,0,,hillma01
528,Braxton Key,25,DET,SF,3,0,9,0,0,0,64,36,-15.0,-6.5,0,0,0,0,0,0,0,0,0,,keybr01
529,Tyler Dorsey,26,DAL,SF,3,0,8,0,0,0,100,0,7.1,6.9,0,0,0,0,0,0,0,0,0,,dorsety01
530,Trevor Keels,19,NYK,SG,3,0,8,0,0,100,0,0,-92.1,-95.5,0,0,0,0,0,0,0,0,0,,keelstr01
531,Chima Moneke,27,SAC,SF,2,0,8,0,0,100,0,0,-48.2,-50.6,1,1,2,0,1,0,2,0,0,,monekch01
532,Deonte Burton,29,SAC,PF,2,0,6,0,0,12,88,0,35.7,33.5,0,0,0,0,0,1,0,0,1,,burtode02
533,Jordan Schakel,24,WAS,SF,2,0,6,0,16,84,0,0,33.3,34.7,0,0,0,0,0,0,3,0,0,,schakjo01
534,Frank Jackson,24,UTA,PG,1,0,5,100,0,0,0,0,-37.5,-36.4,0,0,0,0,0,0,2,0,0,,jacksfr01
535,Alondes Williams,23,BRK,SG,1,0,5,0,100,0,0,0,-45.5,-46.8,1,0,0,0,0,0,0,0,0,,willial06
536,Donovan Williams,21,ATL,SG,2,0,4,0,0,100,0,0,83.3,83.0,0,0,0,0,0,0,0,0,0,,willido02
537,Chris Silva,26,DAL,PF,1,0,3,0,0,0,100,0,12.5,12.3,0,0,1,1,0,0,0,0,0,,silvach01
538,Stanley Umude,23,DET,SG,1,0,2,0,0,100,0,0,75.0,83.5,0,0,0,0,1,0,0,0,0,,umudest01
539,Michael Foster Jr.,20,PHI,PF,1,0,1,0,0,0,0,100,-200.0,-204.8,0,0,0,0,0,0,0,0,0,,fostemi02
