Rank,Player,Age,Team,Pos,G,GS,MP,FG,FGA,FG%,3P,3PA,3P%,2P,2PA,2P%,eFG%,FT,FTA,FT%,ORB,DRB,TRB,AST,STL,BLK,TOV,PF,PTS,Awards,Player-additional
1,Joel Embiid,29,PHI,C,39,39,33.6,11.5,21.8,.529,1.4,3.6,.388,10.2,18.3,.556,.561,10.2,11.6,.883,2.4,8.6,11.0,5.6,1.2,1.7,3.8,2.9,34.7,AS,embiijo01
2,Luka Dončić,24,DAL,PG,70,70,37.5,11.5,23.6,.487,4.1,10.6,.382,7.4,13.0,.573,.573,6.8,8.7,.786,0.8,8.4,9.2,9.8,1.4,0.5,4.0,2.1,33.9,MVP-3CPOY-6ASNBA1,doncilu01
3,Giannis Antetokounmpo,29,MIL,PF,73,73,35.2,11.5,18.8,.611,0.5,1.7,.274,11.0,17.1,.645,.624,7.0,10.7,.657,2.7,8.8,11.5,6.5,1.2,1.1,3.4,2.9,30.4,MVP-4DPOY-9CPOY-12ASNBA1,antetgi01
4,Shai Gilgeous-Alexander,25,OKC,PG,75,75,34.0,10.6,19.8,.535,1.3,3.6,.353,9.3,16.2,.576,.567,7.6,8.7,.874,0.9,4.7,5.5,6.2,2.0,0.9,2.2,2.5,30.1,MVP-2DPOY-7CPOY-3ASNBA1,gilgesh01
5,Jalen Brunson,27,NYK,PG,77,77,35.4,10.3,21.4,.479,2.7,6.8,.401,7.5,14.6,.516,.543,5.5,6.5,.847,0.6,3.1,3.6,6.7,0.9,0.2,2.4,1.9,28.7,MVP-5CPOY-5ASNBA2,brunsja01
6,Devin Booker,27,PHO,PG,68,68,36.0,9.4,19.2,.492,2.2,6.1,.364,7.2,13.0,.552,.550,6.0,6.7,.886,0.8,3.7,4.5,6.9,0.9,0.4,2.6,3.0,27.1,ASNBA3,bookede01
7,Kevin Durant,35,PHO,PF,75,75,37.2,10.0,19.1,.523,2.2,5.4,.413,7.8,13.7,.567,.581,4.8,5.6,.856,0.5,6.1,6.6,5.0,0.9,1.2,3.3,1.8,27.1,MVP-9ASNBA2,duranke01
8,Jayson Tatum,25,BOS,PF,74,74,35.7,9.1,19.3,.471,3.1,8.2,.376,6.0,11.0,.542,.552,5.6,6.7,.833,0.9,7.2,8.1,4.9,1.0,0.6,2.5,2.0,26.9,MVP-6CPOY-9ASNBA1,tatumja01
9,De'Aaron Fox,26,SAC,PG,74,74,35.9,9.7,20.9,.465,2.9,7.8,.369,6.8,13.1,.522,.534,4.2,5.7,.738,0.9,3.7,4.6,5.6,2.0,0.4,2.6,2.6,26.6,CPOY-12,foxde01
10,Donovan Mitchell,27,CLE,SG,55,55,35.3,9.1,19.8,.462,3.3,9.0,.368,5.8,10.8,.539,.545,5.0,5.8,.865,0.8,4.3,5.1,6.1,1.8,0.5,2.8,2.1,26.6,AS,mitchdo01
11,Stephen Curry,35,GSW,PG,74,74,32.7,8.8,19.5,.450,4.8,11.8,.408,4.0,7.7,.515,.573,4.0,4.4,.923,0.5,4.0,4.5,5.1,0.7,0.4,2.8,1.6,26.4,CPOY-1ASNBA3,curryst01
12,Nikola Jokić,28,DEN,C,79,79,34.6,10.4,17.9,.583,1.1,2.9,.359,9.4,14.9,.626,.612,4.5,5.5,.817,2.8,9.5,12.4,9.0,1.4,0.9,3.0,2.5,26.4,MVP-1CPOY-4ASNBA1,jokicni01
13,Anthony Edwards,22,MIN,SG,79,78,35.1,9.1,19.7,.461,2.4,6.7,.357,6.7,13.0,.515,.522,5.4,6.4,.836,0.7,4.8,5.4,5.1,1.3,0.5,3.1,1.8,25.9,MVP-7CPOY-8ASNBA2,edwaran01
14,Tyrese Maxey,23,PHI,PG,70,70,37.5,9.1,20.3,.450,3.0,8.1,.373,6.1,12.1,.501,.524,4.7,5.4,.868,0.5,3.2,3.7,6.2,1.0,0.5,1.7,2.2,25.9,MIP-1AS,maxeyty01
15,LeBron James,39,LAL,PF,71,71,35.3,9.6,17.9,.540,2.1,5.1,.410,7.5,12.8,.592,.599,4.3,5.7,.750,0.9,6.4,7.3,8.3,1.3,0.5,3.5,1.1,25.7,CPOY-10ASNBA3,jamesle01
16,Trae Young,25,ATL,PG,54,54,36.0,8.0,18.7,.430,3.2,8.7,.373,4.8,10.0,.479,.516,6.4,7.5,.855,0.4,2.3,2.8,10.8,1.3,0.2,4.4,2.0,25.7,AS,youngtr01
17,Kyrie Irving,31,DAL,SG,58,58,35.0,9.7,19.5,.497,3.0,7.3,.411,6.7,12.2,.548,.573,3.3,3.6,.905,0.8,4.2,5.0,5.2,1.3,0.5,1.8,1.9,25.6,CPOY-7,irvinky01
18,Ja Morant,24,MEM,PG,9,9,35.3,8.9,18.9,.471,1.6,5.7,.275,7.3,13.2,.555,.512,5.8,7.1,.813,0.7,4.9,5.6,8.1,0.8,0.6,3.0,2.1,25.1,,moranja01
19,Anthony Davis,30,LAL,C,76,76,35.5,9.4,16.9,.556,0.4,1.4,.271,9.0,15.5,.582,.567,5.5,6.8,.816,3.1,9.5,12.6,3.5,1.2,2.3,2.1,2.3,24.7,DPOY-4ASNBA2DEF1,davisan02
20,Damian Lillard,33,MIL,PG,73,73,35.3,7.4,17.5,.424,3.0,8.5,.354,4.4,9.0,.490,.510,6.5,7.0,.920,0.5,3.9,4.4,7.0,1.0,0.2,2.6,1.8,24.3,CPOY-11AS,lillada01
21,DeMar DeRozan,34,CHI,SF,79,79,37.8,8.2,17.2,.480,0.9,2.8,.333,7.3,14.3,.509,.507,6.6,7.7,.853,0.5,3.8,4.3,5.3,1.1,0.6,1.7,2.0,24.0,CPOY-2,derozde01
22,Julius Randle,29,NYK,PF,46,46,35.4,8.6,18.2,.472,1.7,5.3,.311,6.9,12.9,.539,.518,5.1,6.6,.781,2.2,7.0,9.2,5.0,0.5,0.3,3.5,2.7,24.0,AS,randlju01
23,LaMelo Ball,22,CHO,PG,22,22,32.3,8.3,19.2,.433,3.2,9.0,.355,5.1,10.3,.500,.515,4.1,4.7,.865,1.3,3.8,5.1,8.0,1.8,0.2,3.8,3.6,23.9,,ballla01
24,Desmond Bane,25,MEM,SG,42,42,34.4,8.6,18.5,.464,3.3,8.6,.381,5.3,9.9,.536,.552,3.3,3.8,.870,0.9,3.5,4.4,5.5,1.0,0.5,2.7,2.9,23.7,,banede01
25,Kawhi Leonard,32,LAC,SF,68,68,34.3,9.0,17.1,.525,2.1,4.9,.417,6.9,12.1,.569,.585,3.7,4.2,.885,1.2,4.9,6.1,3.6,1.6,0.9,1.8,1.4,23.7,ASNBA2,leonaka01
26,Lauri Markkanen,26,UTA,PF,55,55,33.1,7.8,16.2,.480,3.2,8.0,.399,4.6,8.2,.559,.578,4.5,5.0,.899,2.2,5.9,8.2,2.0,0.9,0.5,1.4,1.8,23.2,,markkla01
27,Jaylen Brown,27,BOS,SF,70,70,33.5,9.0,17.9,.499,2.1,5.9,.354,6.9,12.1,.570,.557,3.0,4.3,.703,1.2,4.3,5.5,3.6,1.2,0.5,2.4,2.6,23.0,AS,brownja02
28,Zion Williamson,23,NOP,PF,70,70,31.5,8.9,15.6,.570,0.1,0.3,.333,8.8,15.4,.574,.573,5.0,7.1,.702,1.7,4.1,5.8,5.0,1.1,0.7,2.8,2.3,22.9,,willizi01
29,Cade Cunningham,22,DET,PG,62,62,33.5,8.5,18.8,.449,1.9,5.4,.355,6.5,13.4,.487,.500,3.8,4.4,.869,0.5,3.8,4.3,7.5,0.9,0.4,3.4,2.5,22.7,,cunnica01
30,Paolo Banchero,21,ORL,PF,80,80,35.0,8.0,17.6,.455,1.5,4.4,.339,6.5,13.2,.493,.497,5.1,7.0,.725,1.0,5.9,6.9,5.4,0.9,0.6,3.1,1.9,22.6,AS,banchpa01
31,Paul George,33,LAC,PF,74,74,33.8,7.9,16.7,.471,3.3,7.9,.413,4.6,8.8,.523,.569,3.6,3.9,.907,0.5,4.7,5.2,3.5,1.5,0.5,2.1,2.7,22.6,AS,georgpa01
32,Anfernee Simons,24,POR,SG,46,46,34.4,7.8,18.2,.430,3.4,8.8,.385,4.4,9.4,.472,.523,3.5,3.9,.916,0.5,3.2,3.6,5.5,0.5,0.1,2.7,2.1,22.6,,simonan01
33,Jaren Jackson Jr.,24,MEM,C,66,66,32.2,7.8,17.6,.444,1.8,5.5,.320,6.0,12.1,.501,.494,5.1,6.3,.808,1.3,4.2,5.5,2.3,1.2,1.6,2.4,3.6,22.5,,jacksja02
34,Dejounte Murray,27,ATL,SG,78,78,35.7,8.6,18.8,.459,2.6,7.1,.363,6.0,11.7,.518,.528,2.7,3.4,.794,0.8,4.5,5.3,6.4,1.4,0.3,2.6,1.8,22.5,,murrade01
35,Cam Thomas,22,BRK,SG,66,51,31.4,8.0,18.0,.442,2.2,6.0,.364,5.8,12.0,.481,.503,4.3,5.1,.856,0.4,2.8,3.2,2.9,0.7,0.2,1.9,2.1,22.5,,thomaca02
36,Kyle Kuzma,28,WAS,PF,70,70,32.6,8.7,18.8,.463,2.2,6.4,.336,6.5,12.3,.530,.521,2.7,3.4,.775,0.9,5.7,6.6,4.2,0.5,0.7,2.7,2.2,22.2,,kuzmaky01
37,Karl-Anthony Towns,28,MIN,PF,62,62,32.7,7.7,15.3,.504,2.2,5.3,.416,5.5,10.1,.550,.575,4.1,4.7,.873,1.5,6.8,8.3,3.0,0.7,0.7,2.9,3.3,21.8,AS,townska01
38,Pascal Siakam,29,2TM,PF,80,80,33.2,8.5,15.9,.536,1.1,3.1,.346,7.5,12.8,.581,.569,3.6,5.0,.732,1.7,5.3,7.1,4.3,0.8,0.3,1.8,2.4,21.7,,siakapa01
39,Victor Wembanyama,20,SAS,C,71,71,29.7,7.8,16.7,.465,1.8,5.5,.325,6.0,11.2,.534,.519,4.1,5.2,.796,2.3,8.4,10.6,3.9,1.2,3.6,3.7,2.2,21.4,ROY-1DPOY-2DEF1,wembavi01
40,Jamal Murray,26,DEN,PG,59,59,31.5,8.0,16.7,.481,2.5,5.8,.425,5.6,10.9,.510,.554,2.7,3.1,.853,0.7,3.4,4.1,6.5,1.0,0.7,2.1,1.8,21.2,,murraja01
41,Alperen Şengün,21,HOU,C,63,63,32.5,8.4,15.6,.537,0.5,1.8,.297,7.8,13.8,.567,.553,3.9,5.6,.693,2.9,6.4,9.3,5.0,1.2,0.7,2.6,3.3,21.1,,sengual01
42,Miles Bridges,25,CHO,SF,69,67,37.4,8.1,17.5,.462,2.3,6.5,.349,5.8,11.0,.529,.527,2.5,3.1,.825,1.0,6.3,7.3,3.3,0.9,0.5,2.0,1.7,21.0,,bridgmi02
43,Jerami Grant,29,POR,PF,54,54,33.9,7.1,15.7,.451,2.1,5.1,.402,5.0,10.6,.474,.516,4.7,5.8,.817,0.7,2.9,3.5,2.8,0.8,0.6,2.1,2.2,21.0,,grantje01
44,Jimmy Butler,34,MIA,PF,60,60,34.0,6.6,13.2,.499,1.0,2.4,.414,5.6,10.8,.519,.537,6.6,7.7,.858,1.8,3.6,5.3,5.0,1.3,0.3,1.7,1.1,20.8,,butleji01
45,Tyler Herro,24,MIA,SG,42,40,33.5,7.7,17.5,.441,3.1,7.9,.396,4.6,9.6,.478,.531,2.3,2.6,.856,0.5,4.8,5.3,4.5,0.7,0.1,2.2,1.5,20.8,,herroty01
46,Brandon Ingram,26,NOP,SF,64,64,32.9,7.8,15.9,.492,1.3,3.8,.355,6.5,12.1,.534,.534,3.8,4.8,.801,0.7,4.4,5.1,5.7,0.8,0.6,2.5,2.3,20.8,,ingrabr01
47,RJ Barrett,23,2TM,SG,58,58,31.7,7.5,15.2,.495,1.6,4.3,.360,6.0,10.9,.549,.547,3.6,5.0,.715,0.9,4.5,5.4,3.3,0.5,0.4,2.2,2.2,20.2,,barrerj01
48,Tyrese Haliburton,23,IND,PG,69,68,32.2,7.2,15.2,.477,2.8,7.8,.364,4.4,7.4,.595,.570,2.8,3.3,.855,0.5,3.4,3.9,10.9,1.2,0.7,2.3,1.1,20.1,ASNBA3,halibty01
49,Kristaps Porziņģis,28,BOS,C,57,57,29.6,6.8,13.2,.516,1.9,5.1,.375,4.9,8.1,.606,.589,4.5,5.3,.858,1.7,5.5,7.2,2.0,0.7,1.9,1.6,2.7,20.1,,porzikr01
50,CJ McCollum,32,NOP,PG,66,66,32.7,7.3,16.0,.459,3.6,8.4,.429,3.7,7.5,.492,.572,1.7,2.1,.827,0.6,3.7,4.3,4.6,0.9,0.6,1.7,1.9,20.0,,mccolcj01
51,Scottie Barnes,22,TOR,SG,60,60,34.9,7.5,15.7,.475,1.7,4.9,.341,5.8,10.8,.536,.528,3.3,4.2,.781,2.4,5.9,8.2,6.1,1.3,1.5,2.8,2.0,19.9,AS,barnesc01
52,Terry Rozier,29,2TM,SG,61,60,33.4,7.2,16.4,.443,2.4,6.7,.363,4.8,9.6,.498,.518,2.8,3.2,.869,0.6,3.5,4.0,5.6,1.0,0.3,1.7,1.7,19.8,,roziete01
53,Franz Wagner,22,ORL,SF,72,72,32.5,7.3,15.2,.482,1.3,4.6,.281,6.0,10.6,.570,.525,3.8,4.4,.850,1.0,4.3,5.3,3.7,1.1,0.4,1.9,2.3,19.7,,wagnefr01
54,Mikal Bridges,27,BRK,SF,82,82,34.8,6.9,15.8,.436,2.7,7.2,.372,4.2,8.6,.490,.521,3.1,3.9,.814,0.8,3.7,4.5,3.6,1.0,0.4,2.0,1.4,19.6,,bridgmi01
55,Jalen Green,21,HOU,SG,82,82,31.7,6.9,16.2,.423,2.5,7.4,.332,4.4,8.9,.498,.498,3.5,4.3,.804,0.5,4.7,5.2,3.5,0.8,0.3,2.3,1.4,19.6,,greenja05
56,Zach LaVine,28,CHI,SG,25,23,34.9,6.8,15.0,.452,2.4,6.8,.349,4.4,8.3,.536,.531,3.5,4.1,.854,0.3,4.8,5.2,3.9,0.8,0.3,2.1,2.3,19.5,,lavinza01
57,Devin Vassell,23,SAS,SG,68,62,33.1,7.3,15.5,.472,2.4,6.6,.372,4.9,9.0,.544,.550,2.4,3.0,.801,0.4,3.4,3.8,4.1,1.1,0.3,1.6,1.1,19.5,,vassede01
58,Domantas Sabonis,27,SAC,C,82,82,35.7,7.7,13.0,.594,0.4,1.1,.379,7.3,12.0,.613,.609,3.6,5.1,.704,3.6,10.1,13.7,8.2,0.9,0.6,3.3,3.0,19.4,MVP-8DPOY-10NBA3,sabondo01
59,Bam Adebayo,26,MIA,C,71,71,34.0,7.5,14.3,.521,0.2,0.6,.357,7.3,13.7,.528,.529,4.1,5.5,.755,2.2,8.1,10.4,3.9,1.1,0.9,2.3,2.2,19.3,DPOY-3ASDEF1,adebaba01
60,Coby White,23,CHI,PG,79,78,36.5,6.8,15.3,.447,2.6,7.0,.376,4.2,8.3,.508,.534,2.8,3.3,.838,0.6,4.0,4.5,5.1,0.7,0.2,2.1,2.4,19.1,,whiteco01
61,Jalen Williams,22,OKC,PF,71,71,31.3,7.5,14.0,.540,1.5,3.4,.427,6.1,10.6,.576,.592,2.5,3.1,.814,0.5,3.5,4.0,4.5,1.1,0.6,1.7,2.5,19.1,CPOY-12,willija06
62,Collin Sexton,25,UTA,SG,78,51,26.6,6.5,13.3,.487,1.6,4.2,.394,4.8,9.1,.530,.549,4.1,4.7,.859,0.9,1.7,2.6,4.9,0.8,0.2,2.1,2.0,18.7,,sextoco01
63,Bradley Beal,30,PHO,SG,53,53,33.3,7.1,13.9,.513,1.9,4.4,.430,5.2,9.4,.552,.582,2.1,2.5,.813,1.0,3.4,4.4,5.0,1.0,0.5,2.5,2.4,18.2,,bealbr01
64,Darius Garland,24,CLE,PG,57,57,33.4,6.6,14.8,.446,2.3,6.2,.371,4.3,8.5,.501,.524,2.6,3.1,.834,0.5,2.1,2.7,6.5,1.3,0.1,3.1,1.7,18.0,,garlada01
65,D'Angelo Russell,27,LAL,PG,76,69,32.7,6.5,14.2,.456,3.0,7.2,.415,3.5,7.0,.497,.560,2.1,2.5,.828,0.4,2.7,3.1,6.3,0.9,0.5,2.1,2.1,18.0,,russeda01
66,Nikola Vučević,33,CHI,C,76,74,34.3,7.7,15.9,.484,1.2,4.1,.294,6.5,11.8,.550,.522,1.4,1.7,.822,2.8,7.8,10.5,3.3,0.7,0.8,1.6,2.5,18.0,,vucevni01
67,Klay Thompson,33,GSW,SF,77,63,29.7,6.4,14.7,.432,3.5,9.0,.387,2.9,5.7,.503,.551,1.6,1.8,.927,0.5,2.8,3.3,2.3,0.6,0.5,1.5,1.6,17.9,,thompkl01
68,Jordan Poole,24,WAS,SG,78,66,30.1,6.3,15.2,.413,2.4,7.2,.326,3.9,8.0,.492,.491,2.5,2.8,.877,0.4,2.3,2.7,4.4,1.1,0.3,2.4,3.1,17.4,,poolejo01
69,Fred VanVleet,29,HOU,PG,73,73,36.8,5.8,13.9,.416,3.1,8.0,.387,2.7,5.9,.454,.527,2.7,3.1,.860,0.5,3.4,3.8,8.1,1.4,0.8,1.7,2.5,17.4,,vanvlfr01
70,Brandon Miller,21,CHO,SF,74,68,32.2,6.4,14.6,.440,2.5,6.7,.373,3.9,8.0,.495,.524,1.9,2.3,.827,0.8,3.4,4.3,2.4,0.9,0.6,1.8,2.5,17.3,ROY-3,millebr02
71,Tobias Harris,31,PHI,PF,70,70,33.8,6.6,13.6,.487,1.3,3.7,.353,5.3,9.9,.537,.535,2.7,3.0,.878,1.1,5.3,6.5,3.1,1.0,0.7,1.3,1.6,17.2,,harrito02
72,Jordan Clarkson,31,UTA,SG,55,19,30.6,6.1,14.8,.413,1.7,5.6,.294,4.5,9.2,.485,.469,3.2,3.7,.881,0.9,2.5,3.4,5.0,0.6,0.1,2.7,1.5,17.1,,clarkjo01
73,Myles Turner,27,IND,C,77,77,27.0,6.2,11.8,.524,1.5,4.2,.358,4.7,7.6,.615,.587,3.2,4.1,.773,1.5,5.5,6.9,1.3,0.5,1.9,1.4,3.0,17.1,,turnemy01
74,Immanuel Quickley,24,2TM,SG,68,38,29.2,5.7,13.1,.434,2.5,6.4,.395,3.2,6.8,.471,.530,3.1,3.6,.853,0.3,3.6,3.8,4.9,0.7,0.1,1.5,1.8,17.0,,quickim01
75,Bogdan Bogdanović,31,ATL,SG,79,33,30.4,6.0,13.9,.428,3.0,8.1,.374,2.9,5.8,.503,.537,1.9,2.1,.921,0.7,2.8,3.4,3.1,1.2,0.3,1.4,2.3,16.9,6MOY-5,bogdabo01
76,Deandre Ayton,25,POR,C,55,55,32.4,7.8,13.6,.570,0.0,0.2,.100,7.7,13.4,.576,.571,1.2,1.4,.823,3.2,7.9,11.1,1.6,1.0,0.8,1.8,2.0,16.7,,aytonde01
77,Michael Porter Jr.,25,DEN,SF,81,81,31.7,6.4,13.3,.484,2.7,6.8,.397,3.7,6.5,.575,.586,1.1,1.4,.836,1.3,5.7,7.0,1.5,0.5,0.7,1.1,1.8,16.7,,portemi01
78,James Harden,34,LAC,PG,72,72,34.3,4.9,11.4,.428,2.6,6.8,.381,2.3,4.6,.497,.541,4.2,4.8,.878,0.5,4.7,5.1,8.5,1.1,0.8,2.6,1.8,16.6,,hardeja01
79,Jarrett Allen,25,CLE,C,77,77,31.7,6.7,10.6,.634,0.0,0.1,.000,6.7,10.6,.638,.634,3.0,4.1,.742,3.2,7.4,10.5,2.7,0.7,1.1,1.6,1.9,16.5,DPOY-10,allenja01
80,Chet Holmgren,21,OKC,C,82,82,29.4,6.2,11.6,.530,1.6,4.3,.370,4.6,7.4,.623,.598,2.7,3.4,.793,1.6,6.3,7.9,2.4,0.6,2.3,1.6,2.4,16.5,ROY-2,holmgch01
81,Jonathan Kuminga,21,GSW,PF,74,46,26.3,6.2,11.6,.529,0.7,2.2,.321,5.4,9.4,.578,.560,3.0,4.0,.746,1.2,3.6,4.8,2.2,0.7,0.5,1.6,2.3,16.1,,kuminjo01
82,Jalen Johnson,22,ATL,SF,56,52,33.7,6.4,12.5,.511,1.3,3.6,.355,5.1,9.0,.574,.562,1.9,2.6,.728,1.3,7.4,8.7,3.6,1.2,0.8,1.8,2.4,16.0,,johnsja05
83,Austin Reaves,25,LAL,SG,82,57,32.1,5.6,11.5,.486,1.9,5.1,.367,3.7,6.3,.583,.568,2.8,3.3,.853,0.7,3.6,4.3,5.5,0.8,0.3,2.1,1.9,15.9,,reaveau01
84,Shaedon Sharpe,20,POR,SG,32,25,33.1,5.5,13.6,.406,1.9,5.6,.333,3.6,7.9,.457,.475,3.1,3.7,.824,1.3,3.7,5.0,2.9,0.9,0.4,2.3,2.8,15.9,,sharpsh01
85,Malcolm Brogdon,31,POR,PG,39,25,28.7,5.6,12.7,.440,2.1,5.1,.412,3.5,7.6,.458,.522,2.4,3.0,.819,0.7,3.1,3.8,5.5,0.7,0.2,1.5,1.5,15.7,,brogdma01
86,Keldon Johnson,24,SAS,SF,69,27,29.5,5.7,12.5,.454,1.8,5.3,.346,3.8,7.2,.533,.527,2.5,3.2,.792,1.4,4.1,5.5,2.8,0.7,0.3,1.4,2.2,15.7,,johnske04
87,Evan Mobley,22,CLE,PF,50,50,30.6,6.4,11.0,.580,0.4,1.2,.373,6.0,9.9,.604,.600,2.5,3.4,.719,2.2,7.1,9.4,3.2,0.9,1.4,1.8,2.7,15.7,,mobleev01
88,De'Andre Hunter,26,ATL,SF,57,37,29.5,5.3,11.6,.459,2.1,5.3,.385,3.3,6.3,.521,.547,2.9,3.4,.847,0.5,3.4,3.9,1.5,0.7,0.3,1.5,2.6,15.6,,huntede01
89,Donte DiVincenzo,27,NYK,SG,81,63,29.1,5.5,12.4,.443,3.5,8.7,.401,2.0,3.7,.542,.584,1.1,1.4,.754,0.8,2.9,3.7,2.7,1.3,0.4,1.4,2.0,15.5,,divindo01
90,Jaden Ivey,21,DET,SG,77,61,28.8,5.4,12.6,.429,1.6,4.8,.336,3.8,7.8,.485,.492,2.9,3.9,.749,1.1,2.3,3.4,3.8,0.7,0.5,2.5,2.6,15.4,,iveyja01
91,Malik Monk,25,SAC,SG,72,0,26.0,5.5,12.4,.443,2.1,5.9,.350,3.4,6.5,.528,.526,2.4,2.8,.829,0.4,2.6,2.9,5.1,0.6,0.5,2.1,2.2,15.4,CPOY-126MOY-2,monkma01
92,Kelly Oubre Jr.,28,PHI,SF,68,52,30.2,5.7,12.9,.441,1.5,4.8,.311,4.2,8.1,.517,.498,2.6,3.4,.750,1.4,3.6,5.0,1.5,1.1,0.7,1.3,2.9,15.4,,oubreke01
93,Bojan Bogdanović,34,2TM,PF,57,27,25.9,5.4,11.9,.454,2.3,5.9,.398,3.1,6.1,.507,.551,2.1,2.6,.785,0.4,2.3,2.7,1.7,0.5,0.1,1.8,1.7,15.2,6MOY-9,bogdabo02
94,Keegan Murray,23,SAC,SF,77,77,33.6,5.8,12.7,.454,2.4,6.6,.358,3.4,6.0,.560,.548,1.3,1.6,.831,1.4,4.1,5.5,1.7,1.0,0.8,0.8,2.7,15.2,,murrake02
95,Derrick White,29,BOS,SG,73,73,32.6,5.3,11.5,.461,2.7,6.8,.396,2.6,4.7,.555,.578,1.9,2.1,.901,0.7,3.5,4.2,5.2,1.0,1.2,1.5,2.1,15.2,DPOY-8DEF2,whitede01
96,John Collins,26,UTA,PF,68,66,28.0,5.8,11.0,.532,1.3,3.4,.371,4.6,7.6,.605,.590,2.2,2.7,.795,2.3,6.1,8.5,1.1,0.6,0.9,1.4,2.8,15.1,,collijo01
97,Khris Middleton,32,MIL,SF,55,55,27.0,5.8,11.7,.493,1.7,4.5,.381,4.1,7.2,.563,.566,1.8,2.2,.833,0.7,3.9,4.7,5.3,0.9,0.3,2.3,2.6,15.1,,middlkh01
98,Trey Murphy III,23,NOP,SF,57,23,29.6,4.8,10.9,.443,3.0,7.8,.380,1.9,3.1,.602,.579,2.2,2.6,.815,0.7,4.2,4.9,2.2,0.9,0.5,0.6,1.2,14.8,,murphtr02
99,OG Anunoby,26,2TM,SF,50,50,34.0,5.6,11.5,.489,2.0,5.3,.382,3.6,6.2,.581,.577,1.3,1.8,.753,0.9,3.2,4.2,2.1,1.4,0.7,1.6,2.4,14.7,,anunoog01
100,Deni Avdija,23,WAS,SF,75,75,30.1,5.4,10.7,.506,1.2,3.1,.374,4.2,7.6,.560,.560,2.7,3.6,.740,1.1,6.1,7.2,3.8,0.8,0.5,2.1,2.5,14.7,,avdijde01
101,GG Jackson II,19,MEM,PF,48,18,25.7,5.0,11.7,.428,2.1,6.0,.357,2.9,5.8,.502,.519,2.4,3.2,.752,1.1,3.0,4.1,1.2,0.6,0.5,1.4,1.3,14.6,,jacksgg01
102,Bennedict Mathurin,21,IND,SF,59,19,26.1,5.0,11.2,.446,1.4,3.6,.374,3.7,7.6,.481,.507,3.1,3.8,.821,1.0,2.9,4.0,2.0,0.6,0.2,1.6,2.0,14.5,,mathube01
103,Marcus Smart,29,MEM,PG,20,20,30.3,5.1,11.9,.430,2.1,6.7,.313,3.0,5.2,.583,.519,2.2,2.8,.768,0.3,2.4,2.7,4.3,2.1,0.3,3.1,2.7,14.5,,smartma01
104,Tim Hardaway Jr.,31,DAL,SF,79,12,26.8,5.0,12.4,.402,2.7,7.6,.353,2.3,4.8,.478,.510,1.8,2.1,.852,0.3,2.9,3.2,1.8,0.5,0.1,0.9,1.3,14.4,6MOY-9,hardati02
105,Dennis Schröder,30,2TM,PG,80,58,31.1,5.0,11.6,.435,1.7,4.6,.375,3.3,7.0,.474,.509,2.2,2.7,.836,0.5,2.5,3.0,6.1,0.8,0.2,1.9,2.1,14.0,,schrode01
106,Rudy Gobert,31,MIN,C,76,76,34.1,5.3,8.1,.661,0.0,0.0,.000,5.3,8.0,.664,.661,3.3,5.1,.638,3.8,9.2,12.9,1.3,0.7,2.1,1.6,3.1,14.0,DPOY-1DEF1,goberru01
107,Scoot Henderson,19,POR,PG,62,32,28.5,5.0,12.9,.385,1.4,4.3,.325,3.5,8.5,.416,.440,2.7,3.3,.819,0.9,2.3,3.1,5.4,0.8,0.2,3.4,3.1,14.0,,hendesc01
108,Caris LeVert,29,CLE,SG,68,10,28.8,5.1,12.1,.421,1.6,4.9,.325,3.5,7.2,.486,.487,2.3,3.0,.766,0.6,3.5,4.1,5.1,1.1,0.5,1.7,1.8,14.0,,leverca01
109,Aaron Gordon,28,DEN,PF,73,73,31.5,5.5,9.8,.556,0.5,1.9,.290,4.9,7.9,.619,.584,2.4,3.7,.658,2.4,4.1,6.5,3.5,0.8,0.6,1.4,1.9,13.9,,gordoaa01
110,Norman Powell,30,LAC,SG,76,3,26.2,4.9,10.1,.486,2.2,5.1,.435,2.7,5.1,.536,.594,1.9,2.3,.831,0.2,2.4,2.6,1.1,0.6,0.3,0.9,1.8,13.9,6MOY-4,powelno01
111,Jalen Duren,20,DET,C,61,60,29.1,5.7,9.2,.619,0.0,0.1,.000,5.7,9.2,.623,.619,2.3,3.0,.790,3.1,8.5,11.6,2.4,0.5,0.8,2.1,3.1,13.8,,durenja01
112,Bobby Portis,28,MIL,PF,82,4,24.5,5.7,11.2,.508,1.2,3.0,.407,4.5,8.2,.545,.562,1.2,1.5,.790,1.7,5.7,7.4,1.3,0.8,0.4,1.1,2.3,13.8,6MOY-3,portibo01
113,Saddiq Bey,24,ATL,SF,63,51,32.7,4.6,11.1,.416,1.8,5.7,.316,2.8,5.4,.522,.497,2.7,3.2,.837,2.7,3.9,6.5,1.5,0.8,0.2,0.9,1.4,13.7,,beysa01
114,Jabari Smith Jr.,20,HOU,PF,76,76,31.9,5.0,11.0,.454,1.8,5.0,.363,3.2,6.0,.530,.537,2.0,2.4,.811,1.8,6.3,8.1,1.6,0.7,0.8,1.2,2.6,13.7,,smithja05
115,Gary Trent Jr.,25,TOR,SG,71,41,28.1,5.1,11.9,.426,2.5,6.4,.393,2.6,5.5,.464,.531,1.0,1.4,.771,0.4,2.3,2.6,1.7,1.1,0.1,0.7,1.4,13.7,,trentga02
116,Rui Hachimura,25,LAL,PF,68,39,26.9,5.3,9.9,.537,1.4,3.4,.422,3.9,6.5,.597,.609,1.5,2.0,.739,0.9,3.5,4.3,1.2,0.6,0.4,0.7,1.5,13.6,,hachiru01
117,Grayson Allen,28,PHO,SG,75,74,33.5,4.5,9.1,.499,2.7,5.9,.461,1.8,3.2,.570,.649,1.7,2.0,.878,0.6,3.3,3.9,3.0,0.9,0.6,1.3,2.1,13.5,,allengr01
118,Naz Reid,24,MIN,PF,81,14,24.2,5.0,10.5,.477,2.1,5.0,.414,2.9,5.5,.535,.576,1.3,1.8,.736,0.9,4.3,5.2,1.3,0.8,0.9,1.4,2.1,13.5,6MOY-1,reidna01
119,Cameron Johnson,27,BRK,PF,58,47,27.6,4.8,10.7,.446,2.4,6.1,.391,2.4,4.6,.519,.557,1.5,1.9,.789,0.9,3.4,4.3,2.4,0.8,0.3,1.0,1.8,13.4,,johnsca02
120,Corey Kispert,24,WAS,SF,80,22,25.8,4.8,9.9,.486,2.3,6.0,.383,2.5,3.9,.643,.602,1.4,2.0,.726,0.4,2.4,2.8,2.0,0.5,0.2,1.2,1.8,13.4,,kispeco01
121,Andrew Wiggins,28,GSW,SF,71,59,27.0,5.0,11.0,.453,1.3,3.6,.358,3.7,7.4,.498,.511,2.0,2.7,.751,1.5,3.0,4.5,1.7,0.6,0.6,1.2,2.1,13.2,,wiggian01
122,Keyonte George,20,UTA,PG,75,44,27.0,4.3,10.9,.391,2.0,5.9,.334,2.3,5.0,.459,.482,2.5,3.0,.848,0.2,2.6,2.8,4.4,0.5,0.1,2.5,1.2,13.0,,georgke01
123,P.J. Washington,25,2TM,PF,73,45,30.4,4.8,11.1,.436,1.8,5.7,.320,3.0,5.5,.558,.518,1.4,2.0,.683,1.2,4.5,5.6,1.9,1.0,0.8,1.3,2.3,12.9,,washipj01
124,Scotty Pippen Jr.,23,MEM,PG,21,16,25.1,4.8,9.7,.493,1.4,3.4,.417,3.3,6.2,.534,.567,2.0,2.6,.745,1.0,2.1,3.2,4.7,1.7,0.5,2.7,2.9,12.9,,pippesc02
125,Duncan Robinson,29,MIA,SF,68,36,28.0,4.5,9.9,.450,2.8,7.0,.395,1.7,3.0,.579,.589,1.2,1.3,.889,0.2,2.3,2.5,2.8,0.7,0.2,1.4,2.4,12.9,,robindu01
126,Dillon Brooks,28,HOU,SF,72,72,30.9,4.6,10.7,.428,1.8,5.1,.359,2.7,5.5,.492,.515,1.7,2.0,.844,0.7,2.7,3.4,1.7,0.9,0.1,1.2,3.3,12.7,,brookdi01
127,Mark Williams,22,CHO,C,19,19,26.7,5.2,7.9,.649,0.0,0.0,,5.2,7.9,.649,.649,2.4,3.4,.719,4.0,5.7,9.7,1.2,0.8,1.1,0.9,2.6,12.7,,willima07
128,Jalen Suggs,22,ORL,SG,75,75,27.0,4.5,9.5,.471,2.0,5.1,.397,2.4,4.4,.556,.578,1.6,2.1,.756,0.6,2.4,3.1,2.7,1.4,0.6,1.8,2.7,12.6,DPOY-10DEF2,suggsja01
129,Jrue Holiday,33,BOS,PG,69,69,32.8,4.8,10.0,.480,2.0,4.7,.429,2.8,5.3,.526,.581,0.9,1.0,.833,1.2,4.2,5.4,4.8,0.9,0.8,1.8,1.6,12.5,DPOY-6DEF2,holidjr01
130,Brook Lopez,35,MIL,C,79,79,30.5,4.6,9.6,.485,1.9,5.1,.366,2.8,4.4,.621,.583,1.4,1.7,.821,1.5,3.7,5.2,1.6,0.5,2.4,1.0,2.4,12.5,,lopezbr01
131,Josh Giddey,21,OKC,SG,80,80,25.1,5.0,10.6,.475,1.0,3.0,.337,4.0,7.6,.530,.523,1.3,1.6,.806,1.4,5.0,6.4,4.8,0.6,0.6,2.1,1.4,12.3,,giddejo01
132,Cam Whitmore,19,HOU,SF,47,2,18.7,4.5,9.9,.454,1.7,4.7,.359,2.8,5.3,.538,.539,1.6,2.4,.679,0.9,2.9,3.8,0.7,0.6,0.4,1.0,1.4,12.3,,whitmca01
133,Harrison Barnes,31,SAC,PF,82,82,29.0,4.2,8.9,.474,1.8,4.7,.387,2.4,4.2,.571,.576,1.9,2.4,.801,0.8,2.2,3.0,1.2,0.7,0.1,0.7,1.2,12.2,,barneha02
134,Ayo Dosunmu,24,CHI,SG,76,37,29.1,4.7,9.5,.501,1.6,3.9,.403,3.2,5.6,.568,.583,1.1,1.4,.810,0.7,2.1,2.8,3.2,0.9,0.5,1.4,2.2,12.2,,dosunay01
135,Javonte Green,30,CHI,SF,9,5,25.6,5.0,8.3,.600,1.1,3.0,.370,3.9,5.3,.729,.667,1.1,1.4,.769,2.2,5.2,7.4,0.6,1.1,0.9,0.8,2.1,12.2,,greenja02
136,Aaron Nesmith,24,IND,SF,72,47,27.7,4.4,8.8,.496,1.9,4.6,.419,2.4,4.2,.581,.606,1.5,1.9,.781,0.9,2.9,3.8,1.5,0.9,0.7,0.9,3.3,12.2,,nesmiaa01
137,Max Strus,27,CLE,SF,70,70,32.0,4.3,10.4,.418,2.4,6.8,.351,1.9,3.6,.546,.533,1.1,1.4,.794,0.9,3.9,4.8,4.0,0.9,0.4,1.6,2.4,12.2,,strusma01
138,Jonas Valančiūnas,31,NOP,C,82,82,23.5,4.9,8.8,.559,0.5,1.5,.308,4.5,7.3,.609,.585,2.0,2.5,.785,2.3,6.5,8.8,2.1,0.4,0.8,1.4,2.7,12.2,,valanjo01
139,Buddy Hield,31,2TM,SF,84,42,25.7,4.4,10.1,.436,2.6,6.8,.386,1.8,3.4,.539,.565,0.6,0.7,.881,0.7,2.5,3.2,2.8,0.8,0.5,1.2,2.0,12.1,,hieldbu01
140,Tyus Jones,27,WAS,PG,66,66,29.3,4.9,10.1,.489,1.6,3.9,.414,3.3,6.2,.537,.569,0.5,0.6,.800,0.3,2.4,2.7,7.3,1.1,0.3,1.0,0.7,12.0,,jonesty01
141,Jaime Jaquez Jr.,22,MIA,SF,75,20,28.2,4.5,9.3,.489,0.9,2.7,.322,3.7,6.6,.558,.536,1.9,2.3,.811,1.1,2.7,3.8,2.6,1.0,0.3,1.5,2.2,11.9,ROY-46MOY-9,jaqueja01
142,Nic Claxton,24,BRK,C,71,71,29.8,5.2,8.2,.629,0.0,0.1,.200,5.1,8.1,.633,.630,1.5,2.8,.551,2.7,7.2,9.9,2.1,0.6,2.1,1.3,2.5,11.8,,claxtni01
143,Marvin Bagley III,24,2TM,C,50,25,21.1,4.8,8.2,.586,0.2,0.5,.391,4.6,7.7,.597,.597,1.9,2.5,.762,2.6,3.6,6.2,1.1,0.4,0.7,1.2,1.6,11.7,,baglema01
144,Ivica Zubac,26,LAC,C,68,68,26.4,5.0,7.6,.649,0.0,0.0,,5.0,7.6,.649,.649,1.8,2.4,.723,2.9,6.3,9.2,1.4,0.3,1.2,1.2,2.6,11.7,,zubaciv01
145,Cole Anthony,23,ORL,PG,81,0,22.4,4.1,9.4,.435,1.1,3.4,.338,3.0,6.0,.490,.496,2.2,2.7,.826,0.8,3.0,3.8,2.9,0.8,0.5,1.6,2.2,11.6,,anthoco01
146,Jeremy Sochan,20,SAS,PF,74,73,29.6,4.6,10.5,.438,0.9,3.1,.308,3.6,7.4,.492,.483,1.5,1.9,.771,1.9,4.6,6.4,3.4,0.8,0.5,1.9,2.3,11.6,,sochaje01
147,Clint Capela,29,ATL,C,73,73,25.8,4.8,8.5,.571,0.0,0.0,.000,4.8,8.5,.572,.571,1.8,2.8,.631,4.6,6.0,10.6,1.2,0.6,1.5,1.0,2.2,11.5,,capelca01
148,Mike Conley,36,MIN,PG,76,76,28.9,3.9,8.5,.457,2.4,5.3,.442,1.5,3.1,.481,.595,1.3,1.5,.911,0.5,2.4,2.9,5.9,1.2,0.2,1.3,1.7,11.4,,conlemi01
149,Malik Beasley,27,MIL,SG,79,77,29.6,4.1,9.1,.443,2.8,6.9,.413,1.2,2.3,.533,.598,0.3,0.4,.714,0.5,3.2,3.7,1.4,0.7,0.1,0.7,2.0,11.3,,beaslma01
150,Brandon Clarke,27,MEM,PF,6,1,22.3,5.5,9.8,.559,0.2,1.0,.167,5.3,8.8,.604,.568,0.2,1.2,.143,2.2,3.2,5.3,1.5,0.8,1.0,0.5,1.3,11.3,,clarkbr01
151,Zach Collins,26,SAS,C,69,29,22.1,4.3,8.9,.484,0.8,2.6,.320,3.5,6.3,.552,.531,1.8,2.3,.753,1.7,3.7,5.4,2.8,0.5,0.8,1.9,3.0,11.2,,colliza01
152,De'Anthony Melton,25,PHI,SG,38,33,26.9,3.7,9.5,.386,2.0,5.6,.360,1.6,3.8,.425,.493,1.7,2.1,.835,0.7,3.0,3.7,3.0,1.6,0.4,1.0,2.2,11.1,,meltode01
153,Jakob Poeltl,28,TOR,C,50,50,26.4,5.0,7.6,.656,0.0,0.0,,5.0,7.6,.656,.656,1.2,2.1,.551,2.9,5.7,8.6,2.5,0.7,1.5,1.5,3.0,11.1,,poeltja01
154,Russell Westbrook,35,LAC,PG,68,11,22.5,4.4,9.8,.454,0.6,2.3,.273,3.8,7.5,.509,.486,1.6,2.4,.688,1.4,3.7,5.0,4.5,1.1,0.3,2.1,1.8,11.1,6MOY-7,westbru01
155,Daniel Gafford,25,2TM,C,74,66,24.5,4.7,6.5,.725,0.0,0.0,,4.7,6.5,.725,.725,1.6,2.4,.674,2.6,5.0,7.6,1.6,0.9,2.1,1.0,3.1,11.0,,gaffoda01
156,Wendell Carter Jr.,24,ORL,C,55,48,25.6,4.1,7.7,.525,1.2,3.1,.374,2.9,4.6,.626,.600,1.7,2.4,.694,2.0,4.9,6.9,1.7,0.6,0.5,1.2,2.2,11.0,,cartewe01
157,Eric Gordon,35,PHO,SG,68,24,27.8,4.0,9.1,.443,2.2,5.8,.378,1.8,3.3,.561,.565,0.8,0.9,.797,0.2,1.6,1.8,2.0,1.0,0.4,1.1,1.2,11.0,,gordoer01
158,Herbert Jones,25,NOP,SF,76,76,30.5,3.9,7.7,.498,1.5,3.6,.418,2.4,4.1,.568,.595,1.8,2.1,.867,1.0,2.6,3.6,2.6,1.4,0.8,1.2,2.9,11.0,DPOY-5DEF1,joneshe01
159,Luke Kennard,27,MEM,SG,39,22,25.6,3.6,8.1,.448,2.7,6.1,.450,0.9,2.0,.442,.617,1.0,1.2,.889,0.3,2.6,2.9,3.5,0.5,0.1,1.4,1.0,11.0,,kennalu01
160,Luguentz Dort,24,OKC,SF,79,79,28.4,3.6,8.3,.438,2.0,5.0,.394,1.7,3.3,.506,.557,1.6,2.0,.826,0.9,2.7,3.6,1.4,0.9,0.6,0.9,2.9,10.9,,dortlu01
161,Jusuf Nurkić,29,PHO,C,76,76,27.3,4.2,8.3,.510,0.3,1.2,.244,3.9,7.1,.555,.528,2.2,3.4,.640,2.9,8.1,11.0,4.0,1.1,1.1,2.3,3.3,10.9,,nurkiju01
162,Isaiah Stewart,22,DET,PF,46,45,30.9,4.0,8.3,.487,1.5,3.8,.383,2.6,4.5,.575,.575,1.4,1.8,.753,1.6,5.0,6.6,1.6,0.4,0.8,1.4,2.2,10.9,,stewais01
163,Moritz Wagner,26,ORL,C,80,1,17.7,4.2,6.9,.601,0.5,1.4,.330,3.7,5.5,.673,.636,2.1,2.6,.814,1.5,2.9,4.3,1.2,0.5,0.3,1.2,2.0,10.9,,wagnemo01
164,Bruce Brown,27,2TM,SG,67,44,27.9,4.1,8.7,.478,0.8,2.4,.323,3.4,6.2,.538,.523,1.7,2.1,.824,0.8,3.4,4.2,2.9,0.9,0.3,1.3,2.2,10.8,,brownbr01
165,Jake LaRavia,22,MEM,PF,35,6,23.0,3.4,8.7,.389,1.5,4.5,.340,1.9,4.2,.442,.477,2.6,3.1,.826,1.5,2.2,3.7,1.7,0.8,0.3,1.3,2.0,10.8,,laravja01
166,Santi Aldama,23,MEM,PF,61,35,26.5,4.0,9.3,.435,1.7,5.0,.349,2.3,4.3,.534,.528,0.9,1.4,.621,1.2,4.6,5.8,2.3,0.7,0.9,1.1,1.5,10.7,,aldamsa01
167,Simone Fontecchio,28,2TM,SF,66,43,24.9,3.8,8.3,.460,2.0,5.1,.401,1.8,3.2,.551,.582,0.8,1.0,.818,1.0,2.8,3.7,1.5,0.7,0.3,1.0,1.7,10.5,,fontesi01
168,Spencer Dinwiddie,30,2TM,PG,76,52,28.3,3.3,8.4,.392,1.6,4.8,.337,1.7,3.6,.467,.489,2.2,2.8,.805,0.4,2.3,2.7,4.7,0.7,0.3,1.2,1.8,10.5,,dinwisp01
169,Jaden McDaniels,23,MIN,SF,72,71,29.2,4.3,8.7,.489,1.2,3.5,.337,3.1,5.2,.592,.557,0.8,1.1,.722,0.8,2.3,3.1,1.4,0.9,0.6,1.2,3.0,10.5,DEF2,mcdanja02
170,Alec Burks,32,2TM,SG,66,1,18.4,3.2,8.6,.369,1.9,5.0,.376,1.3,3.6,.360,.478,2.2,2.5,.868,0.4,1.9,2.3,1.3,0.4,0.2,0.7,1.1,10.4,,burksal01
171,Dalano Banton,24,2TM,PG,54,9,19.4,3.7,9.3,.404,1.1,3.7,.296,2.6,5.6,.475,.463,1.7,2.2,.783,0.8,2.5,3.3,2.4,0.6,0.4,1.4,1.2,10.3,,bantoda01
172,Grant Williams,25,2TM,PF,76,43,28.0,3.6,8.0,.456,1.7,4.4,.375,2.0,3.5,.558,.560,1.4,1.8,.757,1.1,3.1,4.2,2.3,0.6,0.5,1.4,3.0,10.3,,willigr01
173,Obi Toppin,25,IND,PF,82,28,21.1,4.0,7.1,.573,1.2,3.1,.403,2.8,4.0,.706,.661,0.9,1.2,.770,1.0,2.9,3.9,1.6,0.6,0.5,0.8,1.7,10.3,,toppiob01
174,Kevin Huerter,25,SAC,SG,64,59,24.4,3.9,8.8,.443,1.9,5.3,.361,2.0,3.4,.571,.553,0.6,0.7,.766,0.6,2.9,3.5,2.6,0.7,0.4,0.8,2.1,10.2,,huertke01
175,Reggie Jackson,33,DEN,PG,82,23,22.2,4.0,9.2,.431,1.2,3.5,.359,2.7,5.8,.475,.499,1.0,1.2,.806,0.4,1.5,1.9,3.8,0.5,0.2,1.3,1.8,10.2,,jacksre01
176,T.J. McConnell,31,IND,PG,71,4,18.2,4.6,8.4,.556,0.3,0.6,.409,4.4,7.7,.568,.572,0.7,0.9,.790,0.5,2.2,2.7,5.5,1.0,0.1,1.5,1.1,10.2,6MOY-7,mccontj01
177,Onyeka Okongwu,23,ATL,C,55,8,25.5,4.1,6.6,.611,0.4,1.3,.333,3.6,5.4,.676,.642,1.7,2.1,.793,2.6,4.2,6.8,1.3,0.5,1.1,0.8,2.9,10.2,,okongon01
178,Kentavious Caldwell-Pope,30,DEN,SG,76,76,31.6,3.6,7.7,.460,1.6,4.1,.406,1.9,3.7,.520,.566,1.3,1.5,.894,0.4,2.0,2.4,2.4,1.3,0.6,1.0,2.0,10.1,,caldwke01
179,Alex Caruso,29,CHI,SG,71,57,28.7,3.6,7.6,.468,1.9,4.7,.408,1.6,2.9,.563,.593,1.0,1.4,.760,0.9,3.0,3.8,3.5,1.7,1.0,1.4,2.5,10.1,DPOY-10DEF2,carusal01
180,Talen Horton-Tucker,23,UTA,PG,51,11,19.8,3.6,9.1,.396,1.2,3.6,.330,2.4,5.5,.438,.460,1.7,2.1,.807,0.4,2.0,2.4,3.5,0.9,0.4,1.3,1.8,10.1,,hortota01
181,Tre Jones,24,SAS,PG,77,48,27.8,3.9,7.8,.505,0.8,2.5,.335,3.1,5.3,.584,.558,1.3,1.5,.856,0.8,3.0,3.8,6.2,1.0,0.1,1.5,1.2,10.0,,jonestr01
182,Caleb Martin,28,MIA,SF,64,23,27.4,3.8,8.7,.431,1.3,3.6,.349,2.5,5.1,.489,.504,1.2,1.5,.778,1.2,3.2,4.4,2.2,0.7,0.5,1.2,2.0,10.0,,martica02
183,Patrick Williams,22,CHI,PF,43,30,27.3,3.7,8.3,.443,1.4,3.4,.399,2.3,4.9,.474,.525,1.2,1.5,.788,1.1,2.8,3.9,1.5,0.9,0.8,1.3,2.0,10.0,,willipa01
184,Vince Williams Jr.,23,MEM,SG,52,33,27.6,3.3,7.3,.446,1.5,4.0,.378,1.7,3.3,.529,.550,2.0,2.5,.800,1.1,4.4,5.6,3.4,0.9,0.7,1.8,2.6,10.0,,willivi01
185,Josh Richardson,30,MIA,SG,43,6,25.7,3.6,8.1,.444,1.5,4.4,.347,2.0,3.7,.561,.539,1.2,1.3,.944,0.4,2.4,2.8,2.4,0.6,0.3,0.8,1.8,9.9,,richajo01
186,Jalen Smith,23,IND,C,61,14,17.2,3.8,6.5,.592,1.0,2.4,.424,2.8,4.1,.689,.670,1.2,1.7,.692,1.8,3.7,5.5,1.0,0.3,0.6,0.7,2.0,9.9,,smithja04
187,Gordon Hayward,33,2TM,SF,51,28,24.4,3.7,7.9,.464,0.7,1.8,.411,2.9,6.1,.479,.510,1.7,2.4,.742,0.7,2.8,3.5,3.1,0.8,0.3,1.3,1.3,9.8,,haywago01
188,Kelly Olynyk,32,2TM,C,78,27,22.6,3.5,6.4,.555,0.8,2.0,.387,2.8,4.4,.632,.616,1.9,2.3,.833,1.4,3.9,5.3,4.4,0.9,0.4,1.9,2.9,9.8,,olynyke01
189,Tari Eason,22,HOU,PF,22,0,21.8,4.0,8.6,.466,0.8,2.3,.360,3.2,6.3,.504,.513,1.0,1.5,.636,2.1,4.9,7.0,1.2,1.4,0.9,0.9,2.3,9.8,,easonta01
190,Nick Richards,26,CHO,C,67,51,26.3,3.9,5.6,.691,0.0,0.0,.000,3.9,5.6,.693,.691,2.0,2.7,.737,2.6,5.5,8.0,0.8,0.4,1.1,1.1,2.6,9.7,,richani01
191,Lonnie Walker IV,25,BRK,SG,58,0,17.4,3.6,8.5,.423,1.8,4.7,.384,1.8,3.8,.471,.528,0.8,1.0,.763,0.2,2.0,2.2,1.3,0.6,0.3,0.9,1.2,9.7,,walkelo01
192,Payton Pritchard,26,BOS,PG,82,5,22.3,3.6,7.7,.468,1.8,4.7,.385,1.8,3.1,.593,.583,0.6,0.7,.821,0.9,2.4,3.2,3.4,0.5,0.1,0.7,1.3,9.6,,pritcpa01
193,Amen Thompson,21,HOU,SF,62,23,22.4,3.9,7.2,.536,0.1,0.9,.138,3.7,6.3,.595,.545,1.7,2.5,.684,2.4,4.2,6.6,2.6,1.3,0.6,1.5,2.3,9.5,,thompam01
194,Josh Hart,28,NYK,SF,81,42,33.4,3.6,8.4,.434,1.0,3.2,.310,2.7,5.2,.511,.493,1.1,1.4,.791,1.6,6.8,8.3,4.1,0.9,0.3,1.5,2.1,9.4,,hartjo01
195,Georges Niang,30,CLE,PF,82,10,22.3,3.5,7.7,.449,1.8,4.8,.376,1.6,2.9,.572,.567,0.6,0.7,.850,0.3,3.1,3.4,1.2,0.4,0.2,0.9,2.3,9.4,,niangge01
196,Isaac Okoro,23,CLE,SF,69,42,27.3,3.4,7.0,.490,1.2,3.1,.391,2.2,3.8,.570,.577,1.3,2.0,.679,1.0,2.0,3.0,1.9,0.8,0.5,0.8,2.0,9.4,,okorois01
197,Tre Mann,22,2TM,PG,41,28,24.1,3.5,7.7,.459,1.1,3.1,.373,2.4,4.6,.516,.533,1.1,1.4,.763,0.5,3.1,3.6,4.0,1.2,0.1,1.6,1.2,9.3,,manntr01
198,Malaki Branham,20,SAS,PG,75,29,21.3,3.6,8.4,.432,1.2,3.6,.347,2.4,4.8,.494,.506,0.7,0.8,.873,0.4,1.6,2.0,2.1,0.4,0.1,1.2,1.3,9.2,,branhma01
199,Andrew Nembhard,24,IND,PG,68,47,25.0,3.8,7.7,.498,0.9,2.5,.357,2.9,5.2,.567,.557,0.7,0.8,.804,0.5,1.5,2.1,4.1,0.9,0.1,1.5,2.1,9.2,,nembhan01
200,Chris Paul,38,GSW,PG,58,18,26.4,3.6,8.1,.441,1.3,3.6,.371,2.2,4.4,.498,.525,0.7,0.9,.827,0.3,3.6,3.9,6.8,1.2,0.1,1.3,1.9,9.2,,paulch01
201,Brandin Podziemski,20,GSW,SG,74,28,26.6,3.7,8.1,.454,1.2,3.2,.385,2.4,4.9,.499,.529,0.7,1.1,.633,1.6,4.2,5.8,3.7,0.8,0.2,1.2,1.6,9.2,ROY-5,podzibr01
202,Duop Reath,27,POR,C,68,20,17.9,3.4,7.3,.461,1.3,3.6,.359,2.1,3.7,.559,.549,1.0,1.4,.742,1.4,2.3,3.7,1.0,0.5,0.6,0.8,2.4,9.1,,reathdu01
203,Sam Hauser,26,BOS,SF,79,13,22.0,3.2,7.1,.446,2.5,5.9,.424,0.7,1.2,.559,.623,0.2,0.2,.895,0.6,2.9,3.5,1.0,0.5,0.3,0.4,1.3,9.0,,hausesa01
204,Taurean Prince,29,LAL,PF,78,49,27.0,3.2,7.3,.442,1.8,4.6,.396,1.4,2.8,.519,.566,0.6,0.9,.735,0.3,2.7,2.9,1.5,0.7,0.4,0.9,1.9,8.9,,princta02
205,Jabari Walker,21,POR,PF,72,23,23.6,3.3,7.1,.460,0.6,1.9,.295,2.7,5.1,.522,.500,1.8,2.4,.754,2.1,5.0,7.1,1.0,0.6,0.3,0.9,2.4,8.9,,walkeja01
206,Dereck Lively II,19,DAL,C,55,42,23.5,4.0,5.4,.747,0.0,0.0,.000,4.0,5.3,.752,.747,0.7,1.5,.506,2.5,4.4,6.9,1.1,0.7,1.4,0.9,2.6,8.8,ROY-6,livelde01
207,Kevin Love,35,MIA,PF,55,5,16.8,2.9,6.5,.440,1.5,4.4,.344,1.3,2.1,.643,.557,1.5,2.0,.787,1.1,5.1,6.1,2.1,0.3,0.2,0.9,1.8,8.8,,loveke01
208,Terance Mann,27,LAC,SG,75,71,25.0,3.4,6.6,.515,0.9,2.7,.348,2.4,3.9,.633,.587,1.1,1.3,.832,1.2,2.2,3.4,1.6,0.6,0.2,0.6,1.9,8.8,,mannte01
209,Ausar Thompson,21,DET,SF,63,38,25.1,3.7,7.6,.483,0.3,1.8,.186,3.3,5.8,.575,.505,1.1,1.9,.597,2.0,4.3,6.4,1.9,1.1,0.9,1.3,2.8,8.8,,thompau01
210,Draymond Green,33,GSW,PF,55,52,27.1,3.4,6.8,.497,0.9,2.3,.395,2.4,4.4,.551,.566,1.0,1.3,.730,1.4,5.9,7.2,6.0,1.0,0.9,2.5,3.0,8.6,,greendr01
211,Al Horford,37,BOS,C,65,33,26.8,3.3,6.4,.511,1.7,4.0,.419,1.6,2.5,.658,.640,0.4,0.5,.867,1.3,5.1,6.4,2.6,0.6,1.0,0.7,1.4,8.6,,horfoal01
212,Derrick Jones Jr.,26,DAL,SF,76,66,23.5,3.1,6.5,.483,1.1,3.1,.343,2.1,3.4,.613,.566,1.3,1.8,.713,1.1,2.2,3.3,1.0,0.7,0.7,0.9,1.6,8.6,,jonesde02
213,Gradey Dick,20,TOR,SG,60,17,21.1,3.2,7.4,.425,1.5,4.0,.365,1.7,3.4,.495,.524,0.7,0.9,.863,0.5,1.8,2.2,1.1,0.6,0.0,0.8,1.5,8.5,,dickgr01
214,Dorian Finney-Smith,30,BRK,PF,68,56,28.4,3.2,7.5,.421,1.7,4.9,.348,1.4,2.6,.560,.535,0.5,0.7,.717,1.6,3.1,4.7,1.6,0.8,0.6,0.9,2.2,8.5,,finnedo01
215,Tristan Vukcevic,20,WAS,C,10,4,15.3,2.9,6.7,.433,1.0,3.6,.278,1.9,3.1,.613,.507,1.7,2.2,.773,0.6,3.0,3.6,1.3,0.5,0.7,1.0,2.8,8.5,,vukcetr01
216,Bilal Coulibaly,19,WAS,SF,63,15,27.2,3.0,6.9,.435,1.0,2.9,.346,2.0,3.9,.502,.509,1.5,2.1,.702,0.9,3.2,4.1,1.7,0.9,0.8,1.4,2.2,8.4,,coulibi01
217,Andre Drummond,30,CHI,C,79,10,17.1,3.4,6.1,.556,0.0,0.0,.000,3.4,6.0,.560,.556,1.6,2.8,.592,3.4,5.6,9.0,0.5,0.9,0.6,1.0,1.8,8.4,,drumman01
218,Miles McBride,23,NYK,PG,68,14,19.5,3.0,6.7,.452,1.6,3.9,.410,1.4,2.8,.511,.572,0.6,0.7,.860,0.5,1.0,1.5,1.7,0.7,0.1,0.4,1.6,8.3,,mcbrimi01
219,Marcus Sasser,23,DET,PG,71,11,19.0,3.1,7.2,.428,1.3,3.4,.375,1.8,3.8,.474,.516,0.8,0.9,.879,0.2,1.6,1.8,3.3,0.6,0.2,1.3,1.5,8.3,,sassema01
220,Josh Green,23,DAL,SG,57,33,26.4,3.1,6.6,.479,1.3,3.3,.385,1.9,3.3,.572,.575,0.7,1.0,.684,0.7,2.5,3.2,2.3,0.8,0.2,1.1,1.9,8.2,,greenjo02
221,Isaiah Joe,24,OKC,SG,78,1,18.5,2.8,6.2,.458,1.9,4.5,.416,1.0,1.7,.568,.609,0.6,0.7,.865,0.4,1.9,2.3,1.3,0.6,0.3,0.6,1.1,8.2,,joeis01
222,Ziaire Williams,22,MEM,SF,51,15,20.4,2.9,7.4,.397,1.1,3.7,.307,1.8,3.7,.487,.474,1.2,1.5,.827,0.7,2.8,3.5,1.5,0.7,0.2,1.3,1.7,8.2,,willizi02
223,Kyle Lowry,37,2TM,PG,60,55,28.2,2.7,6.3,.432,1.6,4.2,.392,1.1,2.1,.512,.562,1.1,1.3,.840,0.6,2.7,3.2,4.2,1.0,0.4,1.4,2.4,8.1,,lowryky01
224,Walker Kessler,22,UTA,C,64,22,23.3,3.6,5.5,.654,0.1,0.3,.211,3.5,5.2,.680,.660,0.9,1.5,.602,2.6,4.9,7.5,0.9,0.5,2.4,1.0,2.1,8.1,,kesslwa01
225,Moses Moody,21,GSW,SG,66,9,17.5,2.9,6.4,.462,1.1,3.0,.360,1.8,3.3,.555,.548,1.1,1.4,.785,1.0,2.0,3.0,0.9,0.6,0.4,0.7,1.4,8.1,,moodymo01
226,Nickeil Alexander-Walker,25,MIN,SG,82,20,23.4,2.9,6.6,.439,1.6,4.1,.391,1.3,2.5,.517,.560,0.6,0.8,.800,0.4,1.6,2.0,2.5,0.8,0.5,0.9,1.7,8.0,,alexani01
227,Sam Merrill,27,CLE,SG,61,1,17.5,2.6,6.4,.402,2.3,5.8,.404,0.2,0.6,.385,.584,0.4,0.5,.929,0.4,1.6,2.0,1.8,0.3,0.1,0.3,1.2,8.0,,merrisa01
228,Derrick Rose,35,MEM,PG,24,7,16.6,3.2,6.9,.461,0.6,1.7,.366,2.5,5.2,.492,.506,1.0,1.1,.889,0.3,1.6,1.9,3.3,0.3,0.1,1.3,0.9,8.0,,rosede01
229,Dario Šarić,29,GSW,C,64,9,17.2,2.8,6.1,.466,1.2,3.1,.376,1.7,3.0,.560,.562,1.2,1.5,.849,1.1,3.3,4.4,2.3,0.5,0.2,1.2,1.8,8.0,,saricda01
230,Trayce Jackson-Davis,23,GSW,PF,68,16,16.6,3.4,4.9,.702,0.0,0.0,.000,3.4,4.9,.704,.702,1.1,1.9,.561,2.0,3.0,5.0,1.2,0.4,1.1,0.7,1.6,7.9,,jackstr02
231,Danté Exum,28,DAL,PG,55,17,19.8,2.9,5.5,.533,1.0,2.0,.491,2.0,3.5,.557,.621,1.0,1.2,.779,0.5,2.3,2.7,2.9,0.4,0.1,0.9,1.5,7.8,,exumda01
232,Markelle Fultz,25,ORL,PG,43,18,21.2,3.6,7.6,.472,0.1,0.4,.222,3.5,7.2,.487,.479,0.5,0.8,.697,1.3,1.9,3.2,2.8,1.0,0.3,1.2,1.5,7.8,,fultzma01
233,Isaiah Hartenstein,25,NYK,C,75,49,25.3,3.1,4.9,.644,0.0,0.0,.333,3.1,4.8,.646,.645,1.5,2.1,.707,3.3,5.1,8.3,2.5,1.2,1.1,1.2,2.8,7.8,,harteis01
234,Jordan Hawkins,21,NOP,SG,67,10,17.3,2.6,6.8,.382,1.6,4.4,.366,1.0,2.4,.411,.501,1.0,1.2,.838,0.4,1.8,2.2,1.0,0.3,0.1,0.6,1.1,7.8,,hawkijo01
235,Royce O'Neale,30,2TM,SF,79,14,24.7,2.7,6.8,.397,2.0,5.3,.370,0.7,1.5,.496,.542,0.3,0.4,.686,0.8,4.0,4.8,2.8,0.7,0.6,0.9,2.2,7.7,,onealro01
236,RaiQuan Gray,24,SAS,PF,3,0,13.0,3.3,5.7,.588,1.0,2.3,.429,2.3,3.3,.700,.676,0.0,0.0,,0.7,1.7,2.3,2.0,0.3,0.3,0.3,0.0,7.7,,grayra01
237,Nikola Jović,20,MIA,PF,46,38,19.5,2.8,6.1,.452,1.4,3.5,.399,1.3,2.6,.525,.568,0.7,1.0,.702,0.5,3.6,4.2,2.0,0.5,0.3,0.9,1.8,7.7,,jovicni01
238,Precious Achiuwa,24,2TM,C,74,18,21.9,3.2,6.3,.501,0.4,1.3,.268,2.8,5.0,.562,.529,0.9,1.5,.616,2.6,4.0,6.6,1.3,0.6,0.9,1.1,1.9,7.6,,achiupr01
239,Toumani Camara,23,POR,PF,70,49,24.8,2.8,6.3,.450,0.8,2.5,.337,2.0,3.8,.523,.516,1.1,1.4,.758,2.0,2.9,4.9,1.2,0.9,0.5,1.2,2.5,7.5,,camarto01
240,Cody Martin,28,CHO,SF,28,22,26.9,2.9,7.7,.381,1.0,3.1,.314,2.0,4.6,.426,.444,0.7,1.2,.606,0.7,3.2,3.9,3.7,1.1,0.6,1.6,1.7,7.5,,martico01
241,Brice Sensabaugh,20,UTA,SF,32,11,18.3,2.7,6.8,.390,1.1,3.6,.296,1.6,3.2,.495,.468,1.2,1.3,.902,0.5,2.7,3.2,1.7,0.4,0.2,1.5,1.3,7.5,,sensabr01
242,Cameron Payne,29,2TM,PG,78,10,16.7,2.7,6.2,.432,1.3,3.4,.390,1.3,2.7,.486,.541,0.7,0.9,.866,0.3,1.2,1.5,2.6,0.5,0.1,0.8,1.6,7.4,,payneca01
243,Christian Braun,22,DEN,SG,82,4,20.2,2.7,5.9,.460,0.8,2.0,.384,1.9,3.9,.498,.525,1.1,1.6,.694,1.0,2.8,3.7,1.6,0.5,0.4,0.7,1.7,7.3,,braunch01
244,Jaden Hardy,21,DAL,SG,73,7,13.5,2.7,6.6,.407,1.1,3.1,.362,1.6,3.5,.447,.492,0.8,1.0,.776,0.3,1.5,1.8,1.5,0.3,0.1,0.8,1.1,7.3,,hardyja02
245,Taylor Hendricks,20,UTA,PF,40,23,21.4,2.7,6.0,.450,1.3,3.5,.379,1.4,2.5,.550,.560,0.6,0.7,.793,1.2,3.5,4.6,0.8,0.7,0.8,0.7,1.9,7.3,,hendrta01
246,Paul Reed,24,PHI,C,82,24,19.4,3.2,5.9,.540,0.3,0.7,.368,2.9,5.2,.563,.561,0.7,1.0,.718,2.4,3.6,6.0,1.3,0.8,1.0,0.8,2.4,7.3,,reedpa01
247,Lamar Stevens,26,2TM,PF,38,3,14.7,2.8,6.3,.450,0.4,1.2,.304,2.5,5.1,.485,.479,1.1,1.4,.778,0.9,2.4,3.3,0.7,0.6,0.6,0.6,1.2,7.2,,stevela01
248,Johnny Juzang,22,UTA,SG,20,5,18.6,2.6,5.5,.464,1.6,3.9,.416,1.0,1.7,.576,.609,0.5,0.7,.714,0.4,1.5,1.8,1.2,0.2,0.1,0.7,1.5,7.2,,juzanjo01
249,Kevin Knox,24,DET,SF,31,11,18.1,2.8,6.0,.462,1.0,3.0,.330,1.8,3.0,.598,.546,0.6,0.7,.909,0.6,1.8,2.4,0.7,0.4,0.2,0.7,1.6,7.2,,knoxke01
250,Trey Lyles,28,SAC,PF,58,0,20.0,2.5,5.5,.445,1.4,3.8,.384,1.0,1.8,.578,.576,0.8,1.2,.700,1.1,3.4,4.4,1.2,0.3,0.3,0.7,1.5,7.2,,lylestr01
251,Jose Alvarado,25,NOP,PG,56,0,18.4,2.5,6.2,.412,1.4,3.7,.377,1.1,2.5,.464,.525,0.6,0.9,.673,0.4,1.8,2.3,2.1,1.1,0.3,0.7,1.6,7.1,6MOY-6,alvarjo01
252,Naji Marshall,26,NOP,SF,66,1,19.0,2.6,5.6,.463,0.9,2.3,.387,1.7,3.3,.516,.542,1.0,1.3,.791,0.8,2.8,3.6,1.9,0.7,0.2,1.0,1.4,7.1,,marshna01
253,Landry Shamet,26,WAS,SG,46,5,15.8,2.6,6.0,.431,1.2,3.4,.338,1.4,2.5,.556,.527,0.8,1.0,.826,0.3,1.0,1.3,1.2,0.5,0.2,0.7,1.7,7.1,,shamela01
254,James Wiseman,22,DET,C,63,6,17.3,3.0,4.8,.613,0.0,0.0,.000,3.0,4.8,.617,.613,1.1,1.6,.706,1.7,3.6,5.3,0.9,0.2,0.6,1.0,2.2,7.1,,wisemja01
255,Vasilije Micić,30,2TM,PG,60,21,19.6,2.7,6.2,.430,0.7,2.6,.279,1.9,3.6,.537,.488,1.0,1.3,.813,0.2,1.2,1.5,4.4,0.5,0.1,1.7,1.1,7.0,,micicva01
256,Jordan Nwora,25,2TM,SF,52,1,13.7,2.7,5.8,.462,0.8,2.5,.336,1.8,3.2,.560,.535,0.8,1.0,.830,0.5,2.3,2.9,1.2,0.5,0.3,1.0,0.9,7.0,,nworajo01
257,Quentin Grimes,23,2TM,SG,51,18,20.1,2.4,6.4,.372,1.6,4.7,.338,0.8,1.7,.466,.495,0.7,0.9,.756,0.3,1.7,2.0,1.3,0.7,0.1,0.5,1.5,7.0,,grimequ01
258,Javon Freeman-Liberty,24,TOR,PG,22,6,18.3,2.5,5.6,.444,0.5,1.9,.238,2.0,3.7,.549,.484,1.5,1.6,.917,0.7,2.5,3.2,1.8,0.5,0.2,1.1,1.3,7.0,,freemja01
259,Evan Fournier,31,2TM,SG,32,0,18.1,2.5,6.9,.357,1.0,4.1,.254,1.4,2.8,.505,.432,0.9,1.1,.806,0.2,1.7,1.8,1.5,0.9,0.2,0.7,1.5,6.9,,fournev01
260,Gary Harris,29,ORL,SG,54,27,24.0,2.4,5.5,.441,1.4,3.8,.371,1.0,1.7,.598,.569,0.6,0.8,.756,0.4,1.2,1.7,1.6,0.9,0.3,0.6,1.7,6.9,,harriga01
261,Killian Hayes,22,DET,PG,42,31,24.0,2.8,6.7,.413,0.5,1.8,.297,2.3,5.0,.455,.452,0.8,1.2,.660,0.3,2.6,2.8,4.9,0.9,0.5,1.2,1.8,6.9,,hayeski01
262,Bones Hyland,23,LAC,PG,37,5,14.6,2.6,6.8,.386,1.2,3.6,.326,1.4,3.1,.457,.474,0.5,0.6,.783,0.1,1.4,1.5,2.5,0.7,0.1,1.2,1.4,6.9,,hylanbo01
263,Mãozinha Pereira,23,MEM,SF,7,1,17.4,2.6,5.0,.514,0.7,1.9,.385,1.9,3.1,.591,.586,1.0,1.4,.700,1.6,3.7,5.3,0.3,0.9,0.6,0.7,1.4,6.9,,pereima01
264,Trendon Watford,23,BRK,PF,63,2,13.6,2.6,4.9,.527,0.4,1.1,.397,2.2,3.9,.564,.571,1.2,1.5,.794,0.8,2.3,3.1,1.3,0.4,0.3,1.0,1.7,6.9,,watfotr01
265,Aaron Wiggins,25,OKC,SG,78,4,15.7,2.7,4.8,.562,0.8,1.6,.492,1.9,3.2,.598,.645,0.7,0.9,.789,0.8,1.6,2.4,1.1,0.7,0.2,0.7,1.2,6.9,,wiggiaa01
266,Christian Wood,28,LAL,PF,50,1,17.4,2.5,5.3,.466,0.7,2.3,.307,1.8,3.0,.587,.532,1.3,1.9,.702,0.8,4.3,5.1,1.0,0.3,0.7,1.0,1.4,6.9,,woodch01
267,Trey Jemison,24,2TM,C,25,14,22.9,3.0,5.4,.551,0.0,0.0,,3.0,5.4,.551,.551,0.8,1.0,.840,2.6,2.8,5.4,1.1,0.5,1.1,1.4,2.8,6.8,,jemistr01
268,Julian Champagnie,22,SAS,SF,74,59,19.8,2.2,5.4,.408,1.4,3.7,.365,0.9,1.7,.504,.534,1.0,1.2,.815,0.6,2.2,2.8,1.4,0.6,0.6,0.8,1.0,6.8,,champju02
269,Jonathan Isaac,26,ORL,PF,58,2,15.8,2.5,4.9,.510,0.7,1.9,.375,1.8,3.0,.598,.584,1.0,1.4,.720,1.3,3.2,4.5,0.5,0.7,1.2,0.5,1.1,6.8,6MOY-9,isaacjo01
270,Cedi Osman,28,SAS,SF,72,3,17.6,2.6,5.3,.479,1.2,3.1,.389,1.4,2.3,.601,.591,0.5,0.7,.673,0.3,2.2,2.5,1.7,0.5,0.2,0.7,1.5,6.8,,osmande01
271,Day'Ron Sharpe,22,BRK,C,61,1,15.1,2.8,4.8,.571,0.1,0.2,.267,2.7,4.6,.588,.578,1.2,2.0,.610,2.6,3.7,6.4,1.4,0.4,0.7,1.1,2.1,6.8,,sharpda01
272,Cason Wallace,20,OKC,SG,82,13,20.6,2.6,5.4,.491,1.2,2.9,.419,1.5,2.5,.572,.602,0.4,0.5,.784,0.6,1.6,2.3,1.5,0.9,0.5,0.5,1.6,6.8,,wallaca01
273,Robert Williams,26,POR,C,6,0,19.8,2.8,4.3,.654,0.0,0.0,,2.8,4.3,.654,.654,1.2,1.5,.778,1.8,4.5,6.3,0.8,1.2,1.2,1.2,2.8,6.8,,williro04
274,Dāvis Bertāns,31,2TM,PF,43,1,15.7,2.1,5.4,.393,1.8,4.7,.380,0.4,0.8,.471,.556,0.7,0.8,.909,0.2,1.2,1.4,0.8,0.6,0.3,0.4,1.3,6.7,,bertada01
275,Jahmi'us Ramsey,22,TOR,SG,7,1,17.3,2.6,5.9,.439,0.9,3.1,.273,1.7,2.7,.632,.512,0.7,0.9,.833,0.6,2.6,3.1,1.1,1.0,0.0,1.0,1.4,6.7,,ramseja01
276,Peyton Watson,21,DEN,SF,80,4,18.6,2.6,5.6,.465,0.6,1.9,.296,2.0,3.7,.553,.516,0.9,1.3,.670,0.7,2.5,3.2,1.1,0.5,1.1,0.7,1.8,6.7,,watsope01
277,Amir Coffey,26,LAC,SF,70,13,20.9,2.4,5.0,.472,1.0,2.6,.380,1.4,2.4,.571,.571,0.9,1.0,.859,0.4,1.7,2.1,1.1,0.6,0.2,0.5,1.5,6.6,,coffeam01
278,Aaron Holiday,27,HOU,PG,78,1,16.3,2.4,5.3,.446,1.1,2.8,.387,1.3,2.6,.510,.547,0.7,0.8,.921,0.3,1.3,1.6,1.8,0.5,0.1,0.7,1.6,6.6,,holidaa01
279,Dennis Smith Jr.,26,BRK,PG,56,2,18.9,2.6,6.0,.435,0.6,1.9,.294,2.1,4.1,.502,.482,0.8,1.0,.741,0.9,2.0,2.9,3.6,1.2,0.2,1.2,2.2,6.6,,smithde03
280,Chimezie Metu,26,2TM,C,51,12,16.8,2.4,4.8,.504,0.5,1.8,.298,1.9,2.9,.633,.561,1.1,1.3,.906,0.8,3.0,3.8,0.9,0.8,0.3,1.0,1.4,6.5,,metuch01
281,Jordan Goodwin,25,2TM,PG,57,12,18.5,2.5,6.7,.369,0.7,2.5,.298,1.7,4.2,.411,.424,0.8,1.0,.746,1.5,2.9,4.4,2.7,0.8,0.3,1.0,1.3,6.5,,goodwjo01
282,David Roddy,22,2TM,PF,65,13,18.1,2.5,6.3,.403,0.7,2.5,.293,1.8,3.8,.478,.462,0.7,1.0,.691,0.8,2.4,3.2,1.2,0.4,0.2,0.9,1.1,6.5,,roddyda01
283,David Duke Jr.,24,SAS,SG,4,0,12.8,2.5,4.5,.556,0.8,1.5,.500,1.8,3.0,.583,.639,0.8,0.8,1.000,0.5,2.0,2.5,1.3,0.5,0.0,0.8,1.0,6.5,,dukeda01
284,Jeff Green,37,HOU,PF,78,6,16.8,2.1,4.7,.456,0.7,2.1,.331,1.5,2.6,.553,.529,1.6,1.9,.819,0.6,1.7,2.3,0.9,0.2,0.4,0.6,1.3,6.5,,greenje02
285,Isaiah Jackson,22,IND,C,59,3,13.1,2.6,3.9,.665,0.0,0.1,.000,2.6,3.9,.677,.665,1.2,1.7,.716,1.6,2.4,4.0,0.8,0.6,1.0,0.7,2.3,6.5,,jacksis01
286,Marcus Morris,34,2TM,PF,49,7,16.7,2.4,5.4,.439,1.0,2.4,.403,1.4,3.0,.469,.530,0.7,0.9,.818,0.5,2.3,2.7,0.7,0.3,0.3,0.6,1.5,6.4,,morrima03
287,Kyle Anderson,30,MIN,PF,79,10,22.6,2.5,5.5,.460,0.1,0.6,.229,2.4,4.9,.488,.472,1.2,1.7,.708,0.8,2.7,3.5,4.2,0.9,0.6,1.2,1.6,6.4,,anderky01
288,Chris Boucher,31,TOR,PF,50,0,14.1,2.2,4.3,.507,0.6,1.9,.330,1.6,2.5,.642,.578,1.4,1.8,.772,1.2,2.9,4.1,0.5,0.3,0.5,0.6,1.4,6.4,,bouchch01
289,Jared Butler,23,WAS,SG,40,0,14.2,2.5,5.0,.488,0.6,2.0,.308,1.9,3.1,.602,.547,0.8,0.9,.861,0.2,1.2,1.5,3.2,0.7,0.2,1.3,1.5,6.3,,butleja02
290,Bruno Fernando,25,ATL,C,45,2,15.2,2.4,4.2,.583,0.0,0.1,.000,2.4,4.1,.596,.583,1.4,2.1,.667,1.3,3.0,4.3,1.0,0.6,0.6,1.0,2.4,6.3,,fernabr01
291,Daniel Theis,31,2TM,C,60,3,16.9,2.6,4.9,.532,0.4,1.2,.366,2.2,3.7,.586,.577,0.6,0.8,.760,1.4,2.7,4.1,1.0,0.4,0.9,0.7,2.1,6.3,,theisda01
292,Jaylen Nowell,24,2TM,SG,13,1,16.5,2.6,6.0,.436,0.5,2.2,.207,2.2,3.8,.571,.474,0.5,0.7,.778,0.5,1.4,1.8,1.5,0.3,0.2,0.5,1.2,6.2,,nowelja01
293,Patrick Beverley,35,2TM,PG,73,13,20.0,2.2,5.2,.417,0.8,2.5,.337,1.3,2.7,.490,.497,1.0,1.2,.822,0.7,2.6,3.3,2.9,0.6,0.4,0.9,1.8,6.2,,beverpa01
294,Jae Crowder,33,MIL,PF,50,25,23.1,2.3,5.4,.422,1.2,3.3,.349,1.1,2.1,.538,.530,0.5,0.7,.722,0.6,2.6,3.2,1.3,0.8,0.2,0.5,1.5,6.2,,crowdja01
295,Keon Johnson,21,BRK,SG,5,0,12.2,1.6,4.2,.381,0.8,2.0,.400,0.8,2.2,.364,.476,2.2,2.4,.917,0.6,0.8,1.4,0.6,0.6,0.2,1.0,1.0,6.2,,johnske07
296,Haywood Highsmith,27,MIA,PF,66,26,20.7,2.3,5.0,.465,1.2,2.9,.396,1.2,2.1,.562,.581,0.3,0.5,.639,1.0,2.2,3.2,1.1,0.8,0.5,0.5,1.8,6.1,,highsha01
297,Vít Krejčí,23,ATL,PG,22,14,24.6,2.3,4.7,.490,1.3,3.1,.412,1.0,1.6,.639,.625,0.2,0.3,.833,0.5,1.9,2.4,2.3,0.6,0.3,0.9,2.2,6.1,,krejcvi01
298,Kris Murray,23,POR,SF,62,29,21.7,2.3,5.9,.396,0.8,3.0,.268,1.5,3.0,.525,.463,0.6,0.9,.661,1.4,2.2,3.6,1.3,0.9,0.3,0.9,1.5,6.1,,murrakr01
299,Ben Simmons,27,BRK,PG,15,12,23.9,2.9,4.9,.581,0.0,0.0,,2.9,4.9,.581,.581,0.4,1.0,.400,2.1,5.9,7.9,5.7,0.8,0.6,1.8,2.4,6.1,,simmobe01
300,Zavier Simpson,26,MEM,PG,7,0,23.0,2.4,7.7,.315,0.7,2.4,.294,1.7,5.3,.324,.361,0.4,0.6,.750,0.6,2.3,2.9,3.6,1.0,0.4,1.4,1.6,6.0,,simpsza01
301,Tosan Evbuomwan,22,2TM,SF,17,8,21.6,2.1,4.2,.507,0.7,1.9,.375,1.4,2.3,.615,.592,1.0,1.5,.680,1.1,2.5,3.5,0.9,0.4,0.3,0.5,1.4,5.9,,evbuoto01
302,Justin Champagnie,22,WAS,SF,15,1,15.7,2.1,5.2,.410,0.9,3.0,.289,1.3,2.2,.576,.494,0.8,1.0,.800,1.3,2.3,3.5,1.3,0.7,0.6,0.7,0.9,5.9,,champju01
303,Nick Smith Jr.,19,CHO,SG,51,0,14.3,2.2,5.7,.391,1.2,2.9,.432,1.0,2.8,.350,.500,0.3,0.3,.867,0.4,1.1,1.4,1.2,0.2,0.1,0.8,1.1,5.9,,smithni01
304,Ochai Agbaji,23,2TM,SG,78,28,21.0,2.3,5.6,.411,0.8,2.7,.294,1.5,2.8,.523,.483,0.5,0.7,.661,0.9,1.8,2.8,1.1,0.6,0.6,0.8,1.5,5.8,,agbajoc01
305,Noah Clowney,19,BRK,PF,23,4,16.1,2.2,4.0,.538,0.5,1.4,.364,1.7,2.6,.633,.602,0.9,1.3,.700,1.1,2.4,3.5,0.8,0.3,0.7,0.7,1.1,5.8,,clownno01
306,Dyson Daniels,20,NOP,PG,61,16,22.3,2.3,5.1,.447,0.7,2.2,.311,1.6,2.9,.551,.514,0.6,0.9,.642,1.0,2.9,3.9,2.7,1.4,0.4,1.0,1.7,5.8,,daniedy01
307,Danilo Gallinari,35,3TM,SF,49,0,12.9,1.7,3.9,.437,0.6,1.9,.323,1.1,2.0,.546,.516,1.7,2.0,.857,0.4,1.8,2.2,1.1,0.3,0.1,0.5,1.0,5.7,,gallida01
308,Thomas Bryant,26,MIA,C,38,4,11.6,2.3,3.9,.577,0.1,0.6,.182,2.2,3.3,.646,.591,1.1,1.2,.872,1.1,2.7,3.7,0.6,0.3,0.4,0.6,1.2,5.7,,bryanth01
309,Torrey Craig,33,CHI,SF,53,14,19.8,2.0,4.7,.430,1.1,2.9,.392,0.9,1.8,.490,.550,0.5,0.7,.750,1.3,2.8,4.1,1.1,0.6,0.4,0.6,2.1,5.7,,craigto01
310,Larry Nance Jr.,31,NOP,C,61,0,19.9,2.3,4.0,.573,0.4,1.1,.415,1.8,2.9,.631,.629,0.8,1.0,.770,1.5,3.5,5.0,1.9,1.0,0.3,0.8,1.6,5.7,,nancela02
311,Pat Connaughton,31,MIL,SF,76,3,22.1,2.0,4.6,.435,1.1,3.1,.345,0.9,1.4,.633,.553,0.6,0.8,.759,0.7,2.5,3.1,2.1,0.5,0.3,0.6,1.3,5.6,,connapa01
312,Craig Porter Jr.,23,CLE,PG,51,6,12.7,2.3,4.5,.509,0.2,0.7,.353,2.0,3.8,.536,.535,0.8,1.1,.732,0.4,1.7,2.1,2.3,0.4,0.3,0.9,0.8,5.6,,portecr01
313,Mitchell Robinson,25,NYK,C,31,21,24.8,2.4,4.1,.575,0.0,0.0,,2.4,4.1,.575,.575,0.9,2.1,.409,4.6,3.9,8.5,0.6,1.2,1.1,0.8,1.8,5.6,,robinmi01
314,Malachi Flynn,25,3TM,PG,69,0,12.7,2.0,4.7,.418,0.8,2.4,.331,1.2,2.3,.513,.505,0.8,1.0,.732,0.3,1.3,1.7,1.9,0.6,0.1,0.9,1.0,5.5,,flynnma01
315,Doug McDermott,32,2TM,SF,64,0,14.1,1.9,4.4,.433,1.5,3.6,.410,0.5,0.9,.527,.599,0.2,0.3,.579,0.2,0.8,0.9,1.1,0.3,0.0,0.4,1.0,5.5,,mcderdo01
316,Dexter Dennis,24,DAL,SG,4,0,7.5,2.5,4.8,.526,0.3,2.0,.125,2.3,2.8,.818,.553,0.3,0.8,.333,0.3,2.0,2.3,1.0,0.0,0.3,0.8,0.3,5.5,,dennide01
317,Gary Payton II,31,GSW,SG,44,0,15.5,2.3,4.2,.563,0.5,1.3,.364,1.9,2.9,.648,.617,0.3,0.5,.609,1.0,1.5,2.6,1.1,0.9,0.4,0.6,1.8,5.5,,paytoga02
318,Neemias Queta,24,BOS,C,28,0,11.9,2.4,3.7,.644,0.0,0.0,,2.4,3.7,.644,.644,0.7,1.0,.714,1.9,2.5,4.4,0.7,0.5,0.8,0.5,1.8,5.5,,quetane01
319,Ricky Council IV,22,PHI,SG,32,0,9.0,1.7,3.5,.482,0.4,1.0,.375,1.3,2.5,.525,.536,1.7,2.2,.746,0.4,1.0,1.4,0.5,0.3,0.0,0.2,0.5,5.4,,councri01
320,Kris Dunn,29,UTA,PG,66,32,18.9,2.2,4.7,.470,0.6,1.7,.369,1.6,3.1,.525,.535,0.3,0.5,.688,0.8,2.1,2.9,3.8,1.0,0.4,1.2,2.0,5.4,,dunnkr01
321,Keon Ellis,24,SAC,SG,57,21,17.2,1.9,4.1,.461,1.2,2.9,.417,0.6,1.1,.578,.612,0.5,0.6,.743,0.6,1.6,2.2,1.5,0.9,0.5,0.6,2.0,5.4,,elliske01
322,Cam Reddish,24,LAL,SF,48,26,20.5,1.9,4.9,.389,0.8,2.3,.336,1.1,2.6,.435,.468,0.9,1.1,.759,0.6,1.5,2.1,1.0,1.0,0.3,0.6,1.3,5.4,,reddica01
323,Matt Ryan,26,NOP,SF,28,1,13.9,1.8,4.0,.434,1.5,3.3,.451,0.3,0.8,.364,.615,0.5,0.5,.929,0.2,1.2,1.4,0.6,0.2,0.0,0.7,1.1,5.4,,ryanma01
324,Matisse Thybulle,26,POR,SF,65,19,22.9,1.9,4.9,.397,1.2,3.6,.346,0.7,1.3,.535,.524,0.3,0.4,.759,0.5,1.6,2.1,1.4,1.7,0.8,0.6,1.4,5.4,,thybuma01
325,Sasha Vezenkov,28,SAC,PF,42,0,12.2,2.0,4.5,.440,1.1,2.9,.375,0.9,1.7,.549,.558,0.3,0.4,.800,0.7,1.6,2.3,0.5,0.5,0.2,0.3,1.0,5.4,,vezenal01
326,Dean Wade,27,CLE,PF,54,32,20.5,1.8,4.3,.414,1.5,3.7,.391,0.3,0.6,.567,.584,0.4,0.5,.769,0.7,3.4,4.0,0.8,0.7,0.5,0.4,1.7,5.4,,wadede01
327,Darius Bazley,23,2TM,PF,9,0,16.9,2.0,3.3,.600,0.2,0.9,.250,1.8,2.4,.727,.633,1.1,1.3,.833,0.9,2.2,3.1,0.8,0.7,0.8,0.9,0.3,5.3,,bazleda01
328,Xavier Tillman Sr.,25,2TM,PF,54,15,18.0,2.2,5.2,.434,0.4,1.5,.247,1.9,3.7,.510,.470,0.4,0.9,.440,1.3,2.6,3.9,1.4,0.9,0.8,0.6,1.4,5.3,,tillmxa01
329,Nicolas Batum,35,2TM,PF,60,38,25.5,1.9,4.3,.453,1.2,3.1,.395,0.7,1.2,.606,.596,0.3,0.4,.714,1.2,3.0,4.1,2.1,0.8,0.6,0.7,1.8,5.3,,batumni01
330,Luke Kornet,28,BOS,C,63,7,15.6,2.3,3.2,.700,0.0,0.0,1.000,2.2,3.2,.698,.702,0.8,0.9,.907,1.9,2.3,4.1,1.1,0.4,1.0,0.3,1.2,5.3,,kornelu01
331,Davion Mitchell,25,SAC,PG,72,4,15.3,2.0,4.5,.452,0.8,2.2,.361,1.2,2.3,.539,.540,0.4,0.6,.714,0.3,1.1,1.3,1.9,0.2,0.0,0.6,1.2,5.3,,mitchda01
332,Mason Plumlee,33,LAC,C,46,11,14.7,1.9,3.3,.569,0.0,0.1,.000,1.9,3.2,.592,.569,1.5,2.2,.707,1.3,3.8,5.1,1.2,0.3,0.4,0.8,1.5,5.3,,plumlma01
333,Stanley Umude,24,DET,SG,24,2,12.8,1.5,3.5,.440,1.0,2.2,.453,0.5,1.3,.419,.583,1.2,1.3,.906,0.3,1.8,2.1,0.5,0.3,0.3,0.6,1.7,5.3,,umudest01
334,Aleksej Pokusevski,22,2TM,PF,28,0,14.5,1.8,4.3,.405,0.6,2.0,.327,1.1,2.4,.470,.479,1.1,1.5,.732,0.6,2.6,3.2,1.3,0.5,0.5,0.7,0.8,5.2,,pokusal01
335,Bol Bol,24,PHO,PF,43,0,10.9,2.2,3.5,.616,0.5,1.2,.423,1.7,2.3,.717,.689,0.3,0.4,.789,0.7,2.4,3.2,0.4,0.2,0.6,0.4,1.0,5.2,,bolbo01
336,Brandon Boston Jr.,22,LAC,SF,32,0,10.8,2.0,5.0,.404,0.4,1.6,.269,1.6,3.4,.468,.447,0.7,1.0,.697,0.6,1.0,1.6,0.4,0.3,0.3,0.8,1.3,5.2,,bostobr01
337,Jarred Vanderbilt,24,LAL,PF,29,6,20.0,2.0,3.9,.518,0.3,0.9,.296,1.8,3.0,.586,.553,0.8,1.2,.667,1.4,3.3,4.8,1.2,1.2,0.2,1.0,1.5,5.2,,vandeja01
338,Seth Curry,33,2TM,SG,44,4,14.0,1.8,4.6,.392,0.9,2.5,.352,1.0,2.2,.438,.485,0.6,0.7,.903,0.4,1.1,1.5,1.0,0.5,0.1,0.5,0.9,5.1,,curryse01
339,Drew Eubanks,26,PHO,C,75,6,15.6,2.0,3.4,.601,0.0,0.0,1.000,2.0,3.3,.596,.607,1.0,1.2,.774,1.4,2.9,4.3,0.8,0.4,0.8,0.8,1.5,5.1,,eubandr01
340,Bryce McGowens,21,CHO,SG,59,14,14.9,1.7,3.9,.439,0.6,1.7,.333,1.1,2.2,.523,.513,1.1,1.4,.776,0.3,1.4,1.7,0.9,0.4,0.2,0.5,1.3,5.1,,mcgowbr01
341,Richaun Holmes,30,2TM,C,40,10,13.9,2.1,3.7,.558,0.0,0.1,.333,2.0,3.6,.563,.561,0.9,1.2,.723,1.8,2.8,4.6,0.6,0.3,0.5,0.6,1.9,5.0,,holmeri01
342,Monte Morris,28,2TM,PG,33,0,14.4,1.9,4.6,.405,0.8,2.1,.386,1.1,2.5,.422,.493,0.4,0.6,.684,0.2,1.5,1.7,2.1,0.6,0.3,0.2,0.4,5.0,,morrimo01
343,Goga Bitadze,24,ORL,C,62,33,15.4,2.0,3.4,.603,0.0,0.2,.143,2.0,3.1,.636,.608,0.9,1.4,.655,1.8,2.9,4.6,1.3,0.5,1.2,0.7,1.7,5.0,,bitadgo01
344,Jevon Carter,28,CHI,PG,72,0,13.9,1.9,5.1,.378,1.1,3.3,.329,0.8,1.8,.466,.484,0.1,0.1,.571,0.2,0.7,0.8,1.3,0.5,0.2,0.5,1.0,5.0,,carteje01
345,Devonte' Graham,28,SAS,PG,23,0,13.6,1.7,4.7,.352,1.1,3.6,.301,0.6,1.1,.520,.468,0.6,0.7,.813,0.2,1.3,1.6,2.1,0.4,0.1,0.7,0.6,5.0,,grahade01
346,Isaiah Livers,25,DET,PF,23,6,20.4,1.7,5.0,.345,1.0,3.3,.286,0.8,1.7,.462,.440,0.5,0.8,.667,0.7,1.4,2.1,1.1,0.6,0.2,0.7,1.9,5.0,,liveris01
347,Kobi Simmons,26,TOR,PG,4,0,16.8,2.3,5.3,.429,0.5,2.0,.250,1.8,3.3,.538,.476,0.0,0.0,,0.3,1.5,1.8,3.0,1.5,0.5,0.3,1.3,5.0,,simmoko01
348,D.J. Wilson,27,PHI,PF,2,0,7.5,2.0,3.0,.667,1.0,1.0,1.000,1.0,2.0,.500,.833,0.0,0.0,,0.5,0.5,1.0,1.0,0.0,1.0,0.0,0.5,5.0,,wilsodj01
349,Jalen Wilson,23,BRK,PF,43,3,15.4,1.8,4.2,.425,0.6,1.7,.324,1.2,2.4,.495,.492,0.9,1.1,.826,1.1,2.0,3.0,1.0,0.3,0.1,0.4,1.1,5.0,,wilsoja03
350,Jock Landale,28,HOU,C,56,3,13.6,1.9,3.7,.515,0.2,0.7,.250,1.7,3.0,.578,.539,0.9,1.2,.800,1.6,1.5,3.1,1.2,0.4,0.6,0.6,1.3,4.9,,landajo01
351,Garrison Mathews,27,ATL,SG,66,5,15.0,1.6,3.4,.456,1.3,2.9,.440,0.3,0.5,.545,.644,0.5,0.6,.810,0.3,1.1,1.4,0.6,0.3,0.1,0.3,1.7,4.9,,mathega01
352,Jared Rhoden,24,DET,SG,17,0,14.4,1.9,3.9,.500,0.7,1.8,.387,1.2,2.1,.600,.591,0.3,0.5,.625,0.2,1.8,1.9,0.8,0.2,0.8,0.4,1.6,4.9,,rhodeja01
353,Kobe Bufkin,20,ATL,SG,17,0,11.5,2.0,5.4,.370,0.5,2.4,.225,1.5,3.1,.481,.418,0.2,0.5,.500,0.4,1.6,1.9,1.6,0.4,0.3,0.6,1.2,4.8,,bufkiko01
354,DeJon Jarreau,26,MEM,SG,9,0,16.7,1.9,5.6,.340,0.4,1.4,.308,1.4,4.1,.351,.380,0.6,1.2,.455,0.9,4.0,4.9,2.9,0.7,0.2,1.0,1.6,4.8,,jarrede01
355,Eugene Omoruyi,26,WAS,SF,43,0,9.1,1.9,3.9,.485,0.3,1.1,.283,1.6,2.8,.562,.524,0.7,1.1,.653,0.8,1.2,2.0,0.8,0.6,0.1,0.5,1.4,4.8,,omorueu01
356,Kenrich Williams,29,OKC,PF,69,1,14.9,1.9,4.1,.468,0.8,2.0,.397,1.1,2.0,.540,.568,0.1,0.2,.500,0.9,2.1,3.0,1.3,0.6,0.1,0.5,1.5,4.7,,willike04
357,Kenneth Lofton Jr.,21,3TM,PF,21,0,9.5,1.7,3.7,.462,0.3,1.1,.292,1.4,2.6,.537,.506,0.8,1.2,.654,0.6,1.2,1.8,1.6,0.3,0.2,0.7,1.1,4.6,,loftoke01
358,Anthony Black,20,ORL,PG,69,33,16.9,1.7,3.6,.466,0.5,1.4,.394,1.1,2.2,.510,.540,0.7,1.2,.613,0.5,1.5,2.0,1.3,0.5,0.3,0.8,1.6,4.6,,blackan01
359,Josh Okogie,25,PHO,SG,60,11,16.0,1.4,3.4,.417,0.5,1.6,.309,1.0,1.9,.509,.488,1.3,1.7,.745,1.2,1.3,2.6,1.1,0.8,0.4,0.6,1.1,4.6,,okogijo01
360,Omer Yurtseven,25,UTA,C,48,12,11.4,2.1,3.8,.538,0.1,0.5,.208,2.0,3.3,.588,.552,0.4,0.6,.679,1.5,2.8,4.3,0.6,0.2,0.4,0.8,1.1,4.6,,yurtsom01
361,Shake Milton,27,3TM,SG,48,0,12.1,1.6,4.1,.405,0.4,1.3,.281,1.3,2.7,.466,.451,0.8,1.0,.816,0.3,1.3,1.6,1.3,0.4,0.1,0.6,1.1,4.5,,miltosh01
362,Delon Wright,31,2TM,PG,47,1,15.8,1.6,4.0,.394,0.5,1.4,.368,1.0,2.6,.408,.460,0.8,1.0,.822,0.4,1.4,1.8,2.5,1.1,0.2,0.3,0.7,4.5,,wrighde01
363,A.J. Green,24,MIL,SG,56,0,11.0,1.5,3.5,.423,1.2,3.0,.408,0.3,0.5,.519,.599,0.3,0.3,.895,0.2,1.0,1.1,0.5,0.2,0.1,0.2,0.9,4.5,,greenaj01
364,Kevon Looney,27,GSW,C,74,36,16.1,1.9,3.1,.597,0.0,0.0,.000,1.9,3.1,.599,.597,0.8,1.1,.675,1.9,3.7,5.7,1.8,0.4,0.4,0.7,2.1,4.5,,looneke01
365,Taze Moore,25,POR,SG,4,0,10.0,2.0,4.8,.421,0.3,1.8,.143,1.8,3.0,.583,.447,0.3,0.5,.500,1.0,1.0,2.0,1.3,0.5,0.0,0.8,1.0,4.5,,mooreta02
366,Julian Strawther,21,DEN,SF,50,0,10.9,1.6,4.4,.369,0.8,2.8,.297,0.8,1.7,.488,.462,0.4,0.6,.710,0.1,1.1,1.2,0.9,0.3,0.1,0.5,1.1,4.5,,strawju01
367,Bismack Biyombo,31,2TM,C,40,27,19.8,1.9,3.3,.565,0.0,0.0,,1.9,3.3,.565,.565,0.7,1.4,.481,1.6,3.7,5.2,1.3,0.3,0.9,1.1,2.2,4.4,,biyombi01
368,Robert Covington,33,2TM,SF,29,6,16.8,1.5,3.4,.439,0.7,1.9,.339,0.8,1.4,.571,.536,0.8,0.9,.846,1.1,2.3,3.3,0.8,1.3,0.6,0.4,1.9,4.4,,covinro01
369,Patrick Baldwin Jr.,21,WAS,SF,38,7,13.0,1.6,4.1,.381,0.8,2.6,.320,0.7,1.5,.483,.481,0.5,0.7,.679,0.4,2.8,3.2,0.8,0.5,0.4,0.5,1.5,4.4,,baldwpa01
370,Mo Bamba,25,PHI,C,57,17,13.0,1.7,3.5,.490,0.4,1.1,.391,1.3,2.4,.537,.553,0.6,0.9,.680,1.4,2.8,4.2,0.7,0.4,1.1,0.7,1.8,4.4,,bambamo01
371,Dominick Barlow,20,SAS,PF,33,1,12.7,1.7,3.4,.496,0.1,0.3,.333,1.6,3.2,.510,.509,0.9,1.3,.690,1.4,2.1,3.4,1.1,0.4,0.4,0.3,1.4,4.4,,barlodo01
372,MarJon Beauchamp,23,MIL,SF,48,1,12.7,1.7,3.5,.488,0.6,1.6,.400,1.1,1.9,.560,.578,0.4,0.6,.679,0.5,1.6,2.1,0.6,0.3,0.1,0.6,1.1,4.4,,beaucma01
373,Joe Ingles,36,ORL,SF,68,0,17.2,1.5,3.3,.436,1.0,2.4,.435,0.4,1.0,.439,.590,0.4,0.5,.824,0.3,1.8,2.1,3.0,0.6,0.1,1.0,1.3,4.4,,inglejo01
374,Maxi Kleber,32,DAL,C,43,7,20.3,1.5,3.4,.432,0.7,2.1,.348,0.7,1.3,.574,.541,0.8,1.1,.702,0.7,2.6,3.3,1.6,0.4,0.7,0.7,1.8,4.4,,klebima01
375,Jontay Porter,24,TOR,PF,26,5,13.8,1.5,4.0,.385,0.8,2.3,.333,0.8,1.7,.455,.481,0.6,0.7,.833,1.0,2.2,3.2,2.3,0.8,0.8,0.8,1.3,4.4,,portejo01
376,Lester Quiñones,23,GSW,SG,37,0,10.6,1.5,3.8,.397,0.9,2.4,.364,0.6,1.4,.453,.511,0.5,0.8,.690,0.6,1.4,1.9,1.0,0.2,0.1,0.5,1.2,4.4,,quinole01
377,Ben Sheppard,22,IND,SG,57,1,14.3,1.6,4.0,.393,0.9,2.7,.314,0.7,1.3,.562,.500,0.4,0.5,.885,0.3,1.3,1.6,0.9,0.6,0.0,0.3,1.5,4.4,,sheppbe01
378,Blake Wesley,20,SAS,SG,61,3,14.4,1.7,3.5,.474,0.2,0.9,.218,1.5,2.6,.563,.502,0.9,1.3,.667,0.3,1.2,1.5,2.7,0.5,0.1,0.9,1.5,4.4,,weslebl01
379,Jeff Dowtin Jr.,26,PHI,PG,12,0,11.8,1.7,3.0,.556,0.8,1.6,.474,0.9,1.4,.647,.681,0.3,0.3,.750,0.3,1.4,1.7,2.3,0.6,0.1,0.4,0.1,4.3,,dowtije01
380,Jaxson Hayes,23,LAL,C,70,5,12.5,1.8,2.5,.720,0.0,0.1,.000,1.8,2.4,.754,.720,0.7,1.2,.622,1.0,2.0,3.0,0.5,0.5,0.4,0.6,1.8,4.3,,hayesja02
381,Caleb Houstan,21,ORL,SF,59,13,13.8,1.4,3.5,.388,1.2,3.3,.373,0.1,0.2,.615,.563,0.4,0.4,.808,0.5,0.9,1.4,0.5,0.3,0.1,0.3,1.0,4.3,,houstca01
382,John Konchar,27,MEM,SF,55,23,21.3,1.6,3.8,.423,0.7,2.2,.317,0.9,1.6,.568,.514,0.4,0.5,.840,1.3,3.4,4.7,2.0,0.9,0.9,0.8,1.4,4.3,,konchjo01
383,Dru Smith,26,MIA,SG,9,0,14.6,1.7,3.7,.455,0.8,1.9,.412,0.9,1.8,.500,.561,0.2,0.2,1.000,0.7,0.9,1.6,1.6,1.0,0.3,0.6,1.3,4.3,,smithdr01
384,Thaddeus Young,35,2TM,PF,33,6,13.3,2.0,3.3,.602,0.0,0.2,.143,1.9,3.1,.634,.606,0.2,0.5,.400,1.4,1.7,3.1,1.7,0.7,0.2,0.5,1.5,4.2,,youngth01
385,Jacob Gilyard,25,2TM,PG,41,14,17.0,1.5,3.7,.400,1.2,3.1,.405,0.2,0.6,.375,.570,0.0,0.0,1.000,0.2,0.9,1.1,3.3,0.8,0.1,0.7,1.0,4.2,,gilyaja01
386,Armoni Brooks,25,BRK,PG,10,0,10.4,1.5,4.6,.326,1.1,3.2,.344,0.4,1.4,.286,.446,0.1,0.2,.500,0.7,1.1,1.8,0.5,0.1,0.1,0.3,0.3,4.2,,brookar01
387,Troy Brown Jr.,24,2TM,SF,59,15,14.0,1.4,3.8,.372,0.8,2.4,.333,0.6,1.4,.435,.476,0.5,0.6,.865,0.4,2.0,2.4,1.0,0.4,0.1,0.5,0.7,4.2,,browntr01
388,Max Christie,20,LAL,SG,67,7,14.1,1.5,3.6,.427,0.6,1.8,.356,0.9,1.8,.496,.515,0.5,0.7,.783,0.2,1.9,2.1,0.9,0.3,0.3,0.5,0.9,4.2,,chrisma02
389,Ashton Hagans,24,POR,PG,19,1,16.6,1.5,3.7,.408,0.4,1.3,.320,1.1,2.4,.457,.465,0.7,0.9,.824,0.7,1.6,2.4,2.8,0.6,0.5,1.6,2.1,4.2,,haganas01
390,Danuel House Jr.,30,PHI,SF,34,4,15.0,1.4,3.1,.448,0.4,1.5,.300,0.9,1.6,.582,.519,1.0,1.4,.761,0.5,1.2,1.7,0.8,0.4,0.1,0.6,1.3,4.2,,houseda01
391,Skylar Mays,26,2TM,PG,38,5,11.4,1.7,4.2,.396,0.4,1.4,.296,1.2,2.8,.448,.447,0.3,0.4,.765,0.3,0.9,1.1,2.2,0.6,0.1,0.5,0.7,4.1,,mayssk01
392,Sandro Mamukelashvili,24,SAS,C,46,5,9.8,1.6,3.4,.471,0.4,1.4,.297,1.2,2.0,.593,.532,0.5,0.7,.735,1.0,2.2,3.2,1.1,0.2,0.3,0.4,0.8,4.1,,mamuksa01
393,Luka Šamanić,24,UTA,PF,43,7,9.4,1.4,3.7,.380,0.3,1.5,.203,1.1,2.2,.500,.421,1.0,1.3,.786,0.5,1.9,2.4,0.4,0.1,0.2,0.7,0.7,4.1,,samanlu01
394,Jae'Sean Tate,28,HOU,SF,65,9,15.9,1.7,3.5,.472,0.4,1.2,.299,1.3,2.3,.559,.522,0.4,0.6,.667,0.9,2.1,3.0,1.0,0.6,0.2,0.6,2.1,4.1,,tateja01
395,Patty Mills,35,2TM,PG,32,5,13.0,1.4,4.1,.351,0.8,2.7,.276,0.7,1.4,.500,.443,0.3,0.3,1.000,0.3,0.8,1.1,1.1,0.6,0.0,0.5,1.0,4.0,,millspa02
396,Izaiah Brockington,24,NOP,PG,1,0,3.0,2.0,5.0,.400,0.0,1.0,.000,2.0,4.0,.500,.400,0.0,0.0,,1.0,1.0,2.0,0.0,0.0,0.0,0.0,0.0,4.0,,brockiz01
397,Ousmane Dieng,20,OKC,PF,33,0,11.1,1.5,3.5,.422,0.6,2.1,.300,0.8,1.4,.609,.513,0.4,0.5,.875,0.3,1.2,1.5,1.1,0.2,0.2,0.6,0.7,4.0,,diengou01
398,Luka Garza,25,MIN,C,25,0,4.9,1.4,3.0,.480,0.4,1.3,.281,1.1,1.7,.628,.540,0.7,1.0,.720,0.8,0.5,1.2,0.2,0.2,0.0,0.2,1.0,4.0,,garzalu01
399,Mouhamed Gueye,21,ATL,PF,6,0,12.2,1.3,3.8,.348,0.5,1.5,.333,0.8,2.3,.357,.413,0.8,1.0,.833,1.7,2.0,3.7,0.7,0.8,0.7,0.2,2.2,4.0,,gueyemo02
400,Justin Holiday,34,DEN,SG,58,9,14.9,1.5,3.3,.454,0.9,2.3,.404,0.6,1.0,.569,.595,0.1,0.1,.750,0.2,1.1,1.2,1.2,0.6,0.2,0.2,1.2,4.0,,holidju01
401,Matthew Hurt,23,MEM,PF,8,0,14.1,1.5,4.3,.353,0.6,2.5,.250,0.9,1.8,.500,.426,0.4,0.4,1.000,1.1,0.9,2.0,0.5,0.4,0.4,0.3,1.0,4.0,,hurtma01
402,JaVale McGee,36,SAC,C,46,0,7.4,1.7,2.9,.598,0.0,0.2,.143,1.7,2.7,.624,.602,0.6,1.0,.578,0.9,1.8,2.7,0.4,0.3,0.4,0.7,1.0,4.0,,mcgeeja01
403,Svi Mykhailiuk,26,BOS,SF,41,2,10.1,1.4,3.3,.416,1.0,2.6,.389,0.4,0.7,.517,.569,0.1,0.2,.667,0.3,1.0,1.2,0.9,0.3,0.0,0.3,0.5,4.0,,mykhasv01
404,Rayan Rupert,19,POR,SG,39,12,16.2,1.4,4.1,.335,0.7,2.0,.359,0.7,2.1,.313,.422,0.5,0.6,.760,0.6,1.7,2.4,1.6,0.3,0.1,0.8,1.4,4.0,,ruperra01
405,Adama Sanogo,21,CHI,PF,9,0,7.3,1.6,3.0,.519,0.0,0.0,,1.6,3.0,.519,.519,0.9,1.3,.667,2.1,1.9,4.0,0.0,0.1,0.0,0.6,0.6,4.0,,sanogad01
406,Jaylin Williams,21,OKC,C,69,1,13.0,1.4,3.3,.417,0.8,2.1,.368,0.6,1.2,.500,.533,0.5,0.6,.805,0.5,2.9,3.4,1.6,0.4,0.4,0.5,1.4,4.0,,willija07
407,Jules Bernard,24,WAS,SG,19,0,7.8,1.5,3.4,.453,0.6,1.5,.379,0.9,1.8,.514,.539,0.3,0.5,.556,0.5,0.8,1.4,0.8,0.2,0.1,0.4,0.7,3.9,,bernaju01
408,Chris Duarte,26,SAC,SF,59,11,12.2,1.4,3.6,.381,0.7,2.2,.346,0.6,1.4,.434,.486,0.4,0.6,.788,0.4,1.4,1.8,0.7,0.5,0.1,0.4,1.4,3.9,,duartch01
409,DeAndre Jordan,35,DEN,C,36,2,11.0,1.6,2.6,.624,0.0,0.0,,1.6,2.6,.624,.624,0.7,1.5,.491,1.5,2.9,4.4,0.7,0.2,0.4,0.6,1.6,3.9,,jordade01
410,Sidy Cissoko,19,SAS,SF,12,0,11.8,1.3,2.8,.485,0.1,1.0,.083,1.3,1.8,.714,.500,1.0,1.3,.800,0.7,1.2,1.8,0.8,0.6,0.3,0.3,1.5,3.8,,cissosi01
411,Anthony Gill,31,WAS,PF,50,3,9.3,1.5,3.2,.469,0.2,0.8,.244,1.3,2.4,.546,.500,0.6,0.7,.806,0.7,1.1,1.9,0.7,0.3,0.2,0.5,1.0,3.8,,gillan01
412,KJ Martin,23,2TM,SF,60,2,12.4,1.6,3.0,.536,0.1,0.5,.286,1.5,2.6,.582,.558,0.4,0.7,.537,0.7,1.5,2.2,0.9,0.4,0.2,0.5,1.7,3.7,,martike04
413,Keita Bates-Diop,28,2TM,SF,53,8,12.5,1.4,3.1,.434,0.4,1.3,.304,1.0,1.8,.526,.497,0.6,0.8,.762,0.6,1.5,2.1,0.7,0.5,0.4,0.3,0.7,3.7,,bateske01
414,Oshae Brissett,25,BOS,SF,55,1,11.5,1.2,2.8,.444,0.3,1.0,.273,1.0,1.8,.541,.493,0.9,1.5,.602,1.1,1.8,2.9,0.8,0.3,0.1,0.4,1.0,3.7,,brissos01
415,Jamal Cain,24,MIA,PF,26,1,10.0,1.3,3.0,.430,0.4,1.2,.355,0.9,1.8,.479,.500,0.7,0.9,.783,0.6,0.8,1.4,0.4,0.4,0.2,0.3,0.8,3.7,,cainja01
416,Drew Peterson,24,BOS,PF,3,0,7.7,1.3,2.0,.667,1.0,1.7,.600,0.3,0.3,1.000,.917,0.0,0.0,,0.0,0.3,0.3,0.3,0.7,0.0,0.3,0.3,3.7,,peterdr01
417,T.J. Warren,30,MIN,SF,11,0,11.4,1.6,3.7,.439,0.2,1.2,.154,1.5,2.5,.571,.463,0.3,0.4,.750,0.5,1.5,2.0,0.8,0.4,0.1,0.4,1.0,3.7,,warretj01
418,James Bouknight,23,CHO,SG,14,0,5.8,1.3,2.9,.439,0.9,2.1,.433,0.4,0.8,.455,.598,0.1,0.1,.500,0.1,0.6,0.6,0.4,0.1,0.1,0.1,0.2,3.6,,bouknja01
419,Collin Gillespie,24,DEN,PG,24,0,9.4,1.3,2.9,.464,0.6,1.6,.395,0.7,1.3,.548,.572,0.3,0.5,.667,0.0,0.8,0.9,1.1,0.5,0.0,0.6,1.0,3.6,,gilleco01
420,Gui Santos,21,GSW,PF,23,0,8.3,1.2,2.4,.509,0.4,1.2,.370,0.8,1.2,.643,.600,0.7,0.7,.941,0.7,1.4,2.1,0.6,0.2,0.1,0.3,1.0,3.6,,santogu01
421,Jarace Walker,20,IND,PF,33,0,10.3,1.4,3.3,.409,0.7,1.7,.400,0.7,1.7,.418,.509,0.2,0.3,.889,0.4,1.5,1.9,1.2,0.5,0.3,0.5,0.9,3.6,,walkeja02
422,Lindy Waters III,26,OKC,SG,38,0,7.4,1.3,2.7,.471,1.0,2.2,.435,0.3,0.5,.632,.649,0.1,0.1,1.000,0.2,0.9,1.1,0.6,0.1,0.2,0.2,0.6,3.6,,waterli01
423,Théo Maledon,22,2TM,PG,17,1,12.5,1.2,4.1,.286,0.3,1.8,.167,0.9,2.4,.375,.321,0.8,0.9,.933,0.2,1.2,1.4,1.6,0.4,0.0,1.1,1.2,3.5,,maledth01
424,Onuralp Bitim,24,CHI,SG,23,1,11.7,1.4,3.7,.381,0.5,1.9,.273,0.9,1.7,.500,.452,0.2,0.2,.800,0.3,1.1,1.4,0.6,0.1,0.1,0.4,1.0,3.5,,bitimon01
425,Jordan McLaughlin,27,MIN,PG,56,0,11.2,1.3,2.6,.483,0.8,1.6,.472,0.5,1.0,.500,.628,0.2,0.3,.722,0.3,1.0,1.3,2.0,0.6,0.1,0.3,0.6,3.5,,mclaujo01
426,Marques Bolden,25,2TM,C,11,2,11.0,1.5,2.3,.680,0.0,0.1,.000,1.5,2.2,.708,.680,0.3,0.4,.750,0.9,2.2,3.1,0.4,0.3,0.6,0.3,0.9,3.4,,boldema01
427,Ryan Rollins,21,2TM,PG,13,0,6.0,1.1,2.1,.519,0.2,0.3,.750,0.8,1.8,.478,.574,1.0,1.3,.765,0.2,0.8,1.0,1.1,0.8,0.2,0.6,0.6,3.4,,rolliry01
428,Yuta Watanabe,29,2TM,SF,34,0,13.6,1.2,3.4,.353,0.7,2.5,.294,0.5,0.9,.516,.461,0.3,0.5,.588,0.3,1.3,1.6,0.4,0.4,0.2,0.6,1.1,3.4,,watanyu01
429,Buddy Boeheim,24,DET,SF,10,0,8.4,0.9,2.9,.310,0.8,2.5,.320,0.1,0.4,.250,.448,0.8,1.0,.800,0.3,0.7,1.0,0.3,0.0,0.1,0.0,0.5,3.4,,boehebu01
430,Moses Brown,24,POR,C,22,5,9.1,1.5,3.0,.508,0.0,0.0,,1.5,3.0,.508,.508,0.4,1.4,.290,1.7,2.2,3.9,0.3,0.2,0.3,0.5,1.2,3.4,,brownmo01
431,Wenyen Gabriel,26,MEM,PF,5,0,16.2,1.6,4.4,.364,0.2,1.2,.167,1.4,3.2,.438,.386,0.0,1.0,.000,1.4,3.6,5.0,0.6,0.4,0.4,1.6,2.0,3.4,,gabriwe01
432,Nassir Little,23,PHO,SF,45,2,10.2,1.3,2.8,.460,0.5,1.6,.300,0.8,1.2,.667,.544,0.4,0.4,.850,0.3,1.4,1.7,0.5,0.2,0.2,0.3,0.9,3.4,,littlna01
433,Jalen McDaniels,26,TOR,SF,50,1,10.8,1.3,3.8,.344,0.2,1.4,.169,1.1,2.4,.449,.376,0.5,0.7,.730,0.4,1.2,1.6,0.7,0.4,0.1,0.6,1.0,3.4,,mcdanja01
434,Jaden Springer,21,2TM,SG,49,2,10.3,1.2,3.0,.399,0.2,1.0,.208,1.0,2.0,.490,.432,0.7,0.9,.833,0.7,0.9,1.6,0.9,0.7,0.3,0.7,1.3,3.3,,sprinja01
435,Charles Bassey,23,SAS,C,19,0,10.8,1.5,2.1,.725,0.0,0.1,.000,1.5,2.1,.744,.725,0.3,0.3,.833,1.2,2.8,4.0,1.1,0.4,0.9,0.8,1.6,3.3,,bassech01
436,Micah Potter,25,UTA,PF,16,0,11.6,1.2,2.5,.475,0.6,1.3,.429,0.6,1.2,.526,.588,0.4,0.5,.750,0.6,2.1,2.7,0.4,0.3,0.4,0.3,0.9,3.3,,pottemi01
437,Dwight Powell,32,DAL,C,63,9,13.3,1.1,1.7,.679,0.0,0.0,.333,1.1,1.6,.689,.684,1.0,1.4,.708,1.5,1.9,3.4,1.3,0.4,0.3,0.5,1.8,3.3,,poweldw01
438,Terquavion Smith,21,PHI,PG,16,0,5.3,1.1,2.9,.391,0.8,2.2,.371,0.3,0.7,.455,.533,0.2,0.3,.600,0.0,0.3,0.3,0.8,0.5,0.0,0.4,0.5,3.3,,smithte01
439,Garrett Temple,37,TOR,SG,27,2,10.7,1.1,2.9,.372,0.4,1.5,.300,0.6,1.4,.447,.449,0.7,0.8,.818,0.7,1.0,1.7,1.0,0.4,0.1,0.5,1.0,3.3,,templga01
440,Tristan Thompson,32,CLE,C,49,0,11.2,1.5,2.4,.608,0.0,0.0,.000,1.5,2.4,.613,.608,0.3,1.1,.288,1.5,2.1,3.6,1.0,0.2,0.3,0.6,1.2,3.3,,thomptr01
441,Oscar Tshiebwe,24,IND,PF,8,0,5.3,1.3,2.5,.500,0.0,0.0,,1.3,2.5,.500,.500,0.8,1.0,.750,1.0,1.0,2.0,0.3,0.3,0.1,0.0,0.4,3.3,,tshieos01
442,Kira Lewis Jr.,22,3TM,PG,28,0,9.5,1.2,3.3,.370,0.1,1.2,.121,1.1,2.1,.508,.391,0.6,0.7,.850,0.3,0.6,0.9,1.3,0.3,0.1,0.5,0.5,3.2,,lewiski01
443,A.J. Lawson,23,DAL,SG,42,0,7.4,1.3,2.9,.446,0.3,1.2,.260,1.0,1.7,.577,.500,0.4,0.5,.652,0.3,0.9,1.2,0.5,0.2,0.1,0.3,0.5,3.2,,lawsoaj01
444,Boban Marjanović,35,HOU,C,14,0,5.1,1.3,2.4,.529,0.0,0.1,.000,1.3,2.3,.563,.529,0.6,1.0,.643,0.5,1.8,2.3,0.4,0.1,0.1,0.4,0.4,3.2,,marjabo01
445,Zeke Nnaji,23,DEN,PF,58,0,9.9,1.2,2.6,.463,0.1,0.4,.261,1.1,2.2,.500,.483,0.7,1.1,.677,1.1,1.1,2.2,0.6,0.3,0.7,0.5,1.4,3.2,,nnajize01
446,Ish Smith,35,CHO,PG,43,5,17.2,1.5,3.7,.418,0.1,0.2,.500,1.4,3.5,.413,.430,0.1,0.1,.750,0.3,1.5,1.8,3.4,0.4,0.1,1.1,1.1,3.2,,smithis01
447,JT Thor,21,CHO,PF,63,3,12.4,1.3,2.9,.437,0.4,1.3,.346,0.8,1.6,.510,.514,0.2,0.3,.550,0.7,1.6,2.3,0.5,0.2,0.4,0.2,1.0,3.2,,thorjt01
448,Brandon Williams,24,DAL,PG,17,0,6.6,1.2,3.2,.370,0.2,0.9,.200,1.0,2.3,.436,.398,0.6,1.0,.647,0.2,0.5,0.8,1.0,0.1,0.1,0.4,0.2,3.2,,willibr03
449,Wesley Matthews,37,ATL,SG,36,3,11.5,0.9,2.7,.351,0.7,1.9,.348,0.3,0.8,.357,.474,0.5,0.7,.750,0.3,1.2,1.5,0.6,0.4,0.3,0.2,1.2,3.1,,matthwe02
450,Dalen Terry,21,CHI,SG,59,2,11.5,1.2,2.7,.439,0.3,1.3,.230,0.9,1.4,.627,.494,0.4,0.7,.581,0.5,1.4,1.9,1.4,0.5,0.3,0.5,1.4,3.1,,terryda01
451,Gabe Vincent,27,LAL,PG,11,0,19.8,1.4,4.5,.306,0.3,2.5,.107,1.1,1.9,.571,.337,0.1,0.2,.500,0.4,0.5,0.8,1.9,0.8,0.0,0.5,1.7,3.1,,vincega01
452,Mike Muscala,32,3TM,C,53,6,11.3,1.1,2.9,.359,0.5,1.8,.292,0.5,1.1,.467,.449,0.3,0.5,.680,0.7,1.6,2.4,0.7,0.2,0.2,0.4,1.0,3.0,,muscami01
453,Johnny Davis,21,WAS,SG,50,6,12.3,1.2,3.1,.403,0.3,0.8,.350,1.0,2.3,.421,.448,0.3,0.5,.583,0.4,1.1,1.4,0.6,0.4,0.2,0.3,1.1,3.0,,davisjo06
454,Saben Lee,24,PHO,PG,24,0,7.7,0.8,2.3,.364,0.1,0.7,.125,0.8,1.6,.462,.382,1.2,1.6,.744,0.4,0.9,1.3,1.3,0.3,0.1,0.3,0.5,3.0,,leesa01
455,Olivier-Maxence Prosper,21,DAL,PF,40,1,8.4,1.0,2.6,.385,0.3,1.1,.289,0.7,1.5,.458,.447,0.7,1.0,.683,0.6,1.4,2.0,0.6,0.2,0.1,0.2,0.5,3.0,,prospol01
456,Trevelin Queen,26,ORL,SG,14,0,11.8,1.0,2.7,.368,0.2,1.2,.176,0.8,1.5,.524,.408,0.6,0.9,.750,0.2,1.2,1.4,1.3,0.5,0.4,0.5,1.1,2.9,,queentr01
457,Jeremiah Robinson-Earl,23,NOP,PF,39,1,8.6,1.2,2.4,.474,0.3,1.0,.333,0.8,1.4,.571,.542,0.3,0.4,.750,0.6,1.4,1.9,0.5,0.3,0.1,0.4,0.6,2.9,,robinje02
458,Nate Williams,24,HOU,SG,22,0,5.9,1.2,2.3,.540,0.1,0.2,.400,1.1,2.0,.556,.560,0.3,0.6,.538,0.5,0.5,1.0,0.3,0.2,0.0,0.2,0.5,2.9,,willije02
459,D.J. Carton,23,TOR,SG,4,0,9.0,0.8,2.0,.375,0.3,1.0,.250,0.5,1.0,.500,.438,1.0,1.3,.800,0.5,0.5,1.0,0.8,0.3,0.0,0.3,0.8,2.8,,cartodj01
460,Henri Drell,23,CHI,SF,4,0,7.5,1.0,2.5,.400,0.5,1.5,.333,0.5,1.0,.500,.500,0.3,0.5,.500,0.3,0.8,1.0,1.0,0.5,0.3,0.5,1.5,2.8,,drellhe01
461,Orlando Robinson,23,MIA,C,36,7,8.4,1.0,2.0,.500,0.2,0.4,.533,0.8,1.6,.491,.556,0.5,0.7,.760,0.8,1.6,2.3,0.9,0.2,0.2,0.5,1.0,2.8,,robinor01
462,Emoni Bates,20,CLE,SF,15,0,8.9,1.0,3.3,.306,0.7,2.2,.303,0.3,1.1,.313,.408,0.1,0.3,.250,0.1,0.9,0.9,0.7,0.1,0.1,0.5,0.3,2.7,,batesem01
463,Leaky Black,24,CHO,SF,26,3,10.9,1.0,2.0,.481,0.3,0.8,.450,0.6,1.2,.500,.567,0.4,0.6,.667,0.3,1.5,1.8,0.9,0.3,0.4,0.2,0.7,2.7,,blackle01
464,Damian Jones,28,CLE,C,39,0,6.9,1.1,1.8,.597,0.1,0.4,.214,1.0,1.5,.690,.618,0.5,0.5,.857,0.5,1.1,1.6,0.4,0.2,0.3,0.3,0.7,2.7,,jonesda03
465,Malik Williams,25,TOR,C,7,2,15.3,1.3,4.9,.265,0.1,0.7,.200,1.1,4.1,.276,.279,0.0,0.3,.000,2.1,3.3,5.4,0.3,0.4,0.6,0.4,2.1,2.7,,willima11
466,Timmy Allen,24,MEM,SF,5,0,25.0,1.2,4.6,.261,0.0,1.4,.000,1.2,3.2,.375,.261,0.2,0.4,.500,0.8,2.6,3.4,1.0,0.8,0.0,0.4,3.6,2.6,,allenti01
467,Moussa Diabaté,22,LAC,C,11,0,5.8,0.9,1.7,.526,0.0,0.0,,0.9,1.7,.526,.526,0.8,1.3,.643,1.4,0.8,2.2,0.4,0.5,0.1,0.2,0.4,2.6,,diabamo01
468,Otto Porter Jr.,30,TOR,SF,15,1,11.6,0.9,2.2,.424,0.5,1.5,.348,0.4,0.7,.600,.545,0.2,0.2,1.000,0.4,1.5,1.9,0.5,0.3,0.3,0.1,1.3,2.6,,porteot01
469,Alex Fudge,20,2TM,SF,6,0,6.7,1.0,2.5,.400,0.2,0.8,.200,0.8,1.7,.500,.433,0.3,0.3,1.000,0.7,0.2,0.8,0.0,0.5,0.0,0.3,0.3,2.5,,fudgeal01
470,Dylan Windler,27,3TM,SF,17,0,6.4,0.9,1.8,.500,0.8,1.6,.481,0.1,0.2,.667,.717,0.0,0.0,,0.2,0.8,0.9,0.6,0.1,0.0,0.1,0.4,2.5,,windldy01
471,Greg Brown III,22,DAL,PF,6,0,6.7,0.8,1.8,.455,0.2,0.5,.333,0.7,1.3,.500,.500,0.7,1.5,.444,0.5,1.0,1.5,0.7,0.0,0.7,0.7,0.8,2.5,,browngr01
472,Furkan Korkmaz,26,PHI,SG,35,0,8.6,0.9,2.2,.395,0.4,1.1,.350,0.5,1.0,.444,.487,0.4,0.6,.700,0.1,0.7,0.9,0.7,0.4,0.1,0.3,0.5,2.5,,korkmfu01
473,Alex Len,30,SAC,C,48,0,9.3,1.0,1.7,.617,0.0,0.1,.000,1.0,1.6,.641,.617,0.4,0.7,.588,1.0,1.7,2.7,1.0,0.2,0.7,0.6,1.4,2.5,,lenal01
474,Markieff Morris,34,DAL,PF,26,1,8.3,0.9,2.6,.338,0.6,1.6,.357,0.3,1.0,.308,.449,0.2,0.2,.833,0.2,1.3,1.5,0.6,0.2,0.1,0.5,0.5,2.5,,morrima02
475,Harry Giles,25,2TM,C,23,0,4.3,1.0,2.2,.460,0.1,0.6,.214,0.9,1.6,.556,.490,0.3,0.6,.538,0.5,0.8,1.3,0.3,0.1,0.1,0.3,0.7,2.4,,gilesha01
476,AJ Griffin,20,ATL,SF,20,0,8.6,0.9,3.1,.290,0.5,2.0,.256,0.4,1.2,.348,.371,0.1,0.1,1.000,0.1,0.8,0.9,0.3,0.1,0.1,0.4,0.3,2.4,,griffaj01
477,Mouhamadou Gueye,25,TOR,PF,11,0,10.9,1.0,3.5,.289,0.0,0.3,.000,1.0,3.2,.314,.289,0.4,0.8,.444,1.1,1.0,2.1,0.5,0.3,1.6,1.1,1.4,2.4,,gueyemo01
478,Joe Harris,32,DET,SG,16,0,10.6,0.9,2.4,.359,0.6,1.9,.333,0.3,0.6,.444,.487,0.1,0.1,.500,0.2,0.6,0.8,0.6,0.2,0.1,0.3,1.2,2.4,,harrijo01
479,Cory Joseph,32,GSW,PG,26,0,11.4,0.9,2.5,.359,0.5,1.6,.310,0.4,0.8,.455,.461,0.2,0.3,.571,0.2,0.9,1.2,1.6,0.2,0.1,0.5,1.0,2.4,,josepco01
480,Xavier Moon,29,LAC,SG,14,1,8.5,1.1,3.3,.326,0.1,1.2,.118,0.9,2.1,.448,.348,0.1,0.1,.500,0.6,0.7,1.3,1.5,0.2,0.2,0.4,0.6,2.4,,moonxa01
481,Jamaree Bouyea,24,2TM,PG,9,0,10.6,1.1,3.1,.357,0.1,1.0,.111,1.0,2.1,.474,.375,0.0,0.0,,0.3,1.8,2.1,1.2,0.1,0.0,1.0,1.1,2.3,,bouyeja01
482,Amari Bailey,19,CHO,PG,10,0,6.5,0.8,2.4,.333,0.1,0.8,.125,0.7,1.6,.438,.354,0.6,0.7,.857,0.6,0.3,0.9,0.7,0.3,0.0,0.4,0.2,2.3,,baileam01
483,Isaiah Mobley,24,CLE,PF,10,0,7.2,1.0,2.4,.417,0.3,1.0,.300,0.7,1.4,.500,.479,0.0,0.1,.000,0.3,0.7,1.0,0.6,0.2,0.0,0.2,0.6,2.3,,mobleis01
484,Chuma Okeke,25,ORL,SF,47,8,9.2,0.9,2.4,.357,0.5,1.7,.280,0.4,0.6,.567,.460,0.1,0.1,.571,0.4,1.3,1.7,0.4,0.2,0.1,0.3,0.4,2.3,,okekech01
485,Olivier Sarr,24,OKC,C,15,0,6.5,0.7,1.3,.579,0.1,0.4,.333,0.6,0.9,.692,.632,0.7,1.0,.667,0.7,1.7,2.4,0.1,0.0,0.5,0.2,1.2,2.3,,sarrol01
486,Dereon Seabron,23,NOP,SG,6,0,9.2,0.7,2.2,.308,0.2,0.3,.500,0.5,1.8,.273,.346,0.8,1.0,.833,0.2,1.0,1.2,0.8,0.3,0.2,0.0,0.7,2.3,,seabrde01
487,Cole Swider,24,MIA,SF,18,0,4.8,0.8,2.1,.395,0.6,1.7,.333,0.3,0.4,.625,.526,0.1,0.1,1.000,0.1,0.3,0.4,0.3,0.1,0.1,0.4,0.2,2.3,,swideco01
488,Udoka Azubuike,24,PHO,C,16,0,7.1,1.0,1.4,.696,0.0,0.0,,1.0,1.4,.696,.696,0.2,0.8,.231,0.7,1.3,2.0,0.2,0.1,0.4,0.3,1.1,2.2,,azubuud01
489,Reggie Bullock,32,HOU,SF,44,0,9.5,0.8,1.9,.415,0.6,1.5,.403,0.2,0.3,.467,.579,0.0,0.0,1.000,0.1,1.5,1.7,0.3,0.3,0.1,0.2,0.7,2.2,,bullore01
490,Trent Forrest,25,ATL,SG,38,0,10.9,0.9,2.4,.378,0.1,0.3,.200,0.8,2.1,.400,.389,0.3,0.4,.765,0.3,1.1,1.3,2.4,0.3,0.1,0.5,0.7,2.2,,forretr01
491,Nate Hinton,24,HOU,SG,15,0,5.0,0.7,1.7,.423,0.5,0.9,.500,0.3,0.8,.333,.558,0.3,0.3,.800,0.5,1.0,1.5,0.7,0.2,0.1,0.2,0.7,2.2,,hintona01
492,Andre Jackson Jr.,22,MIL,SG,57,8,10.0,0.9,1.8,.500,0.3,0.8,.370,0.6,0.9,.611,.585,0.1,0.2,.727,0.8,1.2,2.0,0.9,0.3,0.1,0.5,1.6,2.2,,jacksan01
493,Julian Phillips,20,CHI,SF,40,0,8.1,0.8,1.9,.416,0.3,1.0,.316,0.5,1.0,.513,.494,0.3,0.5,.684,0.3,0.6,0.9,0.3,0.2,0.2,0.3,1.0,2.2,,phillju01
494,Ish Wainright,29,2TM,SF,11,0,5.6,0.6,2.2,.292,0.6,1.8,.350,0.0,0.4,.000,.438,0.2,0.2,1.000,0.3,1.0,1.3,0.1,0.4,0.1,0.2,0.7,2.1,,wainris01
495,Colby Jones,21,SAC,SG,30,0,6.4,0.9,2.4,.394,0.1,0.7,.091,0.9,1.6,.531,.408,0.2,0.4,.545,0.6,0.8,1.3,0.7,0.2,0.2,0.3,1.0,2.1,,jonesco02
496,Mamadi Diakite,27,2TM,PF,6,0,4.0,0.7,1.0,.667,0.0,0.2,.000,0.7,0.8,.800,.667,0.7,1.0,.667,0.2,0.5,0.7,0.3,0.2,0.2,0.2,0.3,2.0,,diakima01
497,Kobe Brown,24,LAC,PF,44,0,9.0,0.8,2.0,.411,0.3,1.1,.292,0.5,1.0,.548,.489,0.0,0.0,.500,0.5,1.0,1.4,0.6,0.3,0.1,0.2,1.1,2.0,,brownko01
498,JD Davison,21,BOS,SG,8,0,4.9,0.6,1.5,.417,0.4,0.9,.429,0.3,0.6,.400,.542,0.4,0.5,.750,0.3,1.0,1.3,1.3,0.1,0.1,0.3,0.5,2.0,,davisjd01
499,Jordan Ford,25,SAC,PG,6,0,3.7,0.7,1.2,.571,0.3,0.5,.667,0.3,0.7,.500,.714,0.3,0.3,1.000,0.0,0.3,0.3,0.3,0.0,0.0,0.2,0.0,2.0,,fordjo01
500,Kevon Harris,26,ORL,SG,2,0,3.0,1.0,1.5,.667,0.0,0.0,,1.0,1.5,.667,.667,0.0,0.0,,0.0,1.0,1.0,0.5,0.0,0.0,0.5,1.5,2.0,,harrike01
501,D'Moi Hodge,25,LAL,SG,7,0,5.9,0.7,2.1,.333,0.4,1.7,.250,0.3,0.4,.667,.433,0.1,0.3,.500,0.0,0.0,0.0,0.7,0.1,0.1,0.1,0.6,2.0,,hodgedm01
502,Ty Jerome,26,CLE,SG,2,0,7.5,1.0,2.0,.500,0.0,0.5,.000,1.0,1.5,.667,.500,0.0,0.0,,0.5,0.0,0.5,1.5,0.0,0.0,0.5,1.0,2.0,,jeromty01
503,Markquis Nowell,24,TOR,SG,1,0,4.0,0.0,1.0,.000,0.0,0.0,,0.0,1.0,.000,.000,2.0,2.0,1.000,2.0,0.0,2.0,2.0,1.0,0.0,0.0,0.0,2.0,,nowelma01
504,Jericho Sims,25,NYK,C,45,11,13.0,0.8,1.2,.691,0.0,0.0,,0.8,1.2,.691,.691,0.4,0.5,.667,1.2,2.0,3.3,0.6,0.2,0.4,0.4,1.0,2.0,,simsje01
505,Lindell Wigginton,25,MIL,PG,3,0,2.7,0.7,1.7,.400,0.0,0.7,.000,0.7,1.0,.667,.400,0.7,0.7,1.000,0.0,0.0,0.0,0.0,0.0,0.0,0.3,0.3,2.0,,wiggili01
506,Isaiah Wong,23,IND,SG,1,0,4.0,1.0,3.0,.333,0.0,1.0,.000,1.0,2.0,.500,.333,0.0,0.0,,0.0,0.0,0.0,0.0,0.0,0.0,0.0,0.0,2.0,,wongis01
507,Justin Minaya,24,POR,SF,34,1,11.2,0.6,2.2,.297,0.4,1.4,.245,0.3,0.7,.400,.378,0.1,0.3,.556,0.9,0.8,1.6,0.6,0.3,0.3,0.3,1.0,1.8,,minayju01
508,Daishen Nix,21,MIN,PG,15,0,3.3,0.6,1.6,.375,0.4,1.1,.353,0.2,0.5,.429,.500,0.2,0.4,.500,0.1,0.1,0.2,0.4,0.3,0.0,0.3,0.1,1.8,,nixda01
509,Cody Zeller,31,NOP,C,43,0,7.4,0.6,1.4,.419,0.0,0.1,.333,0.6,1.4,.424,.427,0.5,0.9,.605,1.1,1.5,2.6,0.9,0.2,0.1,0.4,1.0,1.8,,zelleco01
510,Taj Gibson,38,2TM,PF,20,1,10.2,0.8,1.9,.405,0.1,0.5,.200,0.7,1.4,.481,.432,0.1,0.1,1.000,0.6,1.3,1.9,0.6,0.2,0.4,0.3,1.6,1.7,,gibsota01
511,P.J. Tucker,38,2TM,PF,31,10,15.7,0.6,1.6,.360,0.4,1.1,.371,0.2,0.5,.333,.490,0.1,0.1,1.000,0.9,1.8,2.7,0.5,0.5,0.2,0.3,1.7,1.7,,tuckepj01
512,Kessler Edwards,23,SAC,SF,54,0,5.1,0.6,1.5,.415,0.4,1.0,.385,0.3,0.6,.467,.537,0.1,0.2,.556,0.2,0.6,0.8,0.3,0.2,0.1,0.1,0.5,1.7,,edwarke02
513,Leonard Miller,20,MIN,SF,17,0,3.1,0.8,1.2,.650,0.1,0.3,.400,0.6,0.9,.733,.700,0.1,0.1,.500,0.3,0.9,1.2,0.5,0.1,0.1,0.1,0.3,1.7,,millele01
514,Jason Preston,24,UTA,PG,7,0,10.1,0.9,2.7,.316,0.0,0.4,.000,0.9,2.3,.375,.316,0.0,0.0,,0.9,1.6,2.4,2.3,0.3,0.1,0.3,0.4,1.7,,prestja01
515,Jordan Walsh,19,BOS,SF,9,1,9.2,0.7,1.7,.400,0.2,1.0,.222,0.4,0.7,.667,.467,0.1,0.2,.500,0.6,1.7,2.2,0.6,0.6,0.1,0.3,1.2,1.7,,walshjo01
516,Jalen Hood-Schifino,20,LAL,SG,21,0,5.2,0.5,2.1,.222,0.1,0.7,.133,0.4,1.4,.267,.244,0.6,1.0,.600,0.1,0.5,0.6,0.4,0.1,0.1,0.4,0.6,1.6,,hoodsja01
517,Jett Howard,20,ORL,SF,18,0,3.7,0.6,1.7,.333,0.4,1.4,.280,0.2,0.3,.600,.450,0.1,0.2,.500,0.1,0.3,0.4,0.3,0.1,0.1,0.2,0.2,1.6,,howarje01
518,Seth Lundy,23,ATL,SF,9,0,5.8,0.4,1.9,.235,0.3,1.4,.231,0.1,0.4,.250,.324,0.3,0.4,.750,0.1,0.7,0.8,0.0,0.0,0.0,0.1,0.7,1.6,,lundyse01
519,Jordan Miller,24,LAC,SF,8,0,3.5,0.6,1.1,.556,0.1,0.3,.500,0.5,0.9,.571,.611,0.3,0.3,1.000,0.4,0.3,0.6,0.0,0.0,0.0,0.1,0.3,1.6,,millejo02
520,Josh Minott,21,MIN,SF,32,0,2.8,0.5,1.1,.472,0.1,0.3,.400,0.4,0.8,.500,.528,0.4,0.4,.857,0.1,0.4,0.5,0.3,0.2,0.2,0.1,0.3,1.6,,minotjo01
521,Jalen Pickett,24,DEN,SG,27,0,4.5,0.6,1.3,.429,0.3,0.9,.360,0.2,0.4,.600,.557,0.1,0.1,.750,0.0,0.5,0.5,0.8,0.1,0.0,0.3,0.5,1.6,,pickeja02
522,Ibou Badji,21,POR,C,22,1,10.3,0.6,1.0,.636,0.0,0.0,,0.6,1.0,.636,.636,0.3,0.5,.500,0.9,1.4,2.3,0.6,0.1,0.9,0.7,2.1,1.5,,badjiib01
523,Colin Castleton,23,LAL,C,16,0,3.7,0.6,1.0,.563,0.0,0.0,,0.6,1.0,.563,.563,0.4,0.4,1.000,0.4,0.4,0.8,0.2,0.1,0.0,0.2,0.7,1.5,,castlco01
524,Adam Flagler,24,OKC,SG,2,0,7.0,0.5,3.5,.143,0.5,3.0,.167,0.0,0.5,.000,.214,0.0,0.0,,0.0,0.0,0.0,2.0,0.0,0.0,0.0,0.0,1.5,,flaglad01
525,Dariq Whitehead,19,BRK,SF,2,0,12.0,0.5,2.5,.200,0.0,1.5,.000,0.5,1.0,.500,.200,0.5,1.0,.500,0.0,2.0,2.0,1.5,0.0,0.5,0.0,0.0,1.5,,whiteda01
526,Terry Taylor,24,CHI,PF,31,0,6.1,0.6,1.3,.513,0.1,0.3,.222,0.6,1.0,.600,.538,0.1,0.2,.800,0.5,0.6,1.2,0.3,0.2,0.1,0.2,0.5,1.5,,taylote01
527,Jack White,26,MEM,SF,4,0,16.0,0.5,4.0,.125,0.5,2.5,.200,0.0,1.5,.000,.188,0.0,0.0,,1.0,2.0,3.0,0.3,1.0,0.3,0.5,0.8,1.5,,whiteja03
528,Kendall Brown,20,IND,SG,15,0,4.2,0.5,1.0,.533,0.0,0.1,.000,0.5,0.9,.615,.533,0.3,0.5,.625,0.2,0.1,0.3,0.3,0.0,0.0,0.1,0.6,1.4,,brownke03
529,Mason Jones,25,SAC,SG,5,0,5.6,0.4,1.6,.250,0.4,1.4,.286,0.0,0.2,.000,.375,0.2,0.4,.500,0.2,0.8,1.0,1.0,0.2,0.0,0.4,0.6,1.4,,jonesma05
530,Jerome Robinson,26,GSW,SG,22,0,3.7,0.5,1.5,.333,0.1,0.8,.118,0.4,0.7,.563,.364,0.3,0.5,.636,0.0,0.2,0.3,0.2,0.0,0.1,0.1,0.2,1.4,,robinje01
531,Jermaine Samuels,25,HOU,SF,14,0,4.3,0.6,1.0,.643,0.0,0.1,.000,0.6,0.9,.750,.643,0.1,0.1,1.000,0.2,0.7,0.9,0.2,0.1,0.1,0.0,0.4,1.4,,samueje01
532,Jacob Toppin,23,NYK,SF,9,0,4.2,0.6,1.0,.556,0.1,0.4,.250,0.4,0.6,.800,.611,0.2,0.2,1.000,0.3,0.4,0.8,0.3,0.0,0.1,0.1,0.3,1.4,,toppija01
533,R.J. Hampton,22,MIA,PG,8,2,9.5,0.5,1.8,.286,0.1,1.0,.125,0.4,0.8,.500,.321,0.1,0.3,.500,0.3,0.5,0.8,1.0,0.0,0.0,0.4,1.0,1.3,,hamptrj01
534,Nathan Mensah,25,CHO,C,25,0,12.3,0.5,1.1,.429,0.0,0.0,,0.5,1.1,.429,.429,0.4,0.5,.750,1.2,1.4,2.6,0.4,0.2,0.6,0.6,2.6,1.3,,mensana01
535,Isaiah Thomas,34,PHO,PG,6,0,3.2,0.5,1.7,.300,0.3,0.7,.500,0.2,1.0,.167,.400,0.0,0.0,,0.0,0.0,0.0,0.5,0.0,0.0,0.0,0.0,1.3,,thomais02
536,TyTy Washington Jr.,22,MIL,PG,11,0,5.1,0.5,1.8,.300,0.2,0.5,.333,0.4,1.3,.286,.350,0.0,0.0,,0.1,0.4,0.5,0.5,0.3,0.0,0.2,0.1,1.3,,washity02
537,Jay Huff,25,DEN,C,20,0,2.5,0.5,0.8,.600,0.2,0.5,.333,0.3,0.3,1.000,.700,0.1,0.1,1.000,0.1,0.5,0.6,0.1,0.1,0.2,0.1,0.5,1.2,,huffja01
538,Keyontae Johnson,23,OKC,SF,9,0,7.3,0.6,1.8,.313,0.1,0.3,.333,0.4,1.4,.308,.344,0.0,0.0,,0.4,0.7,1.1,0.4,0.1,0.0,0.4,0.6,1.2,,johnske08
539,Chris Livingston,20,MIL,SF,21,0,4.3,0.5,1.0,.500,0.0,0.2,.200,0.5,0.8,.588,.523,0.1,0.2,.750,0.1,0.9,1.0,0.2,0.1,0.0,0.2,0.7,1.2,,livinch01
540,Braxton Key,26,DEN,SF,20,0,3.0,0.4,0.9,.412,0.1,0.3,.400,0.3,0.6,.417,.471,0.3,0.4,.750,0.2,0.8,0.9,0.5,0.1,0.1,0.1,0.3,1.1,,keybr01
541,Robin Lopez,35,MIL,C,16,2,4.1,0.4,1.2,.368,0.1,0.5,.250,0.3,0.7,.455,.421,0.1,0.1,1.000,0.2,0.1,0.3,0.3,0.1,0.2,0.1,0.4,1.1,,lopezro01
542,Admiral Schofield,26,ORL,PF,23,0,3.7,0.4,1.1,.385,0.3,0.7,.375,0.2,0.4,.400,.500,0.0,0.1,.000,0.1,0.6,0.7,0.3,0.0,0.0,0.2,0.4,1.1,,schofad01
543,Hunter Tyson,23,DEN,PF,18,0,2.7,0.4,1.1,.400,0.2,0.8,.286,0.2,0.3,.667,.500,0.0,0.0,,0.1,0.4,0.5,0.1,0.1,0.0,0.1,0.6,1.1,,tysonhu01
544,Filip Petrušev,23,2TM,C,3,0,3.3,0.3,0.7,.500,0.0,0.0,,0.3,0.7,.500,.500,0.3,0.7,.500,0.0,0.3,0.3,0.0,0.0,0.0,0.0,0.3,1.0,,petrufi01
545,Hamidou Diallo,25,WAS,SG,2,0,2.5,0.5,1.0,.500,0.0,0.0,,0.5,1.0,.500,.500,0.0,0.0,,1.0,0.0,1.0,0.5,1.0,0.0,0.5,0.5,1.0,,diallha01
546,Frank Ntilikina,25,CHO,PG,5,0,8.6,0.2,1.8,.111,0.2,1.6,.125,0.0,0.2,.000,.167,0.4,0.4,1.000,0.2,1.0,1.2,0.8,0.0,0.0,0.2,0.8,1.0,,ntilila01
547,Joshua Primo,21,LAC,SG,2,0,5.0,0.5,1.5,.333,0.0,0.5,.000,0.5,1.0,.500,.333,0.0,0.0,,0.5,0.0,0.5,0.0,0.0,0.5,2.0,0.0,1.0,,primojo01
548,Thanasis Antetokounmpo,31,MIL,PF,34,0,4.6,0.5,0.9,.533,0.0,0.0,.000,0.5,0.9,.552,.533,0.0,0.1,.000,0.2,0.2,0.4,0.5,0.2,0.1,0.4,0.7,0.9,,antetth01
549,James Johnson,36,IND,PF,9,0,5.2,0.3,1.1,.300,0.0,0.2,.000,0.3,0.9,.375,.300,0.2,0.2,1.000,0.1,0.3,0.4,0.9,0.6,0.1,0.6,1.0,0.9,,johnsja01
550,Charlie Brown Jr.,26,NYK,SG,8,0,4.6,0.3,1.3,.200,0.3,0.9,.286,0.0,0.4,.000,.300,0.0,0.0,,0.1,0.1,0.3,0.0,0.0,0.3,0.3,0.6,0.8,,brownch02
551,DaQuan Jeffries,26,NYK,SG,17,0,2.7,0.4,1.0,.353,0.1,0.6,.200,0.2,0.4,.571,.412,0.0,0.1,.000,0.0,0.3,0.3,0.3,0.0,0.1,0.2,0.1,0.8,,jeffrda01
552,Shaquille Harrison,30,MEM,SG,3,0,2.0,0.3,0.7,.500,0.0,0.0,,0.3,0.7,.500,.500,0.0,0.0,,0.0,0.7,0.7,0.0,0.0,0.3,0.0,0.0,0.7,,harrish01
553,Quenton Jackson,25,IND,PG,3,0,3.7,0.0,0.3,.000,0.0,0.0,,0.0,0.3,.000,.000,0.7,0.7,1.000,0.0,1.3,1.3,0.7,0.3,0.0,0.0,0.3,0.7,,jacksqu01
554,Wendell Moore Jr.,22,MIN,SG,25,0,3.0,0.4,0.7,.500,0.0,0.2,.000,0.4,0.5,.750,.500,0.0,0.0,,0.0,0.5,0.5,0.2,0.2,0.0,0.2,0.2,0.7,,moorewe01
555,Jalen Slawson,24,SAC,SF,12,0,3.1,0.3,0.5,.667,0.0,0.2,.000,0.3,0.3,1.000,.667,0.0,0.0,,0.1,0.5,0.6,0.2,0.1,0.1,0.2,0.7,0.7,,slawsja01
556,Pat Spencer,27,GSW,PG,6,0,4.3,0.3,0.7,.500,0.0,0.3,.000,0.3,0.3,1.000,.500,0.0,0.0,,0.3,0.3,0.7,0.8,0.0,0.0,0.2,0.2,0.7,,spencpa01
557,Alondes Williams,24,MIA,SG,7,0,2.3,0.3,1.1,.250,0.0,0.6,.000,0.3,0.6,.500,.250,0.1,0.1,1.000,0.0,0.1,0.1,0.0,0.0,0.1,0.3,0.3,0.7,,willial06
558,Juan Toscano-Anderson,30,SAC,SF,11,0,4.8,0.3,1.1,.250,0.1,0.4,.250,0.2,0.7,.250,.292,0.0,0.0,,0.4,0.9,1.3,0.4,0.1,0.1,0.2,1.0,0.6,,toscaju01
559,Usman Garuba,21,GSW,PF,6,0,3.0,0.2,1.0,.167,0.0,0.2,.000,0.2,0.8,.200,.167,0.2,0.3,.500,0.5,0.7,1.2,0.2,0.2,0.5,0.3,0.3,0.5,,garubus01
560,E.J. Liddell,23,NOP,PF,8,0,2.9,0.1,0.8,.167,0.0,0.6,.000,0.1,0.1,1.000,.167,0.3,0.3,1.000,0.0,0.6,0.6,0.1,0.3,0.3,0.3,0.3,0.5,,liddeej01
561,Pete Nance,23,CLE,PF,8,0,3.4,0.1,0.8,.167,0.1,0.1,1.000,0.0,0.6,.000,.250,0.0,0.3,.000,0.0,0.4,0.4,0.0,0.1,0.0,0.1,0.3,0.4,,nancepe01
562,Maxwell Lewis,21,LAL,SF,34,0,3.0,0.1,0.6,.190,0.0,0.3,.111,0.1,0.4,.250,.214,0.1,0.1,.667,0.1,0.1,0.1,0.2,0.1,0.0,0.3,0.1,0.3,,lewisma05
563,Ryan Arcidiacono,29,NYK,PG,20,0,2.3,0.0,0.3,.000,0.0,0.3,.000,0.0,0.0,,.000,0.0,0.0,,0.0,0.4,0.4,0.2,0.1,0.0,0.1,0.3,0.0,,arcidry01
564,Malcolm Cazalon,22,DET,SG,1,0,3.0,0.0,0.0,,0.0,0.0,,0.0,0.0,,,0.0,0.0,,0.0,0.0,0.0,0.0,0.0,0.0,0.0,0.0,0.0,,cazalma01
565,Jalen Crutcher,24,NOP,PG,1,0,3.0,0.0,1.0,.000,0.0,0.0,,0.0,1.0,.000,.000,0.0,0.0,,0.0,0.0,0.0,0.0,0.0,0.0,0.0,0.0,0.0,,crutcja01
566,Andrew Funk,24,CHI,SG,5,0,2.6,0.0,0.8,.000,0.0,0.6,.000,0.0,0.2,.000,.000,0.0,0.0,,0.0,0.0,0.0,0.0,0.2,0.2,0.0,0.0,0.0,,funkan01
567,Kaiser Gates,27,NOP,SF,1,0,7.0,0.0,4.0,.000,0.0,2.0,.000,0.0,2.0,.000,.000,0.0,0.0,,0.0,1.0,1.0,0.0,0.0,0.0,0.0,0.0,0.0,,gateska01
568,Danny Green,36,PHI,SG,2,0,9.0,0.0,1.0,.000,0.0,0.5,.000,0.0,0.5,.000,.000,0.0,0.0,,0.0,1.0,1.0,0.5,0.5,0.0,0.0,0.5,0.0,,greenda02
569,Ron Harper Jr.,23,TOR,PF,1,0,4.0,0.0,0.0,,0.0,0.0,,0.0,0.0,,,0.0,0.0,,0.0,0.0,0.0,1.0,0.0,0.0,0.0,2.0,0.0,,harpero02
570,Justin Jackson,28,MIN,SF,2,0,0.5,0.0,0.0,,0.0,0.0,,0.0,0.0,,,0.0,0.0,,0.0,0.0,0.0,0.0,0.0,0.0,0.0,0.0,0.0,,jacksju01
571,Dmytro Skapintsev,25,NYK,C,2,0,1.0,0.0,0.5,.000,0.0,0.0,,0.0,0.5,.000,.000,0.0,0.0,,0.0,0.0,0.0,0.0,0.0,0.0,0.0,0.0,0.0,,skapidm01
572,Javonte Smart,24,PHI,PG,1,0,1.0,0.0,0.0,,0.0,0.0,,0.0,0.0,,,0.0,0.0,,0.0,0.0,0.0,0.0,0.0,0.0,0.0,0.0,0.0,,smartja01
