Rank,Player,Age,Team,Pos,G,GS,MP,PG%,SG%,SF%,PF%,C%,+/- Per 100 PossOnCourt,+/- Per 100 PossOn-Off,BadPass,LostBall,Fouls Committed_Shoot,Fouls Committed_Off.,Fouls Drawn_Shoot,Fouls Drawn_Off.,PGA,And1,Blkd,Awards,-9999
1,Julius Randle,26,NYK,PF,71,71,2667,0,0,0,96,4,2.6,0.2,100,71,73,43,180,7,1092,49,70,MVP-8MIP-1ASNBA2,randlju01
2,RJ Barrett,20,NYK,SG,72,72,2511,5,79,16,0,0,2.6,0.4,77,35,85,14,133,13,520,28,86,,barrerj01
3,Nikola Jokić,25,DEN,C,72,72,2488,0,0,0,1,99,6.6,6.4,130,63,102,16,145,5,1410,38,62,MVP-1ASNBA1,jokicni01
4,Buddy Hield,28,SAC,SG,71,71,2433,0,44,53,3,0,-1.6,6.9,78,33,91,5,21,4,579,5,33,,hieldbu01
5,Damian Lillard,30,POR,PG,67,67,2398,100,0,0,0,0,3.9,6.6,143,38,42,15,176,26,1256,32,67,MVP-7ASNBA2,lillada01
6,Terry Rozier,26,CHO,SG,69,69,2383,16,76,8,0,0,-2.1,0.1,67,32,52,17,74,25,720,23,37,,roziete01
7,Russell Westbrook,32,WAS,PG,65,65,2369,50,48,3,0,0,-1.5,1.3,212,65,58,17,197,10,1767,46,73,MVP-11,westbru01
8,Andrew Wiggins,25,GSW,PF,71,71,2364,0,0,47,51,3,0.1,-2.3,56,36,96,16,125,6,428,30,44,,wiggian01
9,Mikal Bridges,24,PHO,SF,72,72,2348,0,7,89,4,0,7.6,4.4,35,14,60,3,61,14,361,17,24,,bridgmi01
10,Nikola Vučević,30,2TM,C,70,70,2348,0,0,0,0,100,-6.9,-1.1,56,42,75,15,58,3,661,16,52,AS,vucevni01
11,Anthony Edwards,19,MIN,SG,72,55,2314,0,27,62,10,0,-5.3,0.3,68,55,58,17,138,2,528,34,68,ROY-2,edwaran01
12,Jayson Tatum,22,BOS,SF,64,64,2290,0,3,59,37,0,2.8,5.3,86,41,42,25,139,4,696,31,62,AS,tatumja01
13,Devin Booker,24,PHO,SG,67,67,2270,0,94,6,0,0,7.2,3.1,102,52,74,29,176,17,716,43,46,AS,bookede01
14,Khris Middleton,29,MIL,SF,68,68,2269,0,3,72,25,0,5.4,-0.5,91,54,73,14,94,9,873,26,52,,middlkh01
15,Duncan Robinson,26,MIA,SF,72,72,2262,0,45,34,21,0,1.9,5.1,37,11,90,18,25,17,294,10,19,,robindu01
16,Luka Dončić,21,DAL,PG,66,66,2262,52,44,4,0,0,3.3,3.0,182,69,73,14,210,7,1375,52,51,MVP-6ASNBA1,doncilu01
17,Robert Covington,30,POR,PF,70,70,2243,0,0,14,86,1,4.4,7.0,28,6,117,15,23,13,299,2,16,,covinro01
18,Royce O'Neale,27,UTA,SF,71,71,2241,4,37,58,0,0,10.9,3.7,49,10,87,8,14,22,475,2,9,,onealro01
19,Domantas Sabonis,24,IND,PF,62,62,2231,0,0,0,51,50,-2.0,-5.3,80,66,87,41,152,9,1008,45,54,AS,sabondo01
20,Bojan Bogdanović,31,UTA,SF,72,72,2216,0,6,45,50,0,9.2,-0.9,44,55,38,13,100,8,352,18,61,,bogdabo02
21,Norman Powell,27,2TM,SG,69,58,2205,2,42,56,0,0,1.7,1.7,49,42,59,13,113,11,325,23,69,,powelno01
22,Chris Paul,35,PHO,PG,70,70,2199,100,0,0,0,0,6.9,2.1,106,31,60,10,34,12,1484,7,10,MVP-5ASNBA2,paulch01
23,Rudy Gobert,28,UTA,C,71,71,2187,0,0,0,0,100,16.6,19.1,26,37,81,27,182,14,233,43,41,MVP-10DPOY-1ASNBA3DEF1,goberru01
24,Justin Holiday,31,IND,SG,72,52,2183,3,35,51,11,0,-0.7,-1.8,30,13,75,3,33,10,285,8,15,,holidju01
25,Isaac Okoro,20,CLE,SG,67,67,2173,3,45,51,2,0,-8.9,-1.2,41,27,96,8,83,14,318,21,53,,okorois01
26,Coby White,20,CHI,PG,69,54,2156,92,8,0,0,0,-2.3,-3.9,78,47,99,10,58,20,806,15,59,,whiteco01
27,Stephen Curry,32,GSW,PG,63,63,2152,100,0,0,0,0,4.0,8.6,115,58,46,13,152,14,843,45,56,MVP-3ASNBA1,curryst01
28,Bradley Beal,27,WAS,SG,60,60,2147,1,73,26,0,0,-0.6,3.2,88,65,73,18,206,15,617,66,60,ASNBA3,bealbr01
29,Bam Adebayo,23,MIA,C,64,64,2143,0,0,0,30,70,0.4,0.8,82,46,64,30,154,9,873,44,39,DPOY-4DEF2,adebaba01
30,Joe Harris,29,BRK,SF,69,65,2141,0,24,52,24,0,6.5,4.1,42,8,67,5,28,15,319,9,29,,harrijo01
31,Dejounte Murray,24,SAS,PG,67,67,2139,63,38,0,0,0,1.7,8.9,68,32,47,7,61,8,847,19,56,,murrade01
32,Kevin Huerter,22,ATL,SG,69,49,2126,3,90,7,0,0,1.8,-2.0,50,17,73,2,25,2,575,6,28,,huertke01
33,Trae Young,22,ATL,PG,63,63,2125,100,0,0,0,0,5.3,7.1,179,54,38,14,183,15,1403,26,66,,youngtr01
34,Deandre Ayton,22,PHO,C,69,69,2115,0,0,0,10,90,6.0,-0.2,20,36,128,25,97,3,238,30,46,,aytonde01
35,Collin Sexton,22,CLE,SG,60,60,2115,42,57,0,0,0,-9.2,-1.9,64,59,58,22,163,22,623,39,97,,sextoco01
36,Eric Bledsoe,31,NOP,SG,71,70,2111,36,64,0,0,0,-1.3,-1.9,71,25,58,10,86,26,629,22,26,,bledser01
37,Harrison Barnes,28,SAC,PF,58,58,2102,0,0,31,66,3,-1.1,6.5,46,32,36,11,101,11,497,25,24,,barneha02
38,Brandon Ingram,23,NOP,SF,61,61,2093,0,10,60,30,0,0.4,2.5,77,50,64,17,131,9,701,34,53,,ingrabr01
39,DeMar DeRozan,31,SAS,PF,61,61,2056,0,0,31,69,0,-2.5,-1.9,55,49,66,5,220,15,1044,51,60,,derozde01
40,Ja Morant,21,MEM,PG,63,63,2053,96,4,0,0,0,2.7,3.4,133,44,41,8,155,12,1106,26,68,,moranja01
41,Jae'Sean Tate,25,HOU,SF,70,58,2043,0,12,65,22,0,-4.5,8.6,37,33,103,12,64,32,460,13,46,,tateja01
42,De'Aaron Fox,23,SAC,PG,58,58,2036,98,2,0,0,0,-4.5,-2.1,90,68,64,8,216,23,1003,53,64,,foxde01
43,Zach LaVine,25,CHI,SG,58,58,2034,22,51,27,0,0,-0.5,0.8,113,53,63,13,130,2,677,33,67,AS,lavinza01
44,Zion Williamson,20,NOP,PF,61,61,2026,0,0,1,94,5,1.7,5.6,52,57,72,33,278,2,569,79,131,AS,willizi01
45,Tobias Harris,28,PHI,PF,62,62,2014,0,0,0,89,11,7.3,4.0,45,38,76,16,78,1,539,14,63,,harrito02
46,Giannis Antetokounmpo,26,MIL,PF,61,61,2013,0,0,2,86,12,8.4,6.7,71,50,53,53,295,5,926,79,56,MVP-4DPOY-5ASNBA1DEF1,antetgi01
47,Pascal Siakam,26,TOR,PF,56,56,2006,0,0,3,79,18,2.9,8.6,56,31,59,26,148,10,647,37,63,,siakapa01
48,Jaylen Brown,24,BOS,SG,58,58,1999,1,51,47,1,0,1.2,0.6,56,63,58,21,114,7,464,34,62,AS,brownja02
49,Dillon Brooks,25,MEM,SF,67,67,1997,0,12,81,6,0,4.4,7.2,59,34,98,16,93,13,358,22,40,,brookdi01
50,Kelly Olynyk,29,2TM,PF,70,62,1997,0,0,0,22,78,-3.2,0.4,59,21,92,27,76,22,486,18,31,,olynyke01
51,Tim Hardaway Jr.,28,DAL,SG,70,31,1985,0,15,80,5,0,1.2,-2.5,21,24,52,14,71,31,309,14,28,6MOY-5,hardati02
52,Patrick Williams,19,CHI,PF,71,71,1983,0,2,57,41,0,-6.4,-13.0,32,31,59,14,63,7,245,17,49,,willipa01
53,Draymond Green,30,GSW,PF,63,63,1982,0,0,0,60,40,4.9,9.6,148,16,100,16,41,30,1333,14,15,DPOY-3DEF1,greendr01
54,Keldon Johnson,21,SAS,SF,69,67,1968,0,6,83,12,0,-4.1,-5.4,29,27,74,11,108,3,280,31,66,,johnske04
55,Dennis Schröder,27,LAL,SG,61,61,1956,42,54,4,0,0,2.5,-0.4,97,41,54,12,96,28,855,13,74,,schrode01
56,Kyle Kuzma,25,LAL,SF,68,32,1954,0,0,52,48,0,-1.1,-8.5,41,28,66,21,47,9,304,13,24,,kuzmaky01
57,P.J. Washington,22,CHO,PF,64,61,1954,0,0,0,54,46,-0.4,4.1,59,36,97,18,75,8,401,13,50,,washipj01
58,Reggie Bullock,29,NYK,SF,65,64,1949,0,2,96,2,0,1.9,-1.3,27,10,77,4,11,6,238,0,13,,bullore01
59,Danny Green,33,PHI,SF,69,69,1934,0,0,85,14,0,7.3,3.8,36,10,72,7,13,7,273,2,12,,greenda02
60,Miles Bridges,22,CHO,PF,66,19,1932,0,0,4,92,4,0.3,5.5,56,24,72,10,55,8,363,15,26,6MOY-12,bridgmi02
61,Malcolm Brogdon,28,IND,PG,56,56,1930,57,38,6,0,0,-0.7,-1.5,76,27,40,7,67,5,789,18,66,,brogdma01
62,Dorian Finney-Smith,27,DAL,PF,60,60,1921,0,0,47,53,0,5.3,6.7,30,6,57,5,22,8,251,5,23,,finnedo01
63,Michael Porter Jr.,22,DEN,SF,61,54,1912,0,2,74,24,0,8.2,7.4,25,28,73,10,66,2,168,17,24,,portemi01
64,Saddiq Bey,21,DET,SF,70,53,1909,0,3,71,26,0,-5.7,-2.7,27,7,52,8,69,4,236,17,34,ROY-4,beysa01
65,Jrue Holiday,30,MIL,PG,59,56,1907,85,15,0,0,0,8.7,7.1,71,37,38,6,58,10,856,16,40,DPOY-8DEF1,holidjr01
66,Brook Lopez,32,MIL,C,70,70,1902,0,0,0,0,100,6.8,2.8,19,19,86,16,71,4,125,17,18,,lopezbr01
67,Kentavious Caldwell-Pope,27,LAL,SG,67,67,1902,3,39,54,4,0,2.8,0.4,34,16,52,6,42,22,305,10,22,DPOY-11,caldwke01
68,Fred VanVleet,26,TOR,SG,52,52,1899,40,59,0,0,0,3.1,8.5,48,30,42,11,71,14,825,8,57,,vanvlfr01
69,Clint Capela,26,ATL,C,63,63,1898,0,0,0,0,100,7.4,10.5,12,18,72,25,105,2,119,21,50,DPOY-6,capelca01
70,Kyle Anderson,27,MEM,PF,69,69,1887,0,0,3,70,27,1.7,0.8,46,18,58,9,86,4,575,16,32,,anderky01
71,Kyrie Irving,28,BRK,PG,54,54,1886,97,3,0,0,0,5.5,1.4,81,38,62,6,86,7,780,20,55,ASNBA3,irvinky01
72,Ben Simmons,24,PHI,PG,58,58,1877,98,2,0,0,0,8.5,6.2,86,43,64,34,126,19,1010,25,45,MVP-12DPOY-2ASDEF1,simmobe01
73,Joe Ingles,33,UTA,SF,67,30,1867,0,2,41,58,0,12.0,5.4,74,21,25,16,33,9,780,9,14,6MOY-2,inglejo01
74,Jarrett Allen,22,2TM,C,63,45,1864,0,0,0,5,95,-5.9,-0.4,47,24,62,15,127,12,256,26,37,,allenja01
75,Dwayne Bacon,25,ORL,SG,72,50,1853,3,40,55,2,0,-11.1,-4.5,26,9,44,4,85,5,232,19,39,,bacondw01
76,John Collins,23,ATL,PF,63,63,1848,0,0,0,86,14,4.7,4.5,23,29,102,21,93,13,188,31,53,,collijo01
77,Jakob Poeltl,25,SAS,C,69,51,1845,0,0,0,0,100,3.2,10.3,33,15,113,26,53,4,304,23,29,,poeltja01
78,Jeff Green,34,BRK,PF,68,38,1835,0,0,17,69,14,3.7,-2.7,22,13,77,8,82,21,280,17,23,,greenje02
79,Nicolas Batum,32,LAC,SF,67,38,1835,0,0,14,84,2,9.0,5.3,42,7,48,2,26,13,354,7,6,,batumni01
80,Jerami Grant,26,DET,SF,54,54,1829,0,0,32,68,0,-3.4,2.3,60,25,58,17,152,22,362,23,58,,grantje01
81,Paul George,30,LAC,SF,54,54,1821,0,4,90,7,0,11.4,10.2,111,43,49,20,100,20,693,21,44,ASNBA3,georgpa01
82,Jordan Clarkson,28,UTA,SG,68,1,1818,24,75,1,0,0,7.9,-3.5,41,42,37,13,61,4,418,16,39,6MOY-1,clarkjo01
83,Donte DiVincenzo,24,MIL,SG,66,66,1814,8,84,9,0,0,7.3,3.7,52,19,49,12,26,17,472,3,31,,divindo01
84,Gary Trent Jr.,22,2TM,SG,58,38,1802,6,83,11,0,0,-1.9,-4.2,21,12,42,7,49,9,200,12,22,,trentga02
85,Rui Hachimura,22,WAS,PF,57,57,1797,0,0,27,71,2,-2.7,-1.8,17,27,57,11,76,5,203,18,54,,hachiru01
86,T.J. McConnell,28,IND,PG,69,3,1796,55,45,0,0,0,2.1,4.5,84,31,41,2,18,22,1093,8,31,6MOY-11,mccontj01
87,Josh Richardson,27,DAL,SG,59,56,1790,0,80,19,0,0,0.0,-4.7,38,24,64,4,39,15,391,10,22,,richajo01
88,Darius Garland,21,CLE,PG,54,50,1790,100,0,0,0,0,-6.5,3.9,98,29,47,10,46,19,747,10,36,,garlada01
89,Richaun Holmes,27,SAC,C,61,61,1782,0,0,0,0,100,0.5,8.4,28,13,119,24,88,5,240,26,30,,holmeri01
90,Théo Maledon,19,OKC,PG,65,49,1778,99,1,0,0,0,-17.1,-12.8,76,33,54,6,61,4,560,14,19,,maledth01
91,Kawhi Leonard,29,LAC,SF,52,52,1773,1,59,38,3,0,12.8,12.8,39,38,30,14,117,4,695,28,28,MVP-13ASNBA1DEF2,leonaka01
92,Ricky Rubio,30,MIN,PG,68,51,1772,99,1,0,0,0,-5.2,0.5,84,17,37,4,51,19,1031,7,32,,rubiori01
93,Donovan Mitchell,24,UTA,PG,53,53,1771,59,41,0,0,0,8.0,-3.2,84,48,47,7,124,10,699,29,47,AS,mitchdo01
94,Enes Freedom,28,POR,C,72,35,1758,0,0,0,2,98,4.0,4.1,20,26,113,21,79,2,213,24,68,6MOY-10,kanteen01
95,Jonas Valančiūnas,28,MEM,C,62,61,1755,0,0,0,0,100,3.5,4.4,32,30,107,26,102,6,255,21,56,,valanjo01
96,Delon Wright,28,2TM,PG,63,39,1748,67,32,2,0,0,-3.0,1.7,47,27,40,3,45,17,703,8,37,,wrighde01
97,Lonzo Ball,23,NOP,PG,55,55,1747,93,7,0,0,0,0.8,2.7,78,20,41,16,23,6,717,5,16,,balllo01
98,Tyrese Haliburton,20,SAC,PG,58,20,1746,22,65,13,0,0,-4.8,-2.3,54,14,35,2,26,1,721,11,20,ROY-3,halibty01
99,Jimmy Butler,31,MIA,SF,52,52,1745,0,0,70,30,0,5.4,10.7,67,22,30,15,182,11,893,38,42,DPOY-10NBA3DEF2,butleji01
100,Will Barton,30,DEN,SF,56,52,1736,0,39,53,8,0,6.1,2.5,49,28,48,7,46,7,424,15,35,,bartowi01
101,Darius Bazley,20,OKC,PF,55,55,1714,0,4,24,68,4,-13.4,-5.1,52,47,34,10,89,4,245,17,53,,bazleda01
102,Jamal Murray,23,DEN,PG,48,48,1704,51,41,7,1,0,7.6,5.3,53,37,42,9,52,19,553,10,26,,murraja01
103,Jalen Brunson,24,DAL,PG,68,12,1697,78,22,0,0,0,4.4,4.2,53,13,37,10,59,34,602,15,17,6MOY-4,brunsja01
104,Carmelo Anthony,36,POR,PF,69,3,1690,0,0,0,71,29,-1.4,-6.4,16,16,70,24,68,5,261,13,19,6MOY-7,anthoca01
105,Karl-Anthony Towns,25,MIN,C,50,50,1689,0,0,0,0,100,0.3,11.1,71,25,80,50,138,14,548,32,51,,townska01
106,Kelly Oubre Jr.,25,GSW,SF,55,50,1687,0,33,40,25,2,-5.3,-12.1,26,23,60,11,92,23,173,24,53,,oubreke01
107,Patty Mills,32,SAS,PG,68,1,1685,100,0,0,0,0,1.5,6.3,37,17,31,3,20,23,373,4,18,,millspa02
108,Devonte' Graham,25,CHO,PG,55,44,1659,100,0,0,0,0,1.8,7.5,64,16,31,2,54,12,713,4,23,,grahade01
109,Thaddeus Young,32,CHI,PF,68,23,1652,0,0,6,66,28,4.6,10.2,76,37,88,11,62,25,685,30,39,6MOY-14,youngth01
110,Kendrick Nunn,25,MIA,PG,56,44,1650,100,0,0,0,0,0.1,0.2,47,19,66,7,23,3,344,6,35,,nunnke01
111,Jae Crowder,30,PHO,PF,60,42,1648,0,0,25,75,0,7.1,1.8,42,3,64,7,32,18,297,7,14,,crowdja01
112,Seth Curry,30,PHI,SG,57,57,1638,18,81,1,0,0,8.0,4.4,30,15,31,8,21,8,366,5,16,,curryse01
113,Tyler Herro,21,MIA,SG,54,15,1635,28,61,12,0,0,-2.8,-5.3,64,22,42,7,48,4,451,15,36,,herroty01
114,Doug McDermott,29,IND,PF,66,29,1619,0,0,23,70,8,-2.4,-4.5,25,13,54,8,51,5,201,18,49,,mcderdo01
115,Ivica Zubac,23,LAC,C,72,33,1609,0,0,0,0,100,5.4,-2.1,22,11,119,27,76,5,219,9,47,,zubaciv01
116,James Harden,31,2TM,PG,44,43,1609,27,45,29,0,0,3.1,0.7,109,48,50,13,119,5,1113,20,47,MVP-13AS,hardeja01
117,Steven Adams,27,NOP,C,58,58,1605,0,0,0,0,100,-0.2,0.8,25,27,46,19,53,5,256,6,20,,adamsst01
118,Kyle Lowry,34,TOR,PG,46,46,1601,92,8,0,0,0,-1.2,-0.8,81,21,50,15,62,39,816,13,25,,lowryky01
119,Daniel Theis,28,2TM,C,65,51,1601,0,0,0,20,80,-1.4,-1.9,29,12,90,19,48,9,257,12,26,,theisda01
120,CJ McCollum,29,POR,SG,47,47,1600,19,79,2,0,0,5.5,6.7,40,16,39,4,66,5,562,25,30,,mccolcj01
121,Joel Embiid,26,PHI,C,51,51,1585,0,0,0,0,100,12.4,12.3,62,54,65,23,225,5,350,42,45,MVP-2DPOY-7ASNBA2DEF2,embiijo01
122,Marcus Smart,26,BOS,PG,48,45,1581,45,55,0,0,0,2.7,3.3,60,20,56,7,64,31,658,8,10,,smartma01
123,Montrezl Harrell,27,LAL,C,69,1,1580,0,0,0,1,99,1.2,-2.5,24,29,72,13,134,28,174,42,42,6MOY-6,harremo01
124,Pat Connaughton,28,MIL,SG,69,4,1575,1,36,60,3,0,7.0,2.6,20,6,63,4,15,11,195,2,16,,connapa01
125,Josh Jackson,23,DET,SG,62,25,1560,0,66,34,1,0,-3.3,2.2,64,41,76,25,102,20,331,27,70,,jacksjo02
126,Nerlens Noel,26,NYK,C,64,41,1547,0,0,0,0,100,0.7,-3.2,23,23,84,13,30,12,106,5,12,,noelne01
127,Reggie Jackson,30,LAC,SG,67,43,1544,65,33,2,0,0,8.0,2.7,49,13,58,4,33,10,513,10,20,,jacksre01
128,Luguentz Dort,21,OKC,SG,52,52,1543,28,71,1,0,0,-7.7,5.6,31,23,50,17,78,57,218,17,48,,dortlu01
129,Khem Birch,28,2TM,C,67,22,1529,0,0,0,35,65,-3.3,3.6,14,15,66,10,66,9,225,10,30,,birchkh01
130,Garrett Temple,34,CHI,SG,56,25,1528,27,71,2,0,0,1.6,4.4,32,12,62,3,21,15,292,9,12,,templga01
131,Lonnie Walker IV,22,SAS,SG,60,38,1522,3,79,17,0,0,-6.7,-8.9,35,13,61,6,37,4,239,14,27,,walkelo01
132,Desmond Bane,22,MEM,SG,68,17,1519,1,47,48,4,0,-0.3,-2.8,25,12,66,6,16,3,287,7,35,,banede01
133,Solomon Hill,29,ATL,PF,71,16,1513,0,1,53,46,0,2.0,-1.0,25,4,57,6,23,5,183,6,8,,hillso01
134,Jaden McDaniels,20,MIN,PF,63,27,1511,0,0,22,76,2,-3.3,3.6,24,12,102,5,18,6,178,4,13,,mcdanja02
135,Cedi Osman,25,CLE,SF,59,26,1510,1,13,75,12,0,-10.5,-3.8,52,19,54,3,41,14,415,10,33,,osmande01
136,LeBron James,36,LAL,PG,45,45,1504,73,26,0,0,0,8.6,10.6,101,37,27,10,131,11,835,44,27,MVP-13ASNBA2,jamesle01
137,Marcus Morris,31,LAC,PF,57,29,1502,0,0,0,85,15,5.1,-2.6,24,19,67,9,33,9,146,8,11,,morrima03
138,Mason Plumlee,30,DET,C,56,56,1499,0,0,0,0,100,-5.3,-1.4,50,30,101,15,72,5,500,15,35,,plumlma01
139,Mike Conley,33,UTA,PG,51,51,1498,100,0,0,0,0,17.0,13.2,68,24,29,5,58,22,768,8,24,AS,conlemi01
140,Gordon Hayward,30,CHO,SF,44,44,1496,0,1,85,15,0,0.2,4.2,40,33,32,10,77,3,443,15,28,,haywago01
141,Caris LeVert,26,2TM,SG,47,39,1486,6,28,42,24,0,-0.3,-2.3,56,30,50,3,90,6,582,23,37,,leverca01
142,Elfrid Payton,26,NYK,PG,63,63,1484,97,3,0,0,0,-2.8,-9.4,57,24,44,8,54,5,486,17,78,,paytoel01
143,LaMelo Ball,19,CHO,PG,51,31,1469,70,30,0,0,0,-4.1,-3.4,102,26,45,5,74,6,733,23,33,ROY-1,ballla01
144,Dāvis Bertāns,28,WAS,PF,57,7,1464,0,0,0,95,5,1.8,6.4,16,8,60,6,30,10,110,10,6,,bertada01
145,Shake Milton,24,PHI,SG,63,4,1461,3,40,50,7,0,4.2,-2.5,51,28,59,10,77,12,478,20,48,6MOY-12,miltosh01
146,Isaiah Stewart,19,DET,C,68,14,1455,0,0,0,0,100,-1.5,5.2,13,23,84,20,37,7,142,11,28,,stewais01
147,Myles Turner,24,IND,C,47,47,1455,0,0,0,0,100,0.9,1.5,31,8,103,19,64,3,112,11,17,DPOY-9,turnemy01
148,Chris Boucher,28,TOR,C,60,14,1453,0,0,0,17,83,3.3,6.9,13,11,117,7,96,12,160,22,41,6MOY-8,bouchch01
149,Bruce Brown,24,BRK,PG,65,37,1451,33,65,2,0,0,5.2,0.4,27,19,71,2,56,1,265,11,39,,brownbr01
150,Cory Joseph,29,2TM,PG,63,13,1446,61,39,0,0,0,-5.7,-2.7,47,21,61,7,33,16,512,8,24,,josepco01
151,Cameron Johnson,24,PHO,PF,60,11,1437,0,0,5,93,3,5.6,-0.9,18,13,41,3,29,16,210,11,17,,johnsca02
152,OG Anunoby,23,TOR,SF,43,43,1433,0,5,63,31,1,3.4,7.0,26,20,53,16,48,7,236,7,38,,anunoog01
153,Kenrich Williams,26,OKC,PF,66,13,1426,2,9,59,29,1,-6.2,7.8,35,26,71,12,32,15,367,7,25,,willike04
154,Facundo Campazzo,29,DEN,PG,65,19,1425,100,0,0,0,0,3.3,-2.5,50,10,43,7,29,27,575,9,8,6MOY-15,campafa01
155,Isaiah Roby,22,OKC,PF,61,34,1425,0,0,24,46,30,-14.5,-6.1,44,39,89,18,53,8,253,10,38,,robyis01
156,Lou Williams,34,2TM,PG,66,4,1423,83,17,0,0,0,1.7,-4.4,90,13,17,1,77,10,540,12,37,,willilo02
157,Brandon Clarke,24,MEM,PF,59,16,1415,0,0,18,74,8,0.2,-1.9,13,12,50,4,68,7,221,29,31,,clarkbr01
158,Raul Neto,28,WAS,PG,64,22,1403,87,13,0,0,0,-0.6,2.1,28,14,65,4,34,37,345,4,31,,netora01
159,Landry Shamet,23,BRK,SG,61,12,1403,10,43,42,6,0,2.4,-4.2,27,9,49,5,30,12,240,4,23,,shamela01
160,Aaron Gordon,25,2TM,PF,50,50,1384,0,0,10,90,0,2.4,6.2,58,16,41,13,68,3,382,16,29,,gordoaa01
161,Wendell Carter Jr.,21,2TM,C,54,44,1375,0,0,0,9,91,-9.3,-6.4,22,22,78,20,84,5,252,18,34,,cartewe01
162,Bobby Portis,25,MIL,C,66,7,1372,0,0,0,19,81,5.3,-0.5,15,17,75,10,33,3,183,9,42,6MOY-9,portibo01
163,Kemba Walker,30,BOS,PG,43,43,1369,100,0,0,0,0,2.5,2.6,55,24,32,2,58,29,514,15,49,,walkeke02
164,Rudy Gay,34,SAS,PF,63,1,1358,0,0,3,88,9,4.4,10.1,28,24,59,7,45,4,208,8,21,,gayru01
165,P.J. Tucker,35,2TM,PF,52,33,1356,0,0,7,74,20,-5.7,-1.9,13,6,61,12,6,22,157,1,8,,tuckepj01
166,Robin Lopez,32,WAS,C,71,9,1354,0,0,0,0,100,-1.8,0.0,13,20,62,24,57,8,135,17,26,,lopezro01
167,Bryn Forbes,27,MIL,SG,70,10,1354,40,58,2,0,0,2.2,-5.5,12,6,40,11,22,1,115,6,22,,forbebr01
168,Bismack Biyombo,28,CHO,C,66,36,1349,0,0,0,0,100,-8.2,-9.8,27,11,70,21,43,4,187,10,30,,biyombi01
169,Josh Hart,25,NOP,SF,47,4,1349,0,9,86,5,0,0.1,1.1,24,13,49,6,39,7,264,10,25,,hartjo01
170,Naz Reid,21,MIN,C,70,15,1347,0,0,0,12,88,-10.7,-8.7,22,27,116,12,89,15,177,24,31,,reidna01
171,Terrence Ross,29,ORL,SG,46,2,1347,15,65,20,1,0,-8.4,0.8,38,19,37,9,55,3,259,13,28,,rosste01
172,Maxi Kleber,29,DAL,PF,50,40,1341,0,0,0,85,15,4.9,4.3,13,9,53,8,11,9,172,1,5,,klebima01
173,Andre Iguodala,37,MIA,SF,63,5,1339,0,24,58,18,0,-1.6,-2.7,44,8,54,5,13,10,349,2,2,,iguodan01
174,Goran Dragić,34,MIA,PG,50,11,1337,67,33,0,0,0,0.8,1.3,72,22,45,15,41,9,535,8,23,,dragigo01
175,Kent Bazemore,31,GSW,SF,67,18,1333,0,39,43,17,1,6.7,9.5,40,24,75,9,35,19,261,8,14,,bazemke01
176,Kristaps Porziņģis,25,DAL,C,43,43,1327,0,0,0,0,100,-0.7,-4.9,20,14,77,7,68,5,172,16,32,,porzikr01
177,Christian Wood,25,HOU,C,41,41,1326,0,0,0,1,100,-4.0,6.5,34,21,52,10,97,12,178,28,28,,woodch01
178,Svi Mykhailiuk,23,2TM,SF,66,14,1324,5,51,44,1,0,-8.2,-0.5,38,29,22,8,17,9,268,3,28,,mykhasv01
179,Derrick Jones Jr.,23,POR,SF,58,43,1318,1,10,87,2,0,-0.1,-3.3,18,6,72,6,42,9,120,8,16,,jonesde02
180,Lauri Markkanen,23,CHI,PF,51,26,1317,0,0,2,47,51,-2.4,-2.5,26,16,45,8,45,6,110,15,26,,markkla01
181,Tomáš Satoranský,29,CHI,SG,58,18,1307,3,44,45,8,0,0.3,1.7,70,17,46,5,37,13,642,14,15,,satorto01
182,Bogdan Bogdanović,28,ATL,SG,44,27,1305,0,28,70,2,0,4.2,2.6,28,15,42,5,16,6,357,2,19,,bogdabo01
183,Talen Horton-Tucker,20,LAL,SG,65,4,1304,1,27,63,9,0,1.3,-2.0,50,25,54,16,63,13,419,19,33,,hortota01
184,Matisse Thybulle,23,PHI,SG,65,8,1298,24,55,19,2,0,6.7,1.6,18,6,60,3,9,9,151,4,3,DPOY-11DEF2,thybuma01
185,John Wall,30,HOU,PG,40,40,1288,96,4,0,0,0,-6.3,2.8,89,42,27,6,106,8,686,26,42,,walljo01
186,Tristan Thompson,29,BOS,C,54,43,1287,0,0,0,29,71,0.9,0.0,19,15,68,14,51,2,165,15,31,,thomptr01
187,Derrick Rose,32,2TM,PG,50,3,1279,100,0,0,0,0,5.2,6.6,45,25,30,3,62,10,520,10,31,MVP-96MOY-3,rosede01
188,Cole Anthony,20,ORL,PG,47,34,1273,91,9,0,0,0,-12.1,-5.0,58,38,46,6,52,13,457,13,49,,anthoco01
189,Payton Pritchard,23,BOS,SG,66,4,1268,42,54,5,0,0,0.3,-1.0,25,10,48,3,21,6,286,3,21,,pritcpa01
190,Terance Mann,24,LAC,SG,67,10,1263,5,65,28,2,0,3.4,-5.0,10,13,52,8,39,7,262,8,34,,mannte01
191,Grayson Allen,25,MEM,SG,50,38,1259,3,86,11,0,0,0.7,-1.1,29,8,37,6,28,11,258,5,18,,allengr01
192,Evan Fournier,28,2TM,SF,42,36,1259,1,22,69,7,0,-1.8,4.4,35,27,51,4,58,7,352,17,28,,fournev01
193,Deni Avdija,20,WAS,SF,54,32,1257,0,1,73,27,0,-2.5,-1.1,17,7,82,3,21,7,145,6,16,,avdijde01
194,Alec Burks,29,NYK,SG,49,5,1255,1,27,73,1,0,5.2,4.2,33,9,52,2,49,8,260,12,31,,burksal01
195,DeAndre Jordan,32,BRK,C,57,43,1246,0,0,0,0,100,-0.8,-8.9,26,29,68,19,45,3,217,12,6,,jordade01
196,Immanuel Quickley,21,NYK,PG,64,3,1243,61,39,0,0,0,6.8,6.6,27,14,42,6,58,4,310,14,25,,quickim01
197,Andre Drummond,27,2TM,C,46,46,1242,0,0,0,3,97,-4.0,-0.2,52,34,62,27,106,9,217,30,68,,drumman01
198,Luke Kennard,24,LAC,SG,63,17,1232,28,61,11,0,0,0.4,-9.5,26,14,44,1,14,2,264,7,12,,kennalu01
199,Sterling Brown,25,HOU,SG,51,14,1229,4,42,52,2,0,-6.1,3.1,26,9,58,3,12,2,178,3,16,,brownst02
200,Hamidou Diallo,22,2TM,SF,52,9,1226,11,38,48,3,0,-7.8,1.2,31,16,57,16,101,7,248,26,33,,diallha01
201,Tyus Jones,24,MEM,PG,70,9,1222,100,0,0,0,0,-3.0,-6.6,39,6,10,3,21,5,618,3,14,,jonesty01
202,Danilo Gallinari,32,ATL,PF,51,4,1222,0,0,0,64,36,2.7,0.2,19,11,54,6,66,6,188,8,21,,gallida01
203,Alex Caruso,26,LAL,PG,58,6,1216,100,0,0,0,0,4.7,3.2,54,14,54,5,36,32,383,7,23,,carusal01
204,Malik Beasley,24,MIN,SG,37,36,1214,1,91,8,0,0,-7.3,-2.9,20,25,30,7,37,3,212,11,29,,beaslma01
205,Dean Wade,24,CLE,PF,63,19,1212,0,0,12,74,14,-9.8,-2.1,17,10,55,1,14,5,176,6,9,,wadede01
206,Markieff Morris,31,LAL,PF,61,27,1200,0,0,0,93,7,0.1,-3.9,26,14,48,9,22,10,179,5,7,,morrima02
207,Josh Okogie,22,MIN,SG,59,37,1197,0,49,46,4,0,-5.9,-0.7,25,8,59,2,48,28,149,10,22,,okogijo01
208,Dwight Howard,35,PHI,C,69,6,1196,0,0,0,1,99,-2.2,-11.9,27,18,82,50,96,2,138,22,25,,howardw01
209,Monte Morris,25,DEN,PG,47,13,1196,69,31,0,0,0,5.9,1.6,22,8,25,2,27,2,376,6,23,,morrimo01
210,D'Angelo Russell,24,MIN,PG,42,26,1196,51,49,0,0,0,-7.4,-3.0,75,27,27,6,58,10,586,11,18,,russeda01
211,Blake Griffin,31,2TM,PF,46,30,1186,0,0,1,78,21,2.1,2.5,29,15,52,9,51,28,353,14,14,,griffbl01
212,Shai Gilgeous-Alexander,22,OKC,SG,35,35,1180,7,31,62,1,0,-7.9,4.4,59,31,29,7,87,4,523,21,40,,gilgesh01
213,Aaron Holiday,24,IND,PG,66,8,1176,100,0,0,0,0,-0.2,-0.2,39,16,36,4,33,12,295,2,32,,holidaa01
214,Paul Millsap,35,DEN,PF,56,36,1162,0,0,2,78,20,4.4,-0.6,24,16,66,7,45,10,240,13,26,,millspa01
215,Anthony Davis,27,LAL,PF,36,36,1162,0,0,0,91,10,4.9,3.4,29,29,33,6,81,6,266,18,24,AS,davisan02
216,Kevon Looney,24,GSW,C,61,34,1161,0,0,0,0,100,6.5,8.4,11,8,77,12,20,4,296,4,14,,looneke01
217,Kevin Durant,32,BRK,PF,35,32,1157,0,0,0,55,45,11.7,10.3,70,33,39,7,91,4,457,23,25,AS,duranke01
218,Georges Niang,27,UTA,PF,72,10,1154,0,0,6,94,0,14.9,8.0,25,11,49,9,10,3,139,1,10,,niangge01
219,Jarred Vanderbilt,21,MIN,PF,64,30,1139,0,0,0,75,25,-1.3,6.1,21,19,57,6,49,11,188,12,35,,vandeja01
220,Grant Williams,22,BOS,PF,63,9,1138,0,0,9,83,7,-1.9,-4.2,25,14,62,13,16,14,166,5,15,,willigr01
221,Chuma Okeke,22,ORL,PF,45,19,1133,0,2,21,77,0,-6.4,3.8,24,8,31,0,19,5,243,5,15,,okekech01
222,Wesley Matthews,34,LAL,SG,58,10,1130,8,63,29,1,0,2.0,-0.9,20,4,42,1,14,23,129,2,3,,matthwe02
223,D.J. Augustin,33,2TM,PG,57,12,1129,100,0,0,0,0,-2.9,-3.9,41,14,18,6,31,10,444,3,27,,augusdj01
224,JaMychal Green,30,DEN,PF,58,5,1120,0,0,10,79,12,3.7,-1.6,19,8,82,16,30,1,133,9,27,,greenja01
225,Marvin Bagley III,21,SAC,PF,43,42,1112,0,0,0,69,31,-3.2,0.6,12,20,57,15,69,18,106,12,42,,baglema01
226,Juan Toscano-Anderson,27,GSW,SG,53,16,1107,0,40,47,12,1,3.8,4.3,29,15,54,13,13,11,367,5,13,,toscaju01
227,Anfernee Simons,21,POR,SG,64,0,1104,62,38,0,0,0,0.4,-2.2,21,14,52,3,25,3,232,3,17,,simonan01
228,Larry Nance Jr.,28,CLE,PF,35,27,1091,0,1,13,84,2,-6.5,2.8,29,14,34,7,17,5,256,1,12,,nancela02
229,Aleksej Pokusevski,19,OKC,PF,45,28,1090,0,0,1,82,17,-17.3,-9.6,48,29,45,4,18,1,232,2,10,,pokusal01
230,PJ Dozier,24,DEN,SG,50,6,1088,6,53,36,4,0,10.1,7.6,20,17,44,4,35,10,222,10,25,,doziepj01
231,Xavier Tillman Sr.,22,MEM,PF,59,12,1085,0,0,5,56,39,2.2,1.2,25,9,83,6,29,1,183,13,23,,tillmxa01
232,Victor Oladipo,28,3TM,SG,33,33,1080,10,65,24,0,0,-3.6,1.8,41,27,32,8,58,21,373,14,39,,oladivi01
233,Gary Harris,26,2TM,SG,39,38,1080,1,79,20,0,0,-4.1,-2.9,20,8,40,3,35,5,194,8,25,,harriga01
234,Cameron Payne,26,PHO,PG,60,1,1079,92,8,0,0,0,8.7,3.7,37,11,43,3,23,22,534,3,15,,payneca01
235,Damion Lee,28,GSW,SG,57,1,1079,0,61,36,3,0,0.9,0.0,17,6,41,5,14,16,178,5,3,,leeda03
236,Terence Davis,23,2TM,SG,61,4,1074,5,48,46,1,0,-2.6,-0.4,35,16,44,6,27,2,202,9,30,,daviste02
237,KJ Martin,20,HOU,SF,45,8,1068,0,3,40,48,9,-11.9,-5.5,11,15,55,8,44,2,125,8,25,,martike04
238,Derrick White,26,SAS,SG,36,32,1064,13,70,17,0,0,4.9,9.4,26,12,45,1,51,29,289,12,29,,whitede01
239,Furkan Korkmaz,23,PHI,SG,55,11,1062,0,16,55,28,1,6.9,1.8,31,9,35,1,33,9,195,6,11,,korkmfu01
240,Devin Vassell,20,SAS,SF,62,7,1056,1,46,52,1,0,-2.5,-1.1,11,3,51,0,26,3,138,7,7,,vassede01
241,Brad Wanamaker,31,2TM,PG,61,0,1053,70,30,1,0,0,-5.0,-5.3,35,18,39,6,48,8,431,15,35,,wanambr01
242,Timothé Luwawu-Cabarrot,25,BRK,SF,58,7,1050,0,6,59,34,0,-0.4,-7.7,22,14,56,3,20,6,167,4,15,,luwawti01
243,De'Anthony Melton,22,MEM,PG,52,1,1045,12,87,1,0,0,6.0,6.7,35,21,46,6,24,0,307,6,23,,meltode01
244,James Johnson,33,2TM,PF,51,12,1043,0,1,20,78,1,-5.8,-7.8,20,18,70,10,38,3,238,11,15,,johnsja01
245,Derrick Favors,29,UTA,C,68,0,1039,0,0,0,2,98,1.3,-11.7,18,4,101,9,37,2,124,12,16,,favorde01
246,Garrison Mathews,24,WAS,SG,64,24,1038,2,20,73,4,0,-5.5,-5.2,5,4,54,1,32,43,65,5,9,,mathega01
247,Denzel Valentine,27,CHI,SG,62,3,1036,7,36,50,7,0,2.0,4.0,23,6,38,3,5,2,257,2,14,,valende01
248,Wayne Ellington,33,DET,SG,46,31,1012,0,90,10,0,0,-4.2,0.5,25,5,24,2,8,4,158,2,7,,ellinwa01
249,Nickeil Alexander-Walker,22,NOP,SG,46,13,1007,3,86,12,0,0,-2.5,-2.7,41,15,47,3,29,11,233,9,34,,alexani01
250,Stanley Johnson,24,TOR,PF,61,13,1006,0,1,37,55,7,-6.2,-7.7,29,9,51,12,27,5,220,7,15,,johnsst04
251,Cody Zeller,28,CHO,C,48,21,1005,0,0,0,0,100,1.0,4.5,22,14,57,13,59,13,212,14,30,,zelleco01
252,Marc Gasol,36,LAL,C,52,42,993,0,0,0,0,100,3.8,1.7,38,4,61,10,20,7,252,8,5,,gasolma01
253,Tony Snell,29,ATL,SG,47,23,992,0,45,54,1,0,3.7,1.5,13,3,41,2,6,1,147,2,8,,snellto01
254,Jordan Poole,21,GSW,SG,51,7,988,28,55,14,3,0,-0.1,-1.4,20,18,41,3,53,6,241,12,17,,poolejo01
255,James Ennis III,30,ORL,SF,41,37,986,3,30,51,16,0,-3.5,7.6,12,13,40,7,40,12,142,9,19,,ennisja01
256,Robert Williams,23,BOS,C,52,13,985,0,0,0,8,92,0.3,-0.9,28,9,72,9,37,1,233,11,8,,williro04
257,Aron Baynes,34,TOR,C,53,31,980,0,0,0,0,100,-4.9,-5.9,13,9,57,18,20,13,116,4,15,,baynear01
258,Alex Len,27,2TM,C,64,42,979,0,0,0,0,100,-4.8,-3.7,15,17,81,17,62,1,123,10,20,,lenal01
259,DeAndre' Bembry,26,TOR,SF,51,12,972,4,41,52,3,0,0.7,2.0,41,22,30,2,34,9,263,7,21,,bembrde01
260,Dwight Powell,29,DAL,C,58,19,966,0,0,0,14,87,4.0,2.4,9,10,72,16,51,14,152,9,16,,poweldw01
261,Jaxson Hayes,20,NOP,C,60,3,964,0,0,0,9,91,-1.0,-0.6,14,8,57,11,64,5,85,17,20,,hayesja02
262,Serge Ibaka,31,LAC,C,41,39,955,0,0,0,0,100,7.8,1.8,13,12,40,11,28,2,185,9,11,,ibakase01
263,Semi Ojeleye,26,BOS,PF,56,15,950,0,0,3,94,3,0.3,-0.9,8,2,34,4,15,11,86,4,10,,ojelese01
264,Jeff Teague,32,2TM,PG,55,7,950,91,9,0,0,0,2.1,-0.4,41,19,28,2,50,2,311,9,17,,teaguje01
265,Rodney Hood,28,2TM,SF,55,5,942,1,25,66,8,0,-6.4,-9.4,17,10,37,7,15,6,140,4,8,,hoodro01
266,Jordan McLaughlin,24,MIN,PG,51,2,938,100,0,0,0,0,-6.4,-1.4,34,13,23,2,6,13,461,1,24,,mclaujo01
267,Taj Gibson,35,NYK,C,45,3,936,0,0,0,3,98,7.9,7.4,12,5,50,4,24,9,86,4,14,,gibsota01
268,Tyrese Maxey,20,PHI,SG,61,8,935,42,47,11,0,0,-2.1,-10.6,22,11,47,2,37,2,291,13,25,,maxeyty01
269,Danuel House Jr.,27,HOU,SF,36,23,932,0,0,25,61,14,-12.1,-5.5,19,8,40,5,32,8,180,8,11,,houseda01
270,Malachi Flynn,22,TOR,PG,47,14,928,100,0,0,0,0,-5.3,-6.2,24,11,34,4,23,3,336,9,13,,flynnma01
271,Ish Smith,32,WAS,PG,44,1,924,100,0,0,0,0,2.4,5.7,24,12,33,2,15,20,416,3,10,,smithis01
272,Moses Brown,21,OKC,C,43,32,920,0,0,0,0,100,-19.1,-11.3,5,14,55,11,61,2,23,14,28,,brownmo01
273,Trey Burke,28,DAL,PG,62,1,911,99,1,0,0,0,0.6,-2.2,22,4,33,3,22,9,203,4,17,,burketr01
274,Damyean Dotson,26,CLE,SG,46,7,907,33,47,20,1,0,-11.9,-4.8,25,9,21,4,17,2,215,3,14,,dotsoda01
275,Willie Cauley-Stein,27,DAL,C,53,16,906,0,0,0,15,85,7.9,7.6,15,7,85,5,37,8,86,6,12,,caulewi01
276,Taurean Prince,26,2TM,PF,41,10,905,0,1,46,53,0,-5.3,0.1,27,10,37,5,30,10,173,7,15,,princta02
277,Ben McLemore,27,2TM,SG,53,5,905,53,43,4,0,0,-5.1,-1.6,23,12,47,6,19,2,93,4,16,,mclembe01
278,Kira Lewis Jr.,19,NOP,PG,54,0,904,100,0,0,0,0,0.7,1.8,21,3,56,1,20,12,292,2,26,,lewiski01
279,Jalen McDaniels,23,CHO,SF,47,18,904,0,0,65,35,0,-9.0,-9.2,17,10,44,7,33,6,135,9,23,,mcdanja01
280,Juancho Hernangómez,25,MIN,PF,52,6,900,0,0,23,77,0,-4.3,1.5,10,4,20,4,49,1,88,12,19,,hernaju01
281,R.J. Hampton,19,2TM,SG,51,1,888,17,70,13,0,0,-13.6,-9.5,32,14,28,4,37,2,210,6,19,,hamptrj01
282,Jusuf Nurkić,26,POR,C,37,37,880,0,0,0,0,100,7.3,7.3,34,14,56,19,57,7,302,15,30,,nurkiju01
283,Malik Monk,22,CHO,SG,42,0,878,5,66,29,0,0,0.5,3.5,37,9,24,6,31,3,207,9,19,,monkma01
284,Dario Šarić,26,PHO,C,50,4,871,0,0,0,19,82,11.4,7.1,23,17,59,9,44,9,156,7,30,,saricda01
285,Sekou Doumbouya,20,DET,PF,56,11,869,0,0,0,93,6,-7.0,-3.3,9,14,29,11,32,3,112,6,29,,doumbse01
286,Edmond Sumner,25,IND,SG,53,24,861,17,54,29,0,0,-1.4,-1.9,29,11,40,4,47,4,123,12,16,,sumneed01
287,Mitchell Robinson,22,NYK,C,31,29,853,0,0,0,0,100,-1.7,-5.5,1,10,52,13,28,2,38,5,13,,robinmi01
288,Mike Scott,32,PHI,PF,51,12,852,0,0,3,90,7,-0.3,-7.8,9,5,37,3,5,5,100,1,8,,scottmi01
289,Cody Martin,25,CHO,SF,52,10,849,0,21,76,3,0,1.1,4.3,20,11,23,4,25,11,207,7,16,,martico01
290,Willy Hernangómez,26,NOP,C,47,12,846,0,0,0,1,99,-0.1,0.6,14,8,36,7,44,4,120,11,26,,hernawi01
291,Austin Rivers,28,2TM,SG,36,7,845,19,79,1,0,0,0.9,-3.1,15,9,26,6,12,9,197,1,14,,riverau01
292,Trevor Ariza,35,MIA,SF,30,27,841,0,0,3,96,1,3.1,4.0,10,4,23,4,18,10,133,1,9,,arizatr01
293,Chasson Randle,27,ORL,PG,41,5,837,94,6,0,0,0,-14.2,-6.9,29,9,38,3,22,5,175,4,13,,randlch01
294,James Wiseman,19,GSW,C,39,27,836,0,0,0,0,100,-10.2,-14.6,12,16,84,15,40,4,65,10,21,,wisemja01
295,Kevin Porter Jr.,20,HOU,SG,26,23,835,30,59,11,0,0,-13.0,-6.5,51,31,22,5,41,3,386,7,26,,porteke02
296,Patrick Beverley,32,LAC,PG,37,34,832,79,21,0,0,0,9.1,3.3,21,1,43,7,13,11,186,1,10,,beverpa01
297,Caleb Martin,25,CHO,SF,53,3,818,1,39,56,4,0,-4.9,-3.6,18,7,32,3,31,17,164,8,15,,martica02
298,Torrey Craig,30,2TM,SF,50,8,803,0,2,52,45,0,-2.5,-9.7,8,6,43,5,9,5,118,0,11,,craigto01
299,Michael Carter-Williams,29,ORL,SG,31,25,800,71,28,1,0,0,-2.7,8.1,33,23,30,8,40,28,311,14,21,,cartemi01
300,Daniel Gafford,22,2TM,C,54,11,791,0,0,0,14,86,3.6,5.6,12,17,71,7,50,12,66,13,12,,gaffoda01
301,Eric Gordon,32,HOU,SG,27,13,789,44,53,3,0,0,-4.7,4.4,24,13,23,8,50,0,173,10,19,,gordoer01
302,Ty Jerome,23,OKC,SG,33,1,788,47,48,5,0,0,-8.9,2.5,27,7,33,3,14,4,290,1,10,,jeromty01
303,Al Horford,34,OKC,C,28,28,782,0,0,0,5,95,-6.0,6.2,11,6,28,6,10,1,228,6,10,,horfoal01
304,Saben Lee,21,DET,PG,48,7,781,100,0,0,0,0,-5.4,-1.1,39,13,36,0,40,11,422,8,25,,leesa01
305,Maurice Harkless,27,2TM,SF,37,23,772,0,1,58,42,0,-2.0,1.6,13,5,50,1,21,2,107,3,9,,harklma01
306,Rajon Rondo,34,2TM,PG,45,3,770,91,9,0,0,0,1.2,-3.7,56,15,12,4,6,6,496,1,17,,rondora01
307,Mychal Mulder,26,GSW,PG,60,6,766,33,67,0,0,0,3.1,3.0,6,6,30,1,10,6,65,1,5,,muldemy01
308,Jeremy Lamb,28,IND,SG,36,8,765,1,29,56,14,0,-0.3,-0.3,10,7,38,3,36,9,126,6,11,,lambje01
309,Jaylen Nowell,21,MIN,SG,42,0,759,23,63,14,0,0,-6.3,-1.1,14,9,42,0,24,5,154,5,16,,nowelja01
310,Drew Eubanks,23,SAS,C,54,3,755,0,0,0,2,98,-5.4,-4.7,11,10,56,16,43,6,97,10,19,,eubandr01
311,Cam Reddish,21,ATL,SF,26,21,750,0,27,72,1,0,-3.0,-7.1,12,14,34,4,39,4,83,4,22,,reddica01
312,Frank Jackson,22,DET,PG,40,6,738,39,61,1,0,0,-0.6,5.0,12,6,27,6,32,8,90,8,16,,jacksfr01
313,Precious Achiuwa,21,MIA,PF,61,4,737,0,0,0,42,58,-6.3,-8.0,14,13,48,14,59,6,79,10,32,,achiupr01
314,Mo Bamba,22,ORL,C,46,5,725,0,0,0,0,100,-13.4,-5.6,10,12,57,10,34,3,84,9,18,,bambamo01
315,Yuta Watanabe,26,TOR,SF,50,4,723,0,10,51,38,1,-2.8,-2.6,7,7,36,0,13,6,96,3,9,,watanyu01
316,JJ Redick,36,2TM,SG,44,0,723,14,82,3,0,0,-1.4,-1.9,17,8,29,6,19,14,113,7,8,,redicjj01
317,Moritz Wagner,23,3TM,C,45,24,722,0,0,0,15,85,-8.5,-4.3,13,9,53,14,38,20,125,7,19,,wagnemo01
318,Jevon Carter,25,PHO,PG,60,1,717,18,80,2,0,0,3.9,-2.7,9,4,30,1,4,3,177,2,7,,carteje01
319,Frank Kaminsky,27,PHO,C,47,13,715,0,0,0,0,100,4.3,-2.3,13,6,43,1,31,7,188,6,21,,kaminfr01
320,DeMarcus Cousins,30,2TM,C,41,11,713,0,0,0,0,100,-4.1,0.0,30,16,56,12,33,10,187,9,22,,couside01
321,Naji Marshall,23,NOP,SF,32,10,700,0,14,78,7,0,-2.5,-2.5,23,7,37,1,36,3,199,7,14,,marshna01
322,Eric Paschall,24,GSW,PF,40,2,695,0,0,2,33,65,-6.7,-9.4,9,17,33,13,51,3,139,16,25,,pascher01
323,Tyler Johnson,28,BRK,SG,39,3,684,12,66,19,3,0,4.8,-0.2,12,4,26,0,7,8,112,0,6,,johnsty01
324,Tony Bradley,23,2TM,C,42,8,684,0,0,0,5,95,-1.6,2.5,8,9,32,13,27,0,82,3,18,,bradlto01
325,Obi Toppin,22,NYK,PF,62,0,683,0,0,0,99,1,2.8,0.3,9,5,32,6,14,3,77,4,11,,toppiob01
326,David Nwaba,28,HOU,SF,30,9,679,0,9,44,40,7,-1.3,8.4,5,9,27,1,37,13,79,12,26,,nwabada01
327,De'Andre Hunter,23,ATL,SF,23,19,678,0,3,67,30,0,6.0,4.2,6,15,26,4,35,10,109,3,8,,huntede01
328,JaVale McGee,33,2TM,C,46,2,678,0,0,0,0,100,-4.5,0.4,27,10,59,16,29,2,89,5,13,,mcgeeja01
329,LaMarcus Aldridge,35,2TM,C,26,23,674,0,0,0,2,98,-3.4,-3.6,13,4,34,6,23,0,124,2,9,,aldrila01
330,George Hill,34,2TM,PG,30,17,672,97,3,0,0,0,0.1,3.9,17,11,12,0,20,8,176,7,12,,hillge01
331,Killian Hayes,19,DET,PG,26,18,670,56,44,1,0,0,-9.0,-5.6,51,20,24,2,5,5,333,1,12,,hayeski01
332,Aaron Nesmith,21,BOS,SF,46,1,669,0,21,61,18,0,-0.3,-1.5,10,7,48,1,9,6,54,1,12,,nesmiaa01
333,Gabe Vincent,24,MIA,PG,50,7,655,58,41,1,0,0,-4.8,-5.9,17,8,33,5,10,17,159,3,14,,vincega01
334,Gary Clark,26,3TM,SF,39,11,654,0,3,42,55,0,-8.4,0.4,13,0,26,0,4,4,76,2,5,,clarkga01
335,Mike Muscala,29,OKC,C,35,0,645,0,0,0,0,100,-1.0,12.1,10,6,37,2,14,3,67,6,6,,muscami01
336,Nassir Little,20,POR,PF,48,2,640,0,2,82,15,1,-2.8,-5.8,5,8,31,2,21,2,61,6,8,,littlna01
337,Jake Layman,26,MIN,SF,45,11,627,0,2,60,38,0,-7.6,-2.7,11,8,22,5,22,5,66,7,16,,laymaja01
338,Kevin Love,32,CLE,PF,25,25,622,0,0,0,79,22,-5.0,4.1,26,11,14,0,19,1,146,4,12,,loveke01
339,Brandon Goodwin,25,ATL,PG,47,5,620,92,8,0,0,0,-2.8,-6.5,18,11,13,5,13,3,229,3,19,,goodwbr01
340,Otto Porter Jr.,27,2TM,SF,28,6,606,0,2,44,53,0,-2.8,-1.7,15,5,20,3,14,1,129,5,5,,porteot01
341,Avery Bradley,30,2TM,SG,27,6,602,49,47,4,0,0,-9.9,-5.3,19,6,21,2,6,3,110,1,9,,bradlav01
342,Onyeka Okongwu,20,ATL,C,50,4,601,0,0,0,10,90,-5.7,-10.0,6,7,63,14,28,2,47,7,15,,okongon01
343,Nemanja Bjelica,32,2TM,PF,37,3,595,0,0,0,74,26,-6.5,-4.4,11,10,25,8,19,0,169,5,10,,bjeline01
344,Nic Claxton,21,BRK,C,32,1,594,0,0,0,1,99,13.6,10.4,6,7,39,4,37,3,68,10,11,,claxtni01
345,Patrick Patterson,31,LAC,PF,38,5,582,0,0,3,53,45,1.6,-6.0,4,2,22,3,7,3,74,1,6,,pattepa01
346,Justin Jackson,25,2TM,SF,34,3,577,0,31,58,11,0,-4.1,6.8,19,7,14,4,15,7,131,3,6,,jacksju01
347,John Konchar,24,MEM,SG,43,0,575,8,57,35,0,0,1.5,0.2,13,3,25,2,10,2,123,0,12,,konchjo01
348,Nicolò Melli,30,2TM,PF,45,4,566,0,0,0,83,17,2.6,1.6,4,3,36,2,8,1,112,2,7,,mellini01
349,Goga Bitadze,21,IND,C,45,3,561,0,0,0,0,100,-1.1,-1.3,5,1,58,5,28,0,85,4,15,,bitadgo01
350,Isaiah Hartenstein,22,2TM,C,46,2,559,0,0,0,0,100,0.4,2.5,17,4,47,18,33,7,130,9,14,,harteis01
351,Gorgui Dieng,31,2TM,C,38,1,552,0,0,0,0,100,-6.6,-7.4,10,7,32,9,32,3,111,7,7,,dienggo01
352,Thanasis Antetokounmpo,28,MIL,SF,57,3,551,0,8,60,32,1,3.3,-2.6,14,9,37,9,25,10,118,6,12,,antetth01
353,Damian Jones,25,3TM,C,39,10,547,0,0,0,1,99,-5.4,-4.8,6,6,42,12,28,3,75,6,8,,jonesda03
354,Hassan Whiteside,31,SAC,C,36,4,546,0,0,0,0,100,-8.4,-5.7,11,7,38,15,41,3,50,9,17,,whiteha01
355,Wes Iwundu,26,2TM,SF,41,4,539,0,26,58,16,0,-7.8,-9.5,9,5,28,1,13,5,42,4,12,,iwundwe01
356,Troy Brown Jr.,21,2TM,SF,34,0,524,0,25,69,6,0,1.5,3.1,12,4,23,4,12,4,70,7,7,,browntr01
357,Armoni Brooks,22,HOU,SG,20,5,520,58,40,2,0,0,-13.4,-6.2,11,3,20,3,5,0,75,0,6,,brookar01
358,Miye Oni,23,UTA,SG,54,0,519,9,49,41,0,0,9.0,-0.6,10,3,24,1,2,2,79,0,3,,onimi01
359,Oshae Brissett,22,IND,SF,21,16,519,0,1,40,41,19,5.5,6.6,2,6,26,1,32,2,47,5,6,,brissos01
360,Dylan Windler,24,CLE,SF,31,0,513,0,46,43,11,0,-5.4,3.6,21,7,20,2,11,2,80,2,7,,windldy01
361,Max Strus,24,MIA,SF,39,0,507,3,46,50,1,0,-4.9,-5.8,1,3,22,1,10,8,58,3,1,,strusma01
362,Justise Winslow,24,MEM,SF,26,1,507,0,13,61,26,0,-5.4,-7.9,18,10,21,4,15,5,116,1,6,,winslju01
363,Lamar Stevens,23,CLE,PF,40,0,499,0,9,39,50,2,-8.4,0.0,12,8,38,0,22,2,63,3,12,,stevela01
364,Jarrett Culver,21,MIN,SG,34,7,499,1,7,75,18,0,-11.0,-6.5,11,8,35,3,21,5,61,2,16,,culveja01
365,DaQuan Jeffries,23,2TM,SG,31,5,493,3,35,46,17,0,-5.3,0.7,7,2,28,2,5,5,56,2,8,,jeffrda01
366,Chimezie Metu,23,SAC,C,36,6,488,0,0,0,38,62,-6.0,-2.8,11,7,35,9,19,2,68,2,11,,metuch01
367,Javonte Green,27,2TM,SF,41,2,473,6,40,47,7,0,3.1,2.5,12,4,20,2,20,3,41,5,5,,greenja02
368,Kevin Knox,21,NYK,SF,42,0,464,0,0,59,40,1,-2.9,-6.2,7,3,25,2,12,2,46,4,6,,knoxke01
369,Ryan Arcidiacono,26,CHI,PG,44,0,450,93,7,0,0,0,0.9,1.9,6,2,17,2,9,19,130,4,3,,arcidry01
370,KZ Okpala,21,MIA,PF,37,9,447,0,0,23,78,0,-7.5,-8.6,6,3,24,4,9,2,48,3,9,,okpalkz01
371,Josh Green,20,DAL,SG,39,5,445,4,41,52,4,0,2.0,-0.3,9,5,15,1,14,5,70,5,8,,greenjo02
372,Langston Galloway,29,PHO,SG,40,0,438,15,57,27,1,0,2.9,-3.7,7,0,12,4,11,1,63,4,1,,gallola01
373,Tyler Cook,23,2TM,SF,32,1,438,0,0,1,76,23,-4.0,0.0,8,5,13,4,21,0,41,7,8,,cookty01
374,Al-Farouq Aminu,30,2TM,PF,23,14,434,0,0,36,64,0,-6.9,0.6,15,6,13,4,12,1,75,6,5,,aminual01
375,D.J. Wilson,24,2TM,PF,35,1,433,0,0,3,40,57,-11.7,-7.3,11,6,32,3,12,5,57,3,10,,wilsodj01
376,Isaac Bonga,21,WAS,SF,40,8,432,0,2,62,36,0,-1.5,0.4,9,4,29,2,4,9,52,2,1,,bongais01
377,Dennis Smith Jr.,23,2TM,PG,23,9,420,96,4,0,0,0,-2.1,2.4,14,8,16,2,6,1,182,1,12,,smithde03
378,Anthony Lamb,23,HOU,SF,24,3,415,0,1,12,63,24,-10.8,-3.1,10,5,15,2,9,5,59,1,7,,lamban01
379,Brodric Thomas,24,2TM,SG,32,1,399,22,68,9,0,0,-5.3,3.2,9,9,23,3,19,2,70,2,7,,thomabr01
380,Zeke Nnaji,20,DEN,PF,42,1,397,0,0,4,71,25,-7.9,-14.3,3,1,21,1,6,1,23,1,8,,nnajize01
381,Amir Coffey,23,LAC,SG,44,1,394,0,16,74,9,0,-2.4,-10.0,7,5,13,0,14,2,56,1,7,,coffeam01
382,Freddie Gillespie,23,TOR,PF,20,2,392,0,0,3,46,51,-10.2,-10.6,5,1,24,2,16,2,18,1,8,,gillefr01
383,E'Twaun Moore,31,PHO,SG,27,1,389,26,58,16,1,0,-0.4,-7.3,11,4,12,4,5,1,93,0,11,,mooreet01
384,Isaiah Joe,21,PHI,SG,41,1,383,59,39,2,0,0,-0.3,-6.7,7,3,14,1,6,15,46,0,2,,joeis01
385,Glenn Robinson III,27,SAC,SF,23,2,369,0,1,60,39,0,-16.1,-14.0,3,6,12,0,9,1,50,1,8,,robingl02
386,Nico Mannion,19,GSW,PG,30,1,364,98,2,0,0,0,-9.3,-11.3,18,5,19,1,12,5,168,2,7,,mannini01
387,Trey Lyles,25,SAS,PF,23,9,358,0,0,12,77,12,-14.7,-14.4,3,1,10,1,12,0,31,1,0,,lylestr01
388,Abdel Nader,27,PHO,SF,24,0,355,0,21,67,12,0,3.7,-2.8,4,4,16,7,19,4,44,4,7,,naderab01
389,Harry Giles,22,POR,C,38,0,348,0,0,0,0,100,-8.0,-11.1,9,6,33,5,10,2,73,3,8,,gilesha01
390,Luke Kornet,25,2TM,C,31,2,348,0,0,0,3,97,5.8,5.7,4,3,14,0,4,1,60,2,2,,kornelu01
391,Jahlil Okafor,25,DET,C,27,2,347,0,0,0,0,100,-10.3,-6.4,8,4,29,4,13,3,30,2,14,,okafoja01
392,Chandler Hutchison,24,2TM,SF,25,1,346,0,12,67,21,0,-6.3,-5.1,6,5,18,3,13,4,42,3,7,,hutchch01
393,Josh Hall,20,OKC,SF,21,1,336,5,48,47,1,0,-13.9,-3.4,7,10,26,3,24,0,68,4,10,,halljo01
394,Mason Jones,22,2TM,SG,32,1,334,33,56,7,5,0,-12.9,-6.4,19,2,13,2,29,0,101,6,5,,jonesma05
395,Shaquille Harrison,27,2TM,SG,34,0,333,1,62,36,0,0,-8.2,-14.5,3,2,15,2,9,0,66,2,9,,harrish01
396,Matt Thomas,26,2TM,SG,45,0,326,28,70,2,0,0,-10.1,-14.2,6,3,14,0,4,0,47,2,5,,thomama02
397,Kelan Martin,25,IND,SF,35,0,322,0,7,52,39,2,13.9,15.3,5,7,12,3,5,0,40,2,8,,martike03
398,Frank Ntilikina,22,NYK,PG,33,4,322,46,53,1,0,0,-1.5,-4.4,8,3,18,0,5,4,48,1,3,,ntilila01
399,Jaylen Hoard,21,OKC,SF,19,0,320,0,11,63,26,0,-8.9,2.1,9,5,12,0,22,1,52,3,14,,hoardja01
400,JaKarr Sampson,27,IND,PF,29,4,316,0,0,17,47,35,0.4,0.5,4,4,27,1,16,3,9,4,7,,sampsja02
401,Justin James,24,SAC,SF,36,0,310,1,10,69,20,0,-8.1,-4.9,6,6,11,1,18,2,51,2,9,,jamesju01
402,Luka Šamanić,21,SAS,PF,33,4,308,0,0,0,90,10,-5.6,-4.3,6,5,27,4,14,2,32,4,8,,samanlu01
403,Jerome Robinson,23,WAS,SG,17,6,305,13,78,9,0,0,-15.6,-15.1,13,3,19,1,10,9,59,3,5,,robinje01
404,Trent Forrest,22,UTA,PG,30,0,302,97,3,0,0,0,-5.8,-16.8,10,6,9,2,9,0,119,1,3,,forretr01
405,Ed Davis,31,MIN,C,23,7,299,0,0,0,0,100,-7.8,-2.6,1,0,36,6,6,2,53,0,8,,davised01
406,Paul Watson,26,TOR,SF,27,2,297,4,7,65,23,1,-1.8,-1.1,2,1,19,4,3,1,44,0,9,,watsopa01
407,Romeo Langford,21,BOS,SG,18,4,283,3,65,30,2,0,-10.9,-12.9,7,2,15,0,7,8,29,2,5,,langfro01
408,Vlatko Čančar,23,DEN,PF,41,1,281,0,4,48,34,15,-17.0,-23.8,8,3,10,0,6,1,34,3,5,,cancavl01
409,Mfiondu Kabengele,23,2TM,PF,39,0,280,0,0,0,39,61,-14.4,-11.5,5,4,25,3,11,1,41,2,3,,kabenmf01
410,Nathan Knight,23,ATL,PF,33,0,279,0,0,20,41,40,-3.2,-6.3,3,2,12,4,22,1,21,2,10,,knighna01
411,Carsen Edwards,22,BOS,SG,31,1,276,28,67,6,0,0,-5.2,-6.7,3,2,13,0,7,3,37,2,5,,edwarca01
412,Jordan Nwora,22,MIL,SF,30,2,274,0,0,24,73,3,1.0,-5.0,10,7,11,1,8,1,15,1,14,,nworajo01
413,Boban Marjanović,32,DAL,C,33,3,271,0,0,0,0,100,3.6,1.4,3,7,16,1,19,0,21,4,15,,marjabo01
414,Thomas Bryant,23,WAS,C,10,10,271,0,0,0,0,100,-3.3,-1.6,2,4,18,4,16,3,35,10,2,,bryanth01
415,Tre Jones,21,SAS,PG,37,1,269,92,8,0,0,0,-16.7,-16.2,8,4,7,0,10,1,89,1,8,,jonestr01
416,Skylar Mays,23,ATL,SG,33,0,269,33,64,3,0,0,2.4,-0.2,6,1,10,2,11,1,72,1,8,,mayssk01
417,Alfonzo McKinnie,28,LAL,SF,39,0,258,0,12,68,20,0,2.7,0.1,2,2,12,0,8,6,15,1,7,,mckinal01
418,Jaren Jackson Jr.,21,MEM,C,11,4,258,0,0,0,33,67,-12.3,-14.7,5,4,28,3,19,3,30,5,7,,jacksja02
419,Ignas Brazdeikis,22,3TM,SF,13,0,249,0,0,20,80,0,-5.6,2.8,3,3,13,4,5,1,38,0,8,,brazdig01
420,Justin Patton,23,HOU,C,13,6,247,0,0,0,0,100,-15.7,-8.3,4,0,27,0,2,0,36,0,4,,pattoju01
421,Keita Bates-Diop,25,SAS,SF,30,0,245,0,10,65,25,0,-8.2,-7.0,1,2,6,2,10,0,27,3,8,,bateske01
422,Wenyen Gabriel,23,NOP,PF,21,0,241,0,0,3,97,0,0.4,1.1,6,4,16,3,6,1,28,1,3,,gabriwe01
423,Tremont Waters,23,BOS,PG,26,3,238,100,0,0,0,0,-2.7,-3.9,24,3,6,0,6,0,144,0,5,,watertr01
424,Mike James,30,BRK,PG,13,1,236,100,0,0,0,0,3.2,-1.9,12,7,7,0,11,1,139,1,5,,jamesmi02
425,Kyle Guy,23,SAC,PG,31,0,235,100,0,0,0,0,-7.5,-4.2,7,2,10,1,7,2,74,2,5,,guyky01
426,Sam Merrill,24,MIL,SG,30,2,233,36,56,8,0,0,-6.9,-13.4,6,2,7,0,1,2,52,0,6,,merrisa01
427,Chris Chiozza,25,BRK,PG,22,1,232,100,0,0,0,0,5.4,0.5,12,2,9,1,6,1,151,1,8,,chiozch01
428,Bruno Fernando,22,ATL,C,33,0,226,0,0,0,0,100,-4.7,-7.8,6,5,15,6,9,0,23,2,8,,fernabr01
429,Matthew Dellavedova,30,CLE,PG,13,1,224,73,27,0,0,0,-2.7,6.1,5,1,7,0,1,1,140,0,5,,dellama01
430,Anthony Gill,28,WAS,PF,26,4,218,0,3,12,74,12,0.1,2.1,1,4,10,2,5,6,25,2,5,,gillan01
431,Sindarius Thornwell,26,2TM,SG,21,1,217,9,33,58,0,0,-1.2,5.0,2,3,6,1,1,2,51,0,3,,thornsi01
432,Markelle Fultz,22,ORL,PG,8,8,215,93,6,1,0,0,-4.9,4.3,9,6,10,3,8,1,103,5,7,,fultzma01
433,Gabriel Deck,25,OKC,PF,10,0,212,0,0,14,48,39,-12.6,-1.9,1,3,2,0,10,1,60,2,2,,deckga01
434,Reggie Perry,20,BRK,PF,26,0,211,0,0,5,23,72,-4.9,-10.5,7,4,25,3,6,1,32,2,11,,perryre01
435,Dewayne Dedmon,31,MIA,C,16,0,210,0,0,0,0,100,15.9,16.9,2,5,18,4,13,1,32,5,3,,dedmode01
436,Markus Howard,21,DEN,SG,37,1,205,48,47,6,0,0,-15.0,-21.2,14,2,8,0,2,1,42,1,8,,howarma02
437,Darius Miller,30,OKC,SF,18,0,197,28,49,24,0,0,8.2,20.2,2,3,5,0,6,0,51,2,0,,milleda01
438,Jordan Bone,23,ORL,PG,14,0,196,100,0,0,0,0,-15.8,-7.2,2,0,2,0,0,2,44,0,0,,bonejo01
439,Rodney McGruder,29,DET,SG,16,2,194,30,68,2,0,0,-2.3,2.3,1,3,7,1,4,2,38,2,1,,mcgruro01
440,CJ Elleby,20,POR,SF,30,0,192,0,48,46,6,0,-3.7,-5.9,3,2,21,0,7,2,24,1,2,,ellebcj01
441,Alize Johnson,24,BRK,PF,18,0,189,0,5,39,56,0,-2.0,-7.4,5,3,9,0,4,1,35,1,8,,johnsal02
442,Killian Tillie,22,MEM,C,18,1,182,0,0,0,28,72,9.0,8.1,0,2,14,0,6,0,19,1,3,,tilliki02
443,Donta Hall,23,ORL,PF,13,0,179,0,0,0,32,68,-2.3,7.0,5,1,12,2,14,2,29,4,2,,halldo01
444,Paul Reed,21,PHI,PF,26,0,177,0,0,8,54,38,9.7,4.3,3,5,14,1,4,0,29,2,11,,reedpa01
445,Jalen Harris,22,TOR,SG,13,2,172,32,64,4,0,0,0.3,1.1,10,3,11,0,5,0,44,1,7,,harrija01
446,Jabari Parker,25,2TM,PF,13,0,165,0,0,0,54,46,-6.4,-6.7,4,3,6,1,7,2,26,1,0,,parkeja01
447,Daniel Oturu,21,LAC,C,30,0,161,0,0,0,18,82,2.2,-4.6,4,0,16,2,6,2,23,0,13,,oturuda01
448,Bol Bol,21,DEN,PF,32,2,160,0,0,0,52,48,-23.1,-29.4,2,7,8,0,7,0,17,3,0,,bolbo01
449,Sean McDermott,24,MEM,SF,18,0,158,0,30,63,7,0,-17.5,-19.8,3,0,0,0,3,0,10,0,2,,mcderse01
450,Quinn Cook,27,2TM,PG,23,0,157,100,0,0,0,0,-1.5,2.6,5,2,6,0,4,0,44,2,7,,cookqu01
451,Jalen Smith,20,PHO,PF,27,1,156,0,0,0,73,28,-3.5,-10.1,2,2,10,2,3,0,10,1,1,,smithja04
452,Khyri Thomas,24,HOU,SG,5,2,153,7,84,9,0,0,4.5,13.2,4,1,4,1,3,2,63,0,1,,thomakh01
453,Charlie Brown Jr.,23,OKC,SG,9,1,152,60,39,1,0,0,-12.1,-1.3,1,3,9,0,5,3,20,1,2,,brownch02
454,Ersan İlyasova,33,UTA,PF,17,1,148,0,0,0,36,64,4.0,-5.8,3,2,16,2,1,3,10,0,4,,ilyaser01
455,Juwan Morgan,23,UTA,PF,29,0,147,0,0,0,29,71,-31.4,-42.8,2,0,15,2,2,0,23,1,2,,morgaju01
456,Mamadi Diakite,24,MIL,PF,14,1,141,0,0,0,13,87,5.4,-0.2,1,1,10,1,6,2,20,0,4,,diakima01
457,Jarrell Brantley,24,UTA,PF,28,0,138,0,1,44,51,4,-6.1,-16.2,3,2,14,1,1,0,41,0,4,,brantja01
458,Tacko Fall,25,BOS,C,19,0,136,0,0,0,0,100,11.6,11.1,1,2,14,2,8,0,9,1,3,,fallta01
459,Yogi Ferrell,27,2TM,PG,10,0,136,100,0,0,0,0,-0.7,-2.9,1,0,6,1,4,3,52,1,6,,ferreyo01
460,Deividas Sirvydis,20,DET,SG,20,0,133,0,45,56,0,0,-11.6,-7.4,1,1,5,1,2,0,14,0,2,,sirvyde01
461,Rodions Kurucs,22,3TM,PF,21,0,125,0,0,4,59,36,-0.2,2.5,7,5,8,1,0,0,25,0,2,,kurucro01
462,Dakota Mathias,25,PHI,SG,8,2,123,0,48,52,0,0,-12.7,-19.0,0,0,3,0,1,1,29,1,0,,mathida01
463,Quinndary Weatherspoon,24,SAS,SG,20,0,121,17,81,2,0,0,-23.9,-23.0,5,1,12,1,7,1,16,2,4,,weathqu01
464,T.J. Warren,27,IND,SF,4,4,117,0,2,75,23,0,1.3,1.4,0,3,7,1,7,2,13,4,2,,warretj01
465,Danté Exum,25,CLE,SG,6,3,116,3,45,52,0,0,4.5,13.4,4,1,4,0,1,4,26,0,0,,exumda01
466,Vernon Carey Jr.,19,CHO,C,19,4,115,0,0,0,0,100,-7.2,-5.2,2,1,7,2,4,1,4,1,3,,careyve01
467,Rondae Hollis-Jefferson,26,POR,PF,11,1,107,0,0,40,60,0,2.1,0.2,1,0,8,1,6,0,32,0,2,,holliro01
468,Robert Franks,24,ORL,PF,7,0,101,0,0,0,85,15,-14.4,-5.6,0,1,6,0,6,2,12,1,1,,frankro01
469,Anthony Tolliver,35,PHI,PF,11,0,99,0,0,0,43,58,13.5,8.1,2,0,2,1,2,2,5,0,0,,tollian01
470,Cassius Winston,22,WAS,PG,22,0,98,87,12,1,0,0,-23.8,-22.5,3,2,4,0,2,0,26,0,1,,winstca01
471,Devontae Cacok,24,LAL,PF,20,1,98,0,0,4,73,23,16.6,14.4,2,1,4,1,5,0,2,1,4,,cacokde01
472,Jahmi'us Ramsey,19,SAC,SG,13,0,94,29,70,1,0,0,-0.6,3.1,3,0,3,0,2,0,15,1,1,,ramseja01
473,Cassius Stanley,21,IND,SG,24,0,93,4,69,19,8,0,9.0,9.3,1,0,9,0,4,0,3,0,9,,stanlca01
474,Nate Hinton,21,DAL,SG,21,0,93,0,17,68,15,0,-29.2,-32.4,3,1,6,0,2,1,19,0,3,,hintona01
475,Chris Silva,24,2TM,PF,15,0,92,0,0,0,49,51,0.3,0.6,3,2,14,3,6,1,14,0,3,,silvach01
476,Karim Mané,20,ORL,PG,10,0,88,16,53,31,0,0,-12.4,-3.6,1,1,6,0,3,0,10,1,7,,maneka01
477,Justin Robinson,23,OKC,PG,9,0,88,100,0,0,0,0,-27.2,-16.8,1,1,6,0,2,2,22,1,0,,robinju01
478,Cameron Oliver,24,HOU,SF,4,0,87,0,0,0,5,95,-7.9,0.2,0,1,8,2,1,0,13,1,2,,oliveca01
479,Louis King,21,SAC,SF,6,1,85,0,0,44,56,0,-1.7,2.0,2,1,3,0,3,0,22,2,0,,kinglo02
480,Cristiano Felício,28,CHI,C,18,0,84,0,0,0,0,100,11.4,12.5,2,1,3,1,7,1,18,0,1,,feliccr01
481,Alen Smailagić,20,GSW,PF,15,1,84,0,0,0,20,80,-15.4,-16.7,4,1,7,0,1,0,9,0,2,,smailal01
482,Jay Scrubb,20,LAC,SG,4,1,84,0,11,75,13,0,1.2,-5.5,3,1,2,0,2,2,2,1,4,,scrubja01
483,Norvel Pelle,27,3TM,C,13,0,84,0,0,0,0,100,12.5,9.6,1,0,8,2,1,0,4,0,3,,pelleno01
484,Jordan Bell,26,2TM,C,6,1,82,0,0,0,52,48,-18.7,-17.6,2,1,6,0,0,1,17,0,3,,belljo01
485,Jared Dudley,35,LAL,PF,12,0,81,0,0,15,64,21,0.6,-2.1,2,0,3,0,0,0,13,0,1,,dudleja01
486,Frank Mason III,26,ORL,PG,4,1,79,100,0,0,0,0,-10.1,-1.1,4,0,3,1,4,0,25,1,5,,masonfr01
487,Thon Maker,23,CLE,C,8,0,76,0,0,7,44,49,-9.4,-1.0,1,0,3,2,5,0,9,1,1,,makerth01
488,Keljin Blevins,25,POR,SF,17,0,75,39,43,18,0,0,-18.4,-20.9,3,0,6,0,0,0,10,0,4,,blevike01
489,Jeremiah Martin,24,CLE,PG,9,0,75,100,0,0,0,0,-21.7,-13.6,3,2,0,0,2,1,10,0,5,,martije02
490,Devin Cannady,24,ORL,PG,8,0,74,100,0,0,0,0,-12.7,-3.8,0,2,3,0,1,0,3,0,0,,cannade01
491,Tyler Bey,22,DAL,SF,18,0,71,0,0,14,68,18,-27.1,-30.0,1,1,3,0,3,1,8,1,2,,beyty01
492,Rayjon Tucker,23,PHI,PG,14,0,68,100,0,0,0,0,-9.7,-15.6,2,2,4,0,7,5,14,1,3,,tuckera01
493,Elijah Hughes,22,UTA,SF,18,0,64,0,2,80,18,0,-26.0,-36.2,3,2,1,0,0,1,15,0,1,,hugheel01
494,Spencer Dinwiddie,27,BRK,SG,3,3,64,1,98,1,0,0,28.7,24.2,4,0,1,1,3,0,24,0,0,,dinwisp01
495,Nick Richards,23,CHO,PF,18,0,63,0,0,0,48,52,-14.0,-12.1,0,2,2,0,4,1,4,0,1,,richani01
496,Andre Roberson,29,BRK,SG,5,0,63,0,0,38,62,0,-12.7,-18.0,0,1,0,1,1,0,9,0,2,,roberan03
497,Tim Frazier,30,MEM,PG,5,0,62,100,0,0,0,0,4.5,3.2,4,0,3,0,0,0,39,0,2,,fraziti01
498,Axel Toupane,28,MIL,SF,8,1,61,1,64,33,3,0,1.6,-4.1,0,0,0,0,2,0,10,1,2,,toupaax01
499,Udoka Azubuike,21,UTA,C,15,0,57,0,0,0,0,100,-49.3,-59.8,1,0,7,1,5,0,0,0,1,,azubuud01
500,Kostas Antetokounmpo,23,LAL,PF,15,0,56,0,0,0,5,95,17.1,14.7,1,5,4,2,3,1,3,1,4,,antetko01
501,Adam Mokoka,22,CHI,SG,14,0,56,11,65,25,0,0,-4.5,-3.7,4,1,2,0,1,0,12,1,1,,mokokad01
502,Tyrell Terry,20,DAL,PG,11,0,56,100,0,0,0,0,-1.6,-3.9,2,0,2,0,0,1,13,0,0,,terryty01
503,Didi Louzada,21,NOP,SF,3,0,56,0,58,42,0,0,-11.9,-11.5,1,0,2,0,0,0,7,0,1,,louzama01
504,Jontay Porter,21,MEM,PF,11,0,54,0,0,0,81,19,2.7,1.4,5,1,7,1,2,0,2,0,0,,portejo01
505,Devon Dotson,21,CHI,PG,11,0,50,100,0,0,0,0,31.4,32.7,0,0,1,0,0,1,18,0,2,,dotsode01
506,Terrance Ferguson,22,PHI,SG,13,0,49,0,13,59,28,0,-17.1,-23.0,4,0,4,0,0,0,5,0,0,,fergute01
507,James Nunnally,30,NOP,SF,9,0,48,0,49,51,0,0,-7.4,-6.9,2,0,1,0,0,0,7,0,0,,nunnaja01
508,Isaiah Thomas,31,NOP,PG,3,0,48,100,0,0,0,0,5.8,6.4,4,1,1,0,1,2,10,0,1,,thomais02
509,Ty-Shon Alexander,22,PHO,SG,15,0,47,0,0,89,11,0,-5.0,-11.3,2,1,1,0,1,0,15,0,0,,alexaty01
510,Robert Woodard II,21,SAC,SF,13,0,45,0,0,12,75,14,10.2,14.1,1,0,4,0,4,0,4,0,0,,woodaro01
511,Kris Dunn,26,ATL,PG,4,0,45,42,51,7,0,0,-32.8,-35.8,0,3,2,0,2,0,6,0,2,,dunnkr01
512,Gary Payton II,28,GSW,PG,10,0,40,2,41,57,0,0,8.7,7.9,1,0,4,0,2,0,3,2,0,,paytoga02
513,Cameron Reynolds,25,2TM,SF,5,0,40,0,0,27,73,0,-31.7,-24.8,0,0,2,0,0,0,6,0,0,,reynoca01
514,Vincent Poirier,27,PHI,C,10,0,39,0,0,0,0,100,-19.8,-25.7,1,2,7,0,1,0,5,0,2,,poirivi01
515,Henry Ellenson,24,TOR,PF,2,0,38,0,0,0,69,31,9.8,10.6,0,0,6,0,2,1,12,0,1,,ellenhe01
516,Bruno Caboclo,25,HOU,PF,6,0,36,0,0,0,33,67,1.3,9.4,3,0,4,0,0,1,3,0,1,,cabocbr01
517,Anderson Varejão,38,CLE,C,5,0,36,0,0,0,0,100,-41.2,-33.2,0,1,3,0,3,0,8,1,3,,varejan01
518,T.J. Leaf,23,POR,PF,7,0,35,0,0,0,100,0,-25.0,-27.2,1,0,1,0,1,0,2,0,2,,leaftj01
519,Theo Pinson,25,NYK,SG,17,0,34,3,48,49,0,0,-11.9,-14.6,0,1,1,0,0,0,3,0,0,,pinsoth01
520,Patrick McCaw,25,TOR,SF,5,0,33,0,0,83,17,0,-28.1,-27.6,0,0,2,0,2,0,10,1,0,,mccawpa01
521,Elijah Bryant,25,MIL,SG,1,0,32,12,58,20,10,0,14.4,8.9,1,2,2,0,2,0,8,1,0,,bryanel01
522,Marques Bolden,22,CLE,C,6,0,29,0,0,0,85,15,8.9,17.5,0,1,0,0,0,0,0,0,0,,boldema01
523,Amida Brimah,26,IND,C,5,0,29,0,0,0,6,94,37.6,38.0,2,0,2,1,2,0,2,1,0,,brimaam01
524,Meyers Leonard,28,MIA,C,3,2,29,0,0,0,0,100,-6.8,-6.9,2,0,5,0,0,0,6,0,0,,leoname01
525,Grant Riller,23,CHO,PG,7,0,27,100,0,0,0,0,-15.9,-13.8,0,1,0,0,0,1,7,0,0,,rillegr01
526,Marquese Chriss,23,GSW,PF,2,0,27,0,0,0,9,91,-44.3,-45.5,1,0,1,1,2,0,5,0,1,,chrisma01
527,Nate Darling,22,CHO,SG,7,0,26,27,65,8,0,0,-66.9,-65.2,0,0,0,0,0,1,2,0,0,,darlina01
528,Ray Spalding,23,HOU,C,2,0,19,0,0,0,0,100,-23.7,-15.8,2,1,2,0,1,0,0,0,0,,spaldra01
529,Jaylen Adams,24,MIL,PG,7,0,18,97,3,0,0,0,-38.3,-44.1,0,0,1,0,0,0,5,0,0,,adamsja01
530,Jared Harper,23,NYK,PG,8,0,16,100,0,0,0,0,-5.7,-8.3,3,0,1,0,1,0,3,0,0,,harpeja01
531,Brian Bowen,22,IND,SF,6,0,15,0,24,76,0,0,0.0,0.0,0,0,1,0,1,0,0,1,0,,bowenbr02
532,Jalen Lecque,20,IND,PG,4,0,12,55,45,0,0,0,-19.2,-19.3,0,0,0,0,2,0,5,1,1,,lecquja01
533,Greg Whittington,27,DEN,PF,4,0,12,0,51,49,0,0,32.8,28.1,0,0,0,0,0,0,0,0,0,,whittgr01
534,Noah Vonleh,25,BRK,C,4,0,11,0,0,0,41,59,-76.2,-81.4,0,1,0,1,0,0,3,0,1,,vonleno01
535,Malik Fitts,23,LAC,PF,3,0,11,0,0,64,36,0,-24.0,-30.7,0,0,3,0,0,0,0,0,1,,fittsma01
536,Iman Shumpert,30,BRK,SG,2,0,11,0,0,100,0,0,-0.2,-5.2,1,0,0,0,0,0,0,0,0,,shumpim01
537,Anžejs Pasečņiks,25,WAS,C,1,0,6,0,0,0,0,100,-100.0,-98.3,2,1,0,2,0,0,2,0,0,,pasecan01
538,Ashton Hagans,21,MIN,PG,2,0,4,0,100,0,0,0,-40.0,-34.6,1,0,0,0,0,0,0,0,0,,haganas01
539,Udonis Haslem,40,MIA,C,1,0,3,0,0,0,0,100,66.7,66.7,0,0,0,0,0,1,0,0,0,,hasleud01
540,Will Magnay,22,NOP,C,1,0,3,0,0,0,0,100,-142.9,-142.4,0,1,0,0,0,0,0,0,0,,magnawi01
